{
    "type": "FeatureCollection",
    "features": [
        {
            "type": "Feature",
            "geometry": {
                "type": "Point",
                "coordinates": [
                    -76.9724039,
                    38.8462604,
                    0
                ]
            },
            "properties": {
                "name": "16 calls / 9 locations",
                "styleUrl": "#__managed_style_3A39C702424194EF9204",
                "styleMapHash": {
                    "normal": "#__managed_style_3A39C702424194EF9204_normal",
                    "highlight": "#__managed_style_3A39C702424194EF9204_highlight"
                },
                "description": "<b>500-foot call cluster 1</b><br/>Calls: <b>16</b><br/>Unique matched addresses: <b>9</b><br/><br/><b>Highest-frequency addresses</b><ul><li>3506 22ND ST SE, WASHINGTON, DC, 20020 — 7 calls</li><li>2301 SAVANNAH ST SE, WASHINGTON, DC, 20020 — 2 calls</li><li>3439 23RD ST SE, WASHINGTON, DC, 20020 — 1 call</li><li>3448 23RD ST SE, WASHINGTON, DC, 20020 — 1 call</li><li>3465 24TH ST SE, WASHINGTON, DC, 20020 — 1 call</li><li>3468 22ND ST SE, WASHINGTON, DC, 20020 — 1 call</li></ul><i>Clusters require at least three calls with locations connected within 500 feet.</i>",
                "COL5E3428810B38E742": "16",
                "COL5E3428810B26B725": "9"
            },
            "id": "5E34287FF4000003"
        },
        {
            "type": "Feature",
            "geometry": {
                "type": "Point",
                "coordinates": [
                    -76.9886073,
                    38.8431597,
                    0
                ]
            },
            "properties": {
                "name": "14 calls / 10 locations",
                "styleUrl": "#__managed_style_3A39C702424194EF9204",
                "styleMapHash": {
                    "normal": "#__managed_style_3A39C702424194EF9204_normal",
                    "highlight": "#__managed_style_3A39C702424194EF9204_highlight"
                },
                "description": "<b>500-foot call cluster 2</b><br/>Calls: <b>14</b><br/>Unique matched addresses: <b>10</b><br/><br/><b>Highest-frequency addresses</b><ul><li>1219 ALABAMA AVE SE, WASHINGTON, DC, 20032 — 2 calls</li><li>1224 SAVANNAH ST SE, WASHINGTON, DC, 20032 — 2 calls</li><li>1328 CONGRESS ST SE, WASHINGTON, DC, 20032 — 2 calls</li><li>3324 13TH ST SE, WASHINGTON, DC, 20032 — 2 calls</li><li>1236 SAVANNAH ST SE, WASHINGTON, DC, 20032 — 1 call</li><li>1301 SAVANNAH ST SE, WASHINGTON, DC, 20032 — 1 call</li></ul><i>Clusters require at least three calls with locations connected within 500 feet.</i>",
                "COL5E3428810B38E742": "14",
                "COL5E3428810B26B725": "10"
            },
            "id": "5E34287FF4000004"
        },
        {
            "type": "Feature",
            "geometry": {
                "type": "Point",
                "coordinates": [
                    -76.997216,
                    38.8815567,
                    0
                ]
            },
            "properties": {
                "name": "12 calls / 8 locations",
                "styleUrl": "#__managed_style_3A39C702424194EF9204",
                "styleMapHash": {
                    "normal": "#__managed_style_3A39C702424194EF9204_normal",
                    "highlight": "#__managed_style_3A39C702424194EF9204_highlight"
                },
                "description": "<b>500-foot call cluster 3</b><br/>Calls: <b>12</b><br/>Unique matched addresses: <b>8</b><br/><br/><b>Highest-frequency addresses</b><ul><li>645 E ST SE, WASHINGTON, DC, 20003 — 4 calls</li><li>714 7TH ST SE, WASHINGTON, DC, 20003 — 2 calls</li><li>555L F STREET TER SE, WASHINGTON, DC, 20003 — 1 call</li><li>635 G ST SE, WASHINGTON, DC, 20003 — 1 call</li><li>707 7TH ST SE, WASHINGTON, DC, 20003 — 1 call</li><li>708 6TH ST SE, WASHINGTON, DC, 20003 — 1 call</li></ul><i>Clusters require at least three calls with locations connected within 500 feet.</i>",
                "COL5E3428810B38E742": "12",
                "COL5E3428810B26B725": "8"
            },
            "id": "5E34287FF5000005"
        },
        {
            "type": "Feature",
            "geometry": {
                "type": "Point",
                "coordinates": [
                    -76.9910154,
                    38.8594428,
                    0
                ]
            },
            "properties": {
                "name": "10 calls / 9 locations",
                "styleUrl": "#__managed_style_3A39C702424194EF9204",
                "styleMapHash": {
                    "normal": "#__managed_style_3A39C702424194EF9204_normal",
                    "highlight": "#__managed_style_3A39C702424194EF9204_highlight"
                },
                "description": "<b>500-foot call cluster 4</b><br/>Calls: <b>10</b><br/>Unique matched addresses: <b>9</b><br/><br/><b>Highest-frequency addresses</b><ul><li>2613 DOUGLAS RD SE, WASHINGTON, DC, 20020 — 2 calls</li><li>1322 DEXTER TER SE, WASHINGTON, DC, 20020 — 1 call</li><li>1336 TALBERT TER SE, WASHINGTON, DC, 20020 — 1 call</li><li>1362 MORRIS RD SE, WASHINGTON, DC, 20020 — 1 call</li><li>2607 BOWEN RD SE, WASHINGTON, DC, 20020 — 1 call</li><li>2611 BOWEN RD SE, WASHINGTON, DC, 20020 — 1 call</li></ul><i>Clusters require at least three calls with locations connected within 500 feet.</i>",
                "COL5E3428810B38E742": "10",
                "COL5E3428810B26B725": "9"
            },
            "id": "5E34287FF5000006"
        },
        {
            "type": "Feature",
            "geometry": {
                "type": "Point",
                "coordinates": [
                    -76.9987894,
                    38.8251645,
                    0
                ]
            },
            "properties": {
                "name": "10 calls / 8 locations",
                "styleUrl": "#__managed_style_3A39C702424194EF9204",
                "styleMapHash": {
                    "normal": "#__managed_style_3A39C702424194EF9204_normal",
                    "highlight": "#__managed_style_3A39C702424194EF9204_highlight"
                },
                "description": "<b>500-foot call cluster 5</b><br/>Calls: <b>10</b><br/>Unique matched addresses: <b>8</b><br/><br/><b>Highest-frequency addresses</b><ul><li>601 FORRESTER ST SE, WASHINGTON, DC, 20032 — 2 calls</li><li>614 SOUTHERN AVE SE, WASHINGTON, DC, 20032 — 2 calls</li><li>319 LIVINGSTON TER SE, WASHINGTON, DC, 20032 — 1 call</li><li>4254 4TH ST SE, WASHINGTON, DC, 20032 — 1 call</li><li>600 FORRESTER ST SE, WASHINGTON, DC, 20032 — 1 call</li><li>608 ELMIRA ST SE, WASHINGTON, DC, 20032 — 1 call</li></ul><i>Clusters require at least three calls with locations connected within 500 feet.</i>",
                "COL5E3428810B38E742": "10",
                "COL5E3428810B26B725": "8"
            },
            "id": "5E34287FF5000007"
        },
        {
            "type": "Feature",
            "geometry": {
                "type": "Point",
                "coordinates": [
                    -77.0101345,
                    38.8255203,
                    0
                ]
            },
            "properties": {
                "name": "10 calls / 7 locations",
                "styleUrl": "#__managed_style_3A39C702424194EF9204",
                "styleMapHash": {
                    "normal": "#__managed_style_3A39C702424194EF9204_normal",
                    "highlight": "#__managed_style_3A39C702424194EF9204_highlight"
                },
                "description": "<b>500-foot call cluster 6</b><br/>Calls: <b>10</b><br/>Unique matched addresses: <b>7</b><br/><br/><b>Highest-frequency addresses</b><ul><li>146 ELMIRA ST SW, WASHINGTON, DC, 20032 — 2 calls</li><li>70 FORRESTER ST SW, WASHINGTON, DC, 20032 — 2 calls</li><li>76 FORRESTER ST SW, WASHINGTON, DC, 20032 — 2 calls</li><li>100 FORRESTER ST SW, WASHINGTON, DC, 20032 — 1 call</li><li>107 FORRESTER ST SW, WASHINGTON, DC, 20032 — 1 call</li><li>125 FORRESTER ST SW, WASHINGTON, DC, 20032 — 1 call</li></ul><i>Clusters require at least three calls with locations connected within 500 feet.</i>",
                "COL5E3428810B38E742": "10",
                "COL5E3428810B26B725": "7"
            },
            "id": "5E34287FF5000008"
        },
        {
            "type": "Feature",
            "geometry": {
                "type": "Point",
                "coordinates": [
                    -77.0321827,
                    38.9269357,
                    0
                ]
            },
            "properties": {
                "name": "10 calls / 6 locations",
                "styleUrl": "#__managed_style_3A39C702424194EF9204",
                "styleMapHash": {
                    "normal": "#__managed_style_3A39C702424194EF9204_normal",
                    "highlight": "#__managed_style_3A39C702424194EF9204_highlight"
                },
                "description": "<b>500-foot call cluster 7</b><br/>Calls: <b>10</b><br/>Unique matched addresses: <b>6</b><br/><br/><b>Highest-frequency addresses</b><ul><li>3023 14TH ST NW, WASHINGTON, DC, 20009 — 4 calls</li><li>2900 14TH ST NW, WASHINGTON, DC, 20009 — 2 calls</li><li>1346 GIRARD ST NW, WASHINGTON, DC, 20009 — 1 call</li><li>1358 IRVING ST NW, WASHINGTON, DC, 20010 — 1 call</li><li>1401 FAIRMONT ST NW, WASHINGTON, DC, 20009 — 1 call</li><li>2801 14TH ST NW, WASHINGTON, DC, 20009 — 1 call</li></ul><i>Clusters require at least three calls with locations connected within 500 feet.</i>",
                "COL5E3428810B38E742": "10",
                "COL5E3428810B26B725": "6"
            },
            "id": "5E34287FF5000009"
        },
        {
            "type": "Feature",
            "geometry": {
                "type": "Point",
                "coordinates": [
                    -76.9899733,
                    38.8361823,
                    0
                ]
            },
            "properties": {
                "name": "10 calls / 3 locations",
                "styleUrl": "#__managed_style_3A39C702424194EF9204",
                "styleMapHash": {
                    "normal": "#__managed_style_3A39C702424194EF9204_normal",
                    "highlight": "#__managed_style_3A39C702424194EF9204_highlight"
                },
                "description": "<b>500-foot call cluster 8</b><br/>Calls: <b>10</b><br/>Unique matched addresses: <b>3</b><br/><br/><b>Highest-frequency addresses</b><ul><li>1102 VARNEY ST SE, WASHINGTON, DC, 20032 — 6 calls</li><li>1108 VARNEY ST SE, WASHINGTON, DC, 20032 — 2 calls</li><li>929 BLAKNEY LN SE, WASHINGTON, DC, 20032 — 2 calls</li></ul><i>Clusters require at least three calls with locations connected within 500 feet.</i>",
                "COL5E3428810B38E742": "10",
                "COL5E3428810B26B725": "3"
            },
            "id": "5E34287FF500000A"
        },
        {
            "type": "Feature",
            "geometry": {
                "type": "Point",
                "coordinates": [
                    -76.9682426,
                    38.8557693,
                    0
                ]
            },
            "properties": {
                "name": "9 calls / 8 locations",
                "styleUrl": "#__managed_style_41D4C2456A4194EF9204",
                "styleMapHash": {
                    "normal": "#__managed_style_41D4C2456A4194EF9204_normal",
                    "highlight": "#__managed_style_41D4C2456A4194EF9204_highlight"
                },
                "description": "<b>500-foot call cluster 9</b><br/>Calls: <b>9</b><br/>Unique matched addresses: <b>8</b><br/><br/><b>Highest-frequency addresses</b><ul><li>2837 28TH ST SE, WASHINGTON, DC, 20020 — 2 calls</li><li>2800 BUENA VISTA TER SE, WASHINGTON, DC, 20020 — 1 call</li><li>2819 GAINESVILLE ST SE, WASHINGTON, DC, 20020 — 1 call</li><li>2825 28TH ST SE, WASHINGTON, DC, 20020 — 1 call</li><li>2834 BUENA VISTA TER SE, WASHINGTON, DC, 20020 — 1 call</li><li>2838 HARTFORD ST SE, WASHINGTON, DC, 20020 — 1 call</li></ul><i>Clusters require at least three calls with locations connected within 500 feet.</i>",
                "COL5E3428810B38E742": "9",
                "COL5E3428810B26B725": "8"
            },
            "id": "5E34287FF500000B"
        },
        {
            "type": "Feature",
            "geometry": {
                "type": "Point",
                "coordinates": [
                    -76.9229288,
                    38.8848564,
                    0
                ]
            },
            "properties": {
                "name": "9 calls / 7 locations",
                "styleUrl": "#__managed_style_41D4C2456A4194EF9204",
                "styleMapHash": {
                    "normal": "#__managed_style_41D4C2456A4194EF9204_normal",
                    "highlight": "#__managed_style_41D4C2456A4194EF9204_highlight"
                },
                "description": "<b>500-foot call cluster 10</b><br/>Calls: <b>9</b><br/>Unique matched addresses: <b>7</b><br/><br/><b>Highest-frequency addresses</b><ul><li>5447 BASS PL SE, WASHINGTON, DC, 20019 — 2 calls</li><li>5448 B ST SE, WASHINGTON, DC, 20019 — 2 calls</li><li>5408 D ST SE, WASHINGTON, DC, 20019 — 1 call</li><li>5411 C ST SE, WASHINGTON, DC, 20019 — 1 call</li><li>5435 BASS PL SE, WASHINGTON, DC, 20019 — 1 call</li><li>5446 B ST SE, WASHINGTON, DC, 20019 — 1 call</li></ul><i>Clusters require at least three calls with locations connected within 500 feet.</i>",
                "COL5E3428810B38E742": "9",
                "COL5E3428810B26B725": "7"
            },
            "id": "5E34287FF500000C"
        },
        {
            "type": "Feature",
            "geometry": {
                "type": "Point",
                "coordinates": [
                    -76.9742853,
                    38.8733759,
                    0
                ]
            },
            "properties": {
                "name": "9 calls / 5 locations",
                "styleUrl": "#__managed_style_41D4C2456A4194EF9204",
                "styleMapHash": {
                    "normal": "#__managed_style_41D4C2456A4194EF9204_normal",
                    "highlight": "#__managed_style_41D4C2456A4194EF9204_highlight"
                },
                "description": "<b>500-foot call cluster 11</b><br/>Calls: <b>9</b><br/>Unique matched addresses: <b>5</b><br/><br/><b>Highest-frequency addresses</b><ul><li>2242 NICHOLSON ST SE, WASHINGTON, DC, 20020 — 4 calls</li><li>2310 NICHOLSON ST SE, WASHINGTON, DC, 20020 — 2 calls</li><li>1433 22ND ST SE, WASHINGTON, DC, 20020 — 1 call</li><li>1936 NAYLOR RD SE, WASHINGTON, DC, 20020 — 1 call</li><li>2316 MINNESOTA AVE SE, WASHINGTON, DC, 20020 — 1 call</li></ul><i>Clusters require at least three calls with locations connected within 500 feet.</i>",
                "COL5E3428810B38E742": "9",
                "COL5E3428810B26B725": "5"
            },
            "id": "5E34287FF500000D"
        },
        {
            "type": "Feature",
            "geometry": {
                "type": "Point",
                "coordinates": [
                    -76.9682673,
                    38.8691487,
                    0
                ]
            },
            "properties": {
                "name": "9 calls / 4 locations",
                "styleUrl": "#__managed_style_41D4C2456A4194EF9204",
                "styleMapHash": {
                    "normal": "#__managed_style_41D4C2456A4194EF9204_normal",
                    "highlight": "#__managed_style_41D4C2456A4194EF9204_highlight"
                },
                "description": "<b>500-foot call cluster 12</b><br/>Calls: <b>9</b><br/>Unique matched addresses: <b>4</b><br/><br/><b>Highest-frequency addresses</b><ul><li>1716 28TH ST SE, WASHINGTON, DC, 20020 — 3 calls</li><li>1728 27TH ST SE, WASHINGTON, DC, 20020 — 3 calls</li><li>1727 28TH ST SE, WASHINGTON, DC, 20020 — 2 calls</li><li>1724 27TH ST SE, WASHINGTON, DC, 20020 — 1 call</li></ul><i>Clusters require at least three calls with locations connected within 500 feet.</i>",
                "COL5E3428810B38E742": "9",
                "COL5E3428810B26B725": "4"
            },
            "id": "5E34287FF500000E"
        },
        {
            "type": "Feature",
            "geometry": {
                "type": "Point",
                "coordinates": [
                    -76.9274607,
                    38.8984773,
                    0
                ]
            },
            "properties": {
                "name": "8 calls / 4 locations",
                "styleUrl": "#__managed_style_41D4C2456A4194EF9204",
                "styleMapHash": {
                    "normal": "#__managed_style_41D4C2456A4194EF9204_normal",
                    "highlight": "#__managed_style_41D4C2456A4194EF9204_highlight"
                },
                "description": "<b>500-foot call cluster 13</b><br/>Calls: <b>8</b><br/>Unique matched addresses: <b>4</b><br/><br/><b>Highest-frequency addresses</b><ul><li>51ST ST NE &amp; NANNIE HELEN BURROUGHS AVE NE, WASHINGTON, DC, 20019 — 3 calls</li><li>730 51ST ST NE, WASHINGTON, DC, 20019 — 3 calls</li><li>5110 NANNIE HELEN BURROUGHS AVE NE, WASHINGTON, DC, 20019 — 1 call</li><li>NANNIE HELEN BURROUGHS AVE NE &amp; 51ST ST NE, WASHINGTON, DC, 20019 — 1 call</li></ul><i>Clusters require at least three calls with locations connected within 500 feet.</i>",
                "COL5E3428810B38E742": "8",
                "COL5E3428810B26B725": "4"
            },
            "id": "5E34287FF500000F"
        },
        {
            "type": "Feature",
            "geometry": {
                "type": "Point",
                "coordinates": [
                    -77.0389978,
                    38.9885686,
                    0
                ]
            },
            "properties": {
                "name": "8 calls / 3 locations",
                "styleUrl": "#__managed_style_41D4C2456A4194EF9204",
                "styleMapHash": {
                    "normal": "#__managed_style_41D4C2456A4194EF9204_normal",
                    "highlight": "#__managed_style_41D4C2456A4194EF9204_highlight"
                },
                "description": "<b>500-foot call cluster 14</b><br/>Calls: <b>8</b><br/>Unique matched addresses: <b>3</b><br/><br/><b>Highest-frequency addresses</b><ul><li>1671 PRIMROSE RD NW, WASHINGTON, DC, 20012 — 6 calls</li><li>1617 PRIMROSE RD NW, WASHINGTON, DC, 20012 — 1 call</li><li>7914 ORCHID ST NW, WASHINGTON, DC, 20012 — 1 call</li></ul><i>Clusters require at least three calls with locations connected within 500 feet.</i>",
                "COL5E3428810B38E742": "8",
                "COL5E3428810B26B725": "3"
            },
            "id": "5E34287FF5000010"
        },
        {
            "type": "Feature",
            "geometry": {
                "type": "Point",
                "coordinates": [
                    -76.9460675,
                    38.9009664,
                    0
                ]
            },
            "properties": {
                "name": "8 calls / 2 locations",
                "styleUrl": "#__managed_style_41D4C2456A4194EF9204",
                "styleMapHash": {
                    "normal": "#__managed_style_41D4C2456A4194EF9204_normal",
                    "highlight": "#__managed_style_41D4C2456A4194EF9204_highlight"
                },
                "description": "<b>500-foot call cluster 15</b><br/>Calls: <b>8</b><br/>Unique matched addresses: <b>2</b><br/><br/><b>Highest-frequency addresses</b><ul><li>800 KENILWORTH AVE NE, WASHINGTON, DC, 20019 — 7 calls</li><li>774 KENILWORTH TER NE, WASHINGTON, DC, 20019 — 1 call</li></ul><i>Clusters require at least three calls with locations connected within 500 feet.</i>",
                "COL5E3428810B38E742": "8",
                "COL5E3428810B26B725": "2"
            },
            "id": "5E34287FF5000011"
        },
        {
            "type": "Feature",
            "geometry": {
                "type": "Point",
                "coordinates": [
                    -77.0322023,
                    38.9858877,
                    0
                ]
            },
            "properties": {
                "name": "7 calls / 5 locations",
                "styleUrl": "#__managed_style_41D4C2456A4194EF9204",
                "styleMapHash": {
                    "normal": "#__managed_style_41D4C2456A4194EF9204_normal",
                    "highlight": "#__managed_style_41D4C2456A4194EF9204_highlight"
                },
                "description": "<b>500-foot call cluster 16</b><br/>Calls: <b>7</b><br/>Unique matched addresses: <b>5</b><br/><br/><b>Highest-frequency addresses</b><ul><li>1371 LOCUST RD NW, WASHINGTON, DC, 20012 — 3 calls</li><li>1320 LEEGATE RD NW, WASHINGTON, DC, 20012 — 1 call</li><li>1346 LEEGATE RD NW, WASHINGTON, DC, 20012 — 1 call</li><li>1373 LOCUST RD NW, WASHINGTON, DC, 20012 — 1 call</li><li>1375 LOCUST RD NW, WASHINGTON, DC, 20012 — 1 call</li></ul><i>Clusters require at least three calls with locations connected within 500 feet.</i>",
                "COL5E3428810B38E742": "7",
                "COL5E3428810B26B725": "5"
            },
            "id": "5E34287FF5000012"
        },
        {
            "type": "Feature",
            "geometry": {
                "type": "Point",
                "coordinates": [
                    -76.9732597,
                    38.8504492,
                    0
                ]
            },
            "properties": {
                "name": "7 calls / 5 locations",
                "styleUrl": "#__managed_style_41D4C2456A4194EF9204",
                "styleMapHash": {
                    "normal": "#__managed_style_41D4C2456A4194EF9204_normal",
                    "highlight": "#__managed_style_41D4C2456A4194EF9204_highlight"
                },
                "description": "<b>500-foot call cluster 17</b><br/>Calls: <b>7</b><br/>Unique matched addresses: <b>5</b><br/><br/><b>Highest-frequency addresses</b><ul><li>3225 23RD ST SE, WASHINGTON, DC, 20020 — 3 calls</li><li>2225 SAVANNAH TER SE, WASHINGTON, DC, 20020 — 1 call</li><li>2234 SAVANNAH TER SE, WASHINGTON, DC, 20020 — 1 call</li><li>23RD ST SE &amp; ALABAMA AVE SE, WASHINGTON, DC, 20020 — 1 call</li><li>3245 23RD ST SE, WASHINGTON, DC, 20020 — 1 call</li></ul><i>Clusters require at least three calls with locations connected within 500 feet.</i>",
                "COL5E3428810B38E742": "7",
                "COL5E3428810B26B725": "5"
            },
            "id": "5E34287FF5000013"
        },
        {
            "type": "Feature",
            "geometry": {
                "type": "Point",
                "coordinates": [
                    -76.9526099,
                    38.8635037,
                    0
                ]
            },
            "properties": {
                "name": "7 calls / 4 locations",
                "styleUrl": "#__managed_style_41D4C2456A4194EF9204",
                "styleMapHash": {
                    "normal": "#__managed_style_41D4C2456A4194EF9204_normal",
                    "highlight": "#__managed_style_41D4C2456A4194EF9204_highlight"
                },
                "description": "<b>500-foot call cluster 18</b><br/>Calls: <b>7</b><br/>Unique matched addresses: <b>4</b><br/><br/><b>Highest-frequency addresses</b><ul><li>3823 W ST SE, WASHINGTON, DC, 20020 — 4 calls</li><li>2022 37TH ST SE, WASHINGTON, DC, 20020 — 1 call</li><li>2035 38TH ST SE, WASHINGTON, DC, 20020 — 1 call</li><li>3660 ALABAMA AVE SE, WASHINGTON, DC, 20020 — 1 call</li></ul><i>Clusters require at least three calls with locations connected within 500 feet.</i>",
                "COL5E3428810B38E742": "7",
                "COL5E3428810B26B725": "4"
            },
            "id": "5E34287FF5000014"
        },
        {
            "type": "Feature",
            "geometry": {
                "type": "Point",
                "coordinates": [
                    -76.9509816,
                    38.8849518,
                    0
                ]
            },
            "properties": {
                "name": "7 calls / 3 locations",
                "styleUrl": "#__managed_style_41D4C2456A4194EF9204",
                "styleMapHash": {
                    "normal": "#__managed_style_41D4C2456A4194EF9204_normal",
                    "highlight": "#__managed_style_41D4C2456A4194EF9204_highlight"
                },
                "description": "<b>500-foot call cluster 19</b><br/>Calls: <b>7</b><br/>Unique matched addresses: <b>3</b><br/><br/><b>Highest-frequency addresses</b><ul><li>268 37TH PL SE, WASHINGTON, DC, 20019 — 3 calls</li><li>270 37TH PL SE, WASHINGTON, DC, 20019 — 3 calls</li><li>403 37TH PL SE, WASHINGTON, DC, 20019 — 1 call</li></ul><i>Clusters require at least three calls with locations connected within 500 feet.</i>",
                "COL5E3428810B38E742": "7",
                "COL5E3428810B26B725": "3"
            },
            "id": "5E34287FF5000015"
        },
        {
            "type": "Feature",
            "geometry": {
                "type": "Point",
                "coordinates": [
                    -77.0068284,
                    38.8274521,
                    0
                ]
            },
            "properties": {
                "name": "6 calls / 4 locations",
                "styleUrl": "#__managed_style_41D4C2456A4194EF9204",
                "styleMapHash": {
                    "normal": "#__managed_style_41D4C2456A4194EF9204_normal",
                    "highlight": "#__managed_style_41D4C2456A4194EF9204_highlight"
                },
                "description": "<b>500-foot call cluster 20</b><br/>Calls: <b>6</b><br/>Unique matched addresses: <b>4</b><br/><br/><b>Highest-frequency addresses</b><ul><li>4308 HALLEY TER SE, WASHINGTON, DC, 20032 — 2 calls</li><li>4342 HALLEY TER SE, WASHINGTON, DC, 20032 — 2 calls</li><li>4301 S CAPITOL ST SW, WASHINGTON, DC, 20032 — 1 call</li><li>4302 HALLEY TER SE, WASHINGTON, DC, 20032 — 1 call</li></ul><i>Clusters require at least three calls with locations connected within 500 feet.</i>",
                "COL5E3428810B38E742": "6",
                "COL5E3428810B26B725": "4"
            },
            "id": "5E34287FF5000016"
        },
        {
            "type": "Feature",
            "geometry": {
                "type": "Point",
                "coordinates": [
                    -77.0025086,
                    38.917595,
                    0
                ]
            },
            "properties": {
                "name": "6 calls / 4 locations",
                "styleUrl": "#__managed_style_41D4C2456A4194EF9204",
                "styleMapHash": {
                    "normal": "#__managed_style_41D4C2456A4194EF9204_normal",
                    "highlight": "#__managed_style_41D4C2456A4194EF9204_highlight"
                },
                "description": "<b>500-foot call cluster 21</b><br/>Calls: <b>6</b><br/>Unique matched addresses: <b>4</b><br/><br/><b>Highest-frequency addresses</b><ul><li>2020 3RD ST NE, WASHINGTON, DC, 20002 — 3 calls</li><li>2019 2ND ST NE, WASHINGTON, DC, 20002 — 1 call</li><li>2022 3RD ST NE, WASHINGTON, DC, 20002 — 1 call</li><li>219 V ST NE, WASHINGTON, DC, 20002 — 1 call</li></ul><i>Clusters require at least three calls with locations connected within 500 feet.</i>",
                "COL5E3428810B38E742": "6",
                "COL5E3428810B26B725": "4"
            },
            "id": "5E34287FF5000017"
        },
        {
            "type": "Feature",
            "geometry": {
                "type": "Point",
                "coordinates": [
                    -77.056477,
                    38.928077,
                    0
                ]
            },
            "properties": {
                "name": "6 calls / 4 locations",
                "styleUrl": "#__managed_style_41D4C2456A4194EF9204",
                "styleMapHash": {
                    "normal": "#__managed_style_41D4C2456A4194EF9204_normal",
                    "highlight": "#__managed_style_41D4C2456A4194EF9204_highlight"
                },
                "description": "<b>500-foot call cluster 22</b><br/>Calls: <b>6</b><br/>Unique matched addresses: <b>4</b><br/><br/><b>Highest-frequency addresses</b><ul><li>2825 28TH ST NW, WASHINGTON, DC, 20008 — 3 calls</li><li>2835 28TH ST NW, WASHINGTON, DC, 20008 — 1 call</li><li>2915 28TH ST NW, WASHINGTON, DC, 20008 — 1 call</li><li>2928 28TH ST NW, WASHINGTON, DC, 20008 — 1 call</li></ul><i>Clusters require at least three calls with locations connected within 500 feet.</i>",
                "COL5E3428810B38E742": "6",
                "COL5E3428810B26B725": "4"
            },
            "id": "5E34287FF5000018"
        },
        {
            "type": "Feature",
            "geometry": {
                "type": "Point",
                "coordinates": [
                    -76.9695221,
                    38.8520102,
                    0
                ]
            },
            "properties": {
                "name": "6 calls / 4 locations",
                "styleUrl": "#__managed_style_41D4C2456A4194EF9204",
                "styleMapHash": {
                    "normal": "#__managed_style_41D4C2456A4194EF9204_normal",
                    "highlight": "#__managed_style_41D4C2456A4194EF9204_highlight"
                },
                "description": "<b>500-foot call cluster 23</b><br/>Calls: <b>6</b><br/>Unique matched addresses: <b>4</b><br/><br/><b>Highest-frequency addresses</b><ul><li>2625 JASPER ST SE, WASHINGTON, DC, 20020 — 3 calls</li><li>2618 JASPER ST SE, WASHINGTON, DC, 20020 — 1 call</li><li>2719 JASPER ST SE, WASHINGTON, DC, 20020 — 1 call</li><li>2727 JASPER ST SE, WASHINGTON, DC, 20020 — 1 call</li></ul><i>Clusters require at least three calls with locations connected within 500 feet.</i>",
                "COL5E3428810B38E742": "6",
                "COL5E3428810B26B725": "4"
            },
            "id": "5E34287FF5000019"
        },
        {
            "type": "Feature",
            "geometry": {
                "type": "Point",
                "coordinates": [
                    -76.9277261,
                    38.8841644,
                    0
                ]
            },
            "properties": {
                "name": "6 calls / 3 locations",
                "styleUrl": "#__managed_style_41D4C2456A4194EF9204",
                "styleMapHash": {
                    "normal": "#__managed_style_41D4C2456A4194EF9204_normal",
                    "highlight": "#__managed_style_41D4C2456A4194EF9204_highlight"
                },
                "description": "<b>500-foot call cluster 24</b><br/>Calls: <b>6</b><br/>Unique matched addresses: <b>3</b><br/><br/><b>Highest-frequency addresses</b><ul><li>5112 CALL PL SE, WASHINGTON, DC, 20019 — 3 calls</li><li>5216 CALL PL SE, WASHINGTON, DC, 20019 — 2 calls</li><li>5260 D ST SE, WASHINGTON, DC, 20019 — 1 call</li></ul><i>Clusters require at least three calls with locations connected within 500 feet.</i>",
                "COL5E3428810B38E742": "6",
                "COL5E3428810B26B725": "3"
            },
            "id": "5E34287FF500001A"
        },
        {
            "type": "Feature",
            "geometry": {
                "type": "Point",
                "coordinates": [
                    -76.9954819,
                    38.8562113,
                    0
                ]
            },
            "properties": {
                "name": "6 calls / 3 locations",
                "styleUrl": "#__managed_style_41D4C2456A4194EF9204",
                "styleMapHash": {
                    "normal": "#__managed_style_41D4C2456A4194EF9204_normal",
                    "highlight": "#__managed_style_41D4C2456A4194EF9204_highlight"
                },
                "description": "<b>500-foot call cluster 25</b><br/>Calls: <b>6</b><br/>Unique matched addresses: <b>3</b><br/><br/><b>Highest-frequency addresses</b><ul><li>2811 POMEROY RD SE, WASHINGTON, DC, 20020 — 3 calls</li><li>M L KING JR AVE SE &amp; POMEROY RD SE, WASHINGTON, DC, 20020 — 2 calls</li><li>2900 POMEROY RD SE, WASHINGTON, DC, 20020 — 1 call</li></ul><i>Clusters require at least three calls with locations connected within 500 feet.</i>",
                "COL5E3428810B38E742": "6",
                "COL5E3428810B26B725": "3"
            },
            "id": "5E34287FF500001B"
        },
        {
            "type": "Feature",
            "geometry": {
                "type": "Point",
                "coordinates": [
                    -76.9657174,
                    38.8684957,
                    0
                ]
            },
            "properties": {
                "name": "6 calls / 3 locations",
                "styleUrl": "#__managed_style_41D4C2456A4194EF9204",
                "styleMapHash": {
                    "normal": "#__managed_style_41D4C2456A4194EF9204_normal",
                    "highlight": "#__managed_style_41D4C2456A4194EF9204_highlight"
                },
                "description": "<b>500-foot call cluster 26</b><br/>Calls: <b>6</b><br/>Unique matched addresses: <b>3</b><br/><br/><b>Highest-frequency addresses</b><ul><li>1810 29TH ST SE, WASHINGTON, DC, 20020 — 2 calls</li><li>2901 S ST SE, WASHINGTON, DC, 20020 — 2 calls</li><li>2902 S ST SE, WASHINGTON, DC, 20020 — 2 calls</li></ul><i>Clusters require at least three calls with locations connected within 500 feet.</i>",
                "COL5E3428810B38E742": "6",
                "COL5E3428810B26B725": "3"
            },
            "id": "5E34287FF500001C"
        },
        {
            "type": "Feature",
            "geometry": {
                "type": "Point",
                "coordinates": [
                    -77.0312641,
                    38.9372487,
                    0
                ]
            },
            "properties": {
                "name": "6 calls / 3 locations",
                "styleUrl": "#__managed_style_41D4C2456A4194EF9204",
                "styleMapHash": {
                    "normal": "#__managed_style_41D4C2456A4194EF9204_normal",
                    "highlight": "#__managed_style_41D4C2456A4194EF9204_highlight"
                },
                "description": "<b>500-foot call cluster 27</b><br/>Calls: <b>6</b><br/>Unique matched addresses: <b>3</b><br/><br/><b>Highest-frequency addresses</b><ul><li>1338 QUINCY ST NW, WASHINGTON, DC, 20011 — 2 calls</li><li>1340 QUINCY ST NW, WASHINGTON, DC, 20011 — 2 calls</li><li>1348 SPRING RD NW, WASHINGTON, DC, 20010 — 2 calls</li></ul><i>Clusters require at least three calls with locations connected within 500 feet.</i>",
                "COL5E3428810B38E742": "6",
                "COL5E3428810B26B725": "3"
            },
            "id": "5E34287FF500001D"
        },
        {
            "type": "Feature",
            "geometry": {
                "type": "Point",
                "coordinates": [
                    -76.9770231,
                    38.8970211,
                    0
                ]
            },
            "properties": {
                "name": "6 calls / 3 locations",
                "styleUrl": "#__managed_style_41D4C2456A4194EF9204",
                "styleMapHash": {
                    "normal": "#__managed_style_41D4C2456A4194EF9204_normal",
                    "highlight": "#__managed_style_41D4C2456A4194EF9204_highlight"
                },
                "description": "<b>500-foot call cluster 28</b><br/>Calls: <b>6</b><br/>Unique matched addresses: <b>3</b><br/><br/><b>Highest-frequency addresses</b><ul><li>1918 ROSEDALE ST NE, WASHINGTON, DC, 20002 — 3 calls</li><li>1900 ROSEDALE ST NE, WASHINGTON, DC, 20002 — 2 calls</li><li>1813 GALES ST NE, WASHINGTON, DC, 20002 — 1 call</li></ul><i>Clusters require at least three calls with locations connected within 500 feet.</i>",
                "COL5E3428810B38E742": "6",
                "COL5E3428810B26B725": "3"
            },
            "id": "5E34287FF500001E"
        },
        {
            "type": "Feature",
            "geometry": {
                "type": "Point",
                "coordinates": [
                    -76.9922698,
                    38.8313646,
                    0
                ]
            },
            "properties": {
                "name": "6 calls / 2 locations",
                "styleUrl": "#__managed_style_41D4C2456A4194EF9204",
                "styleMapHash": {
                    "normal": "#__managed_style_41D4C2456A4194EF9204_normal",
                    "highlight": "#__managed_style_41D4C2456A4194EF9204_highlight"
                },
                "description": "<b>500-foot call cluster 29</b><br/>Calls: <b>6</b><br/>Unique matched addresses: <b>2</b><br/><br/><b>Highest-frequency addresses</b><ul><li>828 BARNABY ST SE, WASHINGTON, DC, 20032 — 5 calls</li><li>832 BARNABY ST SE, WASHINGTON, DC, 20032 — 1 call</li></ul><i>Clusters require at least three calls with locations connected within 500 feet.</i>",
                "COL5E3428810B38E742": "6",
                "COL5E3428810B26B725": "2"
            },
            "id": "5E34287FF500001F"
        },
        {
            "type": "Feature",
            "geometry": {
                "type": "Point",
                "coordinates": [
                    -76.9720866,
                    38.9149665,
                    0
                ]
            },
            "properties": {
                "name": "6 calls / 1 locations",
                "styleUrl": "#__managed_style_41D4C2456A4194EF9204",
                "styleMapHash": {
                    "normal": "#__managed_style_41D4C2456A4194EF9204_normal",
                    "highlight": "#__managed_style_41D4C2456A4194EF9204_highlight"
                },
                "description": "<b>500-foot call cluster 30</b><br/>Calls: <b>6</b><br/>Unique matched addresses: <b>1</b><br/><br/><b>Highest-frequency addresses</b><ul><li>1851 24TH ST NE, WASHINGTON, DC, 20002 — 6 calls</li></ul><i>Clusters require at least three calls with locations connected within 500 feet.</i>",
                "COL5E3428810B38E742": "6",
                "COL5E3428810B26B725": "1"
            },
            "id": "5E34287FF5000020"
        },
        {
            "type": "Feature",
            "geometry": {
                "type": "Point",
                "coordinates": [
                    -77.0004868,
                    38.9407995,
                    0
                ]
            },
            "properties": {
                "name": "5 calls / 5 locations",
                "styleUrl": "#__managed_style_1EEA0EE6144194EF9204",
                "styleMapHash": {
                    "normal": "#__managed_style_1EEA0EE6144194EF9204_normal",
                    "highlight": "#__managed_style_1EEA0EE6144194EF9204_highlight"
                },
                "description": "<b>500-foot call cluster 31</b><br/>Calls: <b>5</b><br/>Unique matched addresses: <b>5</b><br/><br/><b>Highest-frequency addresses</b><ul><li>380 TAYLOR ST NE, WASHINGTON, DC, 20017 — 1 call</li><li>400 TAYLOR ST NE, WASHINGTON, DC, 20017 — 1 call</li><li>430 TAYLOR ST NE, WASHINGTON, DC, 20017 — 1 call</li><li>440 TAYLOR ST NE, WASHINGTON, DC, 20017 — 1 call</li><li>490 TAYLOR ST NE, WASHINGTON, DC, 20017 — 1 call</li></ul><i>Clusters require at least three calls with locations connected within 500 feet.</i>",
                "COL5E3428810B38E742": "5",
                "COL5E3428810B26B725": "5"
            },
            "id": "5E34287FF5000021"
        },
        {
            "type": "Feature",
            "geometry": {
                "type": "Point",
                "coordinates": [
                    -76.9807141,
                    38.8629606,
                    0
                ]
            },
            "properties": {
                "name": "5 calls / 4 locations",
                "styleUrl": "#__managed_style_1EEA0EE6144194EF9204",
                "styleMapHash": {
                    "normal": "#__managed_style_1EEA0EE6144194EF9204_normal",
                    "highlight": "#__managed_style_1EEA0EE6144194EF9204_highlight"
                },
                "description": "<b>500-foot call cluster 32</b><br/>Calls: <b>5</b><br/>Unique matched addresses: <b>4</b><br/><br/><b>Highest-frequency addresses</b><ul><li>1728 W ST SE, WASHINGTON, DC, 20020 — 2 calls</li><li>1649 W ST SE, WASHINGTON, DC, 20020 — 1 call</li><li>1656 W ST SE, WASHINGTON, DC, 20020 — 1 call</li><li>1734 GALEN ST SE, WASHINGTON, DC, 20020 — 1 call</li></ul><i>Clusters require at least three calls with locations connected within 500 feet.</i>",
                "COL5E3428810B38E742": "5",
                "COL5E3428810B26B725": "4"
            },
            "id": "5E34287FF5000022"
        },
        {
            "type": "Feature",
            "geometry": {
                "type": "Point",
                "coordinates": [
                    -76.9102838,
                    38.8923803,
                    0
                ]
            },
            "properties": {
                "name": "5 calls / 4 locations",
                "styleUrl": "#__managed_style_1EEA0EE6144194EF9204",
                "styleMapHash": {
                    "normal": "#__managed_style_1EEA0EE6144194EF9204_normal",
                    "highlight": "#__managed_style_1EEA0EE6144194EF9204_highlight"
                },
                "description": "<b>500-foot call cluster 33</b><br/>Calls: <b>5</b><br/>Unique matched addresses: <b>4</b><br/><br/><b>Highest-frequency addresses</b><ul><li>6342 SOUTHERN AVE NE, WASHINGTON, DC, 20019 — 2 calls</li><li>223 63RD ST NE, WASHINGTON, DC, 20019 — 1 call</li><li>6340 SOUTHERN AVE NE, WASHINGTON, DC, 20019 — 1 call</li><li>6370 SOUTHERN AVE NE, WASHINGTON, DC, 20019 — 1 call</li></ul><i>Clusters require at least three calls with locations connected within 500 feet.</i>",
                "COL5E3428810B38E742": "5",
                "COL5E3428810B26B725": "4"
            },
            "id": "5E34287FF5000023"
        },
        {
            "type": "Feature",
            "geometry": {
                "type": "Point",
                "coordinates": [
                    -76.9547839,
                    38.8700204,
                    0
                ]
            },
            "properties": {
                "name": "5 calls / 2 locations",
                "styleUrl": "#__managed_style_1EEA0EE6144194EF9204",
                "styleMapHash": {
                    "normal": "#__managed_style_1EEA0EE6144194EF9204_normal",
                    "highlight": "#__managed_style_1EEA0EE6144194EF9204_highlight"
                },
                "description": "<b>500-foot call cluster 34</b><br/>Calls: <b>5</b><br/>Unique matched addresses: <b>2</b><br/><br/><b>Highest-frequency addresses</b><ul><li>3513 CARPENTER ST SE, WASHINGTON, DC, 20020 — 3 calls</li><li>3528 HIGHWOOD DR SE, WASHINGTON, DC, 20020 — 2 calls</li></ul><i>Clusters require at least three calls with locations connected within 500 feet.</i>",
                "COL5E3428810B38E742": "5",
                "COL5E3428810B26B725": "2"
            },
            "id": "5E34287FF5000024"
        },
        {
            "type": "Feature",
            "geometry": {
                "type": "Point",
                "coordinates": [
                    -76.9603519,
                    38.8692141,
                    0
                ]
            },
            "properties": {
                "name": "5 calls / 1 locations",
                "styleUrl": "#__managed_style_1EEA0EE6144194EF9204",
                "styleMapHash": {
                    "normal": "#__managed_style_1EEA0EE6144194EF9204_normal",
                    "highlight": "#__managed_style_1EEA0EE6144194EF9204_highlight"
                },
                "description": "<b>500-foot call cluster 35</b><br/>Calls: <b>5</b><br/>Unique matched addresses: <b>1</b><br/><br/><b>Highest-frequency addresses</b><ul><li>3201 PENNSYLVANIA AVE SE, WASHINGTON, DC, 20020 — 5 calls</li></ul><i>Clusters require at least three calls with locations connected within 500 feet.</i>",
                "COL5E3428810B38E742": "5",
                "COL5E3428810B26B725": "1"
            },
            "id": "5E34287FF5000025"
        },
        {
            "type": "Feature",
            "geometry": {
                "type": "Point",
                "coordinates": [
                    -76.9975985,
                    38.8443195,
                    0
                ]
            },
            "properties": {
                "name": "5 calls / 1 locations",
                "styleUrl": "#__managed_style_1EEA0EE6144194EF9204",
                "styleMapHash": {
                    "normal": "#__managed_style_1EEA0EE6144194EF9204_normal",
                    "highlight": "#__managed_style_1EEA0EE6144194EF9204_highlight"
                },
                "description": "<b>500-foot call cluster 36</b><br/>Calls: <b>5</b><br/>Unique matched addresses: <b>1</b><br/><br/><b>Highest-frequency addresses</b><ul><li>616 RALEIGH PL SE, WASHINGTON, DC, 20032 — 5 calls</li></ul><i>Clusters require at least three calls with locations connected within 500 feet.</i>",
                "COL5E3428810B38E742": "5",
                "COL5E3428810B26B725": "1"
            },
            "id": "5E34287FF5000026"
        },
        {
            "type": "Feature",
            "geometry": {
                "type": "Point",
                "coordinates": [
                    -76.9394824,
                    38.8823038,
                    0
                ]
            },
            "properties": {
                "name": "4 calls / 4 locations",
                "styleUrl": "#__managed_style_1EEA0EE6144194EF9204",
                "styleMapHash": {
                    "normal": "#__managed_style_1EEA0EE6144194EF9204_normal",
                    "highlight": "#__managed_style_1EEA0EE6144194EF9204_highlight"
                },
                "description": "<b>500-foot call cluster 37</b><br/>Calls: <b>4</b><br/>Unique matched addresses: <b>4</b><br/><br/><b>Highest-frequency addresses</b><ul><li>4334 CHAPLIN ST SE, WASHINGTON, DC, 20019 — 1 call</li><li>4400 FALLS TER SE, WASHINGTON, DC, 20019 — 1 call</li><li>4417 FALLS TER SE, WASHINGTON, DC, 20019 — 1 call</li><li>4816 ALABAMA AVE SE, WASHINGTON, DC, 20019 — 1 call</li></ul><i>Clusters require at least three calls with locations connected within 500 feet.</i>",
                "COL5E3428810B38E742": "4",
                "COL5E3428810B26B725": "4"
            },
            "id": "5E34287FF5000027"
        },
        {
            "type": "Feature",
            "geometry": {
                "type": "Point",
                "coordinates": [
                    -77.0101351,
                    38.9074714,
                    0
                ]
            },
            "properties": {
                "name": "4 calls / 4 locations",
                "styleUrl": "#__managed_style_1EEA0EE6144194EF9204",
                "styleMapHash": {
                    "normal": "#__managed_style_1EEA0EE6144194EF9204_normal",
                    "highlight": "#__managed_style_1EEA0EE6144194EF9204_highlight"
                },
                "description": "<b>500-foot call cluster 38</b><br/>Calls: <b>4</b><br/>Unique matched addresses: <b>4</b><br/><br/><b>Highest-frequency addresses</b><ul><li>25 N ST NW, WASHINGTON, DC, 20001 — 1 call</li><li>30 NEW YORK AVE NW, WASHINGTON, DC, 20001 — 1 call</li><li>32 HANOVER PL NW, WASHINGTON, DC, 20001 — 1 call</li><li>37 HANOVER PL NW, WASHINGTON, DC, 20001 — 1 call</li></ul><i>Clusters require at least three calls with locations connected within 500 feet.</i>",
                "COL5E3428810B38E742": "4",
                "COL5E3428810B26B725": "4"
            },
            "id": "5E34287FF5000028"
        },
        {
            "type": "Feature",
            "geometry": {
                "type": "Point",
                "coordinates": [
                    -77.0205997,
                    38.9455764,
                    0
                ]
            },
            "properties": {
                "name": "4 calls / 4 locations",
                "styleUrl": "#__managed_style_1EEA0EE6144194EF9204",
                "styleMapHash": {
                    "normal": "#__managed_style_1EEA0EE6144194EF9204_normal",
                    "highlight": "#__managed_style_1EEA0EE6144194EF9204_highlight"
                },
                "description": "<b>500-foot call cluster 39</b><br/>Calls: <b>4</b><br/>Unique matched addresses: <b>4</b><br/><br/><b>Highest-frequency addresses</b><ul><li>4414 ILLINOIS AVE NW, WASHINGTON, DC, 20011 — 1 call</li><li>4520 ILLINOIS AVE NW, WASHINGTON, DC, 20011 — 1 call</li><li>512 BUCHANAN ST NW, WASHINGTON, DC, 20011 — 1 call</li><li>BUCHANAN ST NW &amp; 7TH ST NW, WASHINGTON, DC, 20011 — 1 call</li></ul><i>Clusters require at least three calls with locations connected within 500 feet.</i>",
                "COL5E3428810B38E742": "4",
                "COL5E3428810B26B725": "4"
            },
            "id": "5E34287FF5000029"
        },
        {
            "type": "Feature",
            "geometry": {
                "type": "Point",
                "coordinates": [
                    -76.9359394,
                    38.8807142,
                    0
                ]
            },
            "properties": {
                "name": "4 calls / 3 locations",
                "styleUrl": "#__managed_style_1EEA0EE6144194EF9204",
                "styleMapHash": {
                    "normal": "#__managed_style_1EEA0EE6144194EF9204_normal",
                    "highlight": "#__managed_style_1EEA0EE6144194EF9204_highlight"
                },
                "description": "<b>500-foot call cluster 40</b><br/>Calls: <b>4</b><br/>Unique matched addresses: <b>3</b><br/><br/><b>Highest-frequency addresses</b><ul><li>660 46TH ST SE, WASHINGTON, DC, 20019 — 2 calls</li><li>4611 G ST SE, WASHINGTON, DC, 20019 — 1 call</li><li>4648 G ST SE, WASHINGTON, DC, 20019 — 1 call</li></ul><i>Clusters require at least three calls with locations connected within 500 feet.</i>",
                "COL5E3428810B38E742": "4",
                "COL5E3428810B26B725": "3"
            },
            "id": "5E34287FF500002A"
        },
        {
            "type": "Feature",
            "geometry": {
                "type": "Point",
                "coordinates": [
                    -76.9309034,
                    38.9061595,
                    0
                ]
            },
            "properties": {
                "name": "4 calls / 3 locations",
                "styleUrl": "#__managed_style_1EEA0EE6144194EF9204",
                "styleMapHash": {
                    "normal": "#__managed_style_1EEA0EE6144194EF9204_normal",
                    "highlight": "#__managed_style_1EEA0EE6144194EF9204_highlight"
                },
                "description": "<b>500-foot call cluster 41</b><br/>Calls: <b>4</b><br/>Unique matched addresses: <b>3</b><br/><br/><b>Highest-frequency addresses</b><ul><li>4916 MEADE ST NE, WASHINGTON, DC, 20019 — 2 calls</li><li>1215 49TH ST NE, WASHINGTON, DC, 20019 — 1 call</li><li>4910 MEADE ST NE, WASHINGTON, DC, 20019 — 1 call</li></ul><i>Clusters require at least three calls with locations connected within 500 feet.</i>",
                "COL5E3428810B38E742": "4",
                "COL5E3428810B26B725": "3"
            },
            "id": "5E34287FF500002B"
        },
        {
            "type": "Feature",
            "geometry": {
                "type": "Point",
                "coordinates": [
                    -76.9257079,
                    38.8898715,
                    0
                ]
            },
            "properties": {
                "name": "4 calls / 3 locations",
                "styleUrl": "#__managed_style_1EEA0EE6144194EF9204",
                "styleMapHash": {
                    "normal": "#__managed_style_1EEA0EE6144194EF9204_normal",
                    "highlight": "#__managed_style_1EEA0EE6144194EF9204_highlight"
                },
                "description": "<b>500-foot call cluster 42</b><br/>Calls: <b>4</b><br/>Unique matched addresses: <b>3</b><br/><br/><b>Highest-frequency addresses</b><ul><li>5316 E CAPITOL ST NE, WASHINGTON, DC, 20019 — 2 calls</li><li>5300 E CAPITOL ST NE, WASHINGTON, DC, 20019 — 1 call</li><li>5340 E CAPITOL ST NE, WASHINGTON, DC, 20019 — 1 call</li></ul><i>Clusters require at least three calls with locations connected within 500 feet.</i>",
                "COL5E3428810B38E742": "4",
                "COL5E3428810B26B725": "3"
            },
            "id": "5E34287FF500002C"
        },
        {
            "type": "Feature",
            "geometry": {
                "type": "Point",
                "coordinates": [
                    -76.9980894,
                    38.8338439,
                    0
                ]
            },
            "properties": {
                "name": "4 calls / 3 locations",
                "styleUrl": "#__managed_style_1EEA0EE6144194EF9204",
                "styleMapHash": {
                    "normal": "#__managed_style_1EEA0EE6144194EF9204_normal",
                    "highlight": "#__managed_style_1EEA0EE6144194EF9204_highlight"
                },
                "description": "<b>500-foot call cluster 43</b><br/>Calls: <b>4</b><br/>Unique matched addresses: <b>3</b><br/><br/><b>Highest-frequency addresses</b><ul><li>479 VALLEY AVE SE, WASHINGTON, DC, 20032 — 2 calls</li><li>548 FOXHALL PL SE, WASHINGTON, DC, 20032 — 1 call</li><li>617 CONDON TER SE, WASHINGTON, DC, 20032 — 1 call</li></ul><i>Clusters require at least three calls with locations connected within 500 feet.</i>",
                "COL5E3428810B38E742": "4",
                "COL5E3428810B26B725": "3"
            },
            "id": "5E34287FF500002D"
        },
        {
            "type": "Feature",
            "geometry": {
                "type": "Point",
                "coordinates": [
                    -76.9368785,
                    38.9113828,
                    0
                ]
            },
            "properties": {
                "name": "4 calls / 3 locations",
                "styleUrl": "#__managed_style_1EEA0EE6144194EF9204",
                "styleMapHash": {
                    "normal": "#__managed_style_1EEA0EE6144194EF9204_normal",
                    "highlight": "#__managed_style_1EEA0EE6144194EF9204_highlight"
                },
                "description": "<b>500-foot call cluster 44</b><br/>Calls: <b>4</b><br/>Unique matched addresses: <b>3</b><br/><br/><b>Highest-frequency addresses</b><ul><li>1516 45TH ST NE, WASHINGTON, DC, 20019 — 2 calls</li><li>1512 45TH ST NE, WASHINGTON, DC, 20019 — 1 call</li><li>4556 QUARLES ST NE, WASHINGTON, DC, 20019 — 1 call</li></ul><i>Clusters require at least three calls with locations connected within 500 feet.</i>",
                "COL5E3428810B38E742": "4",
                "COL5E3428810B26B725": "3"
            },
            "id": "5E34287FF500002E"
        },
        {
            "type": "Feature",
            "geometry": {
                "type": "Point",
                "coordinates": [
                    -77.007903,
                    38.9102993,
                    0
                ]
            },
            "properties": {
                "name": "4 calls / 2 locations",
                "styleUrl": "#__managed_style_1EEA0EE6144194EF9204",
                "styleMapHash": {
                    "normal": "#__managed_style_1EEA0EE6144194EF9204_normal",
                    "highlight": "#__managed_style_1EEA0EE6144194EF9204_highlight"
                },
                "description": "<b>500-foot call cluster 45</b><br/>Calls: <b>4</b><br/>Unique matched addresses: <b>2</b><br/><br/><b>Highest-frequency addresses</b><ul><li>50 FLORIDA AVE NE, WASHINGTON, DC, 20002 — 3 calls</li><li>N CAPITOL ST NE &amp; FLORIDA AVE NE, WASHINGTON, DC, 20002 — 1 call</li></ul><i>Clusters require at least three calls with locations connected within 500 feet.</i>",
                "COL5E3428810B38E742": "4",
                "COL5E3428810B26B725": "2"
            },
            "id": "5E34287FF500002F"
        },
        {
            "type": "Feature",
            "geometry": {
                "type": "Point",
                "coordinates": [
                    -77.0076071,
                    38.8314477,
                    0
                ]
            },
            "properties": {
                "name": "4 calls / 2 locations",
                "styleUrl": "#__managed_style_1EEA0EE6144194EF9204",
                "styleMapHash": {
                    "normal": "#__managed_style_1EEA0EE6144194EF9204_normal",
                    "highlight": "#__managed_style_1EEA0EE6144194EF9204_highlight"
                },
                "description": "<b>500-foot call cluster 46</b><br/>Calls: <b>4</b><br/>Unique matched addresses: <b>2</b><br/><br/><b>Highest-frequency addresses</b><ul><li>21 ATLANTIC ST SW, WASHINGTON, DC, 20032 — 3 calls</li><li>66 ATLANTIC ST SE, WASHINGTON, DC, 20032 — 1 call</li></ul><i>Clusters require at least three calls with locations connected within 500 feet.</i>",
                "COL5E3428810B38E742": "4",
                "COL5E3428810B26B725": "2"
            },
            "id": "5E34287FF5000030"
        },
        {
            "type": "Feature",
            "geometry": {
                "type": "Point",
                "coordinates": [
                    -76.9161612,
                    38.8876642,
                    0
                ]
            },
            "properties": {
                "name": "4 calls / 2 locations",
                "styleUrl": "#__managed_style_1EEA0EE6144194EF9204",
                "styleMapHash": {
                    "normal": "#__managed_style_1EEA0EE6144194EF9204_normal",
                    "highlight": "#__managed_style_1EEA0EE6144194EF9204_highlight"
                },
                "description": "<b>500-foot call cluster 47</b><br/>Calls: <b>4</b><br/>Unique matched addresses: <b>2</b><br/><br/><b>Highest-frequency addresses</b><ul><li>5820 SOUTHERN AVE SE, WASHINGTON, DC, 20019 — 2 calls</li><li>5876 SOUTHERN AVE SE, WASHINGTON, DC, 20019 — 2 calls</li></ul><i>Clusters require at least three calls with locations connected within 500 feet.</i>",
                "COL5E3428810B38E742": "4",
                "COL5E3428810B26B725": "2"
            },
            "id": "5E34287FF5000031"
        },
        {
            "type": "Feature",
            "geometry": {
                "type": "Point",
                "coordinates": [
                    -76.9730116,
                    38.929474,
                    0
                ]
            },
            "properties": {
                "name": "4 calls / 2 locations",
                "styleUrl": "#__managed_style_1EEA0EE6144194EF9204",
                "styleMapHash": {
                    "normal": "#__managed_style_1EEA0EE6144194EF9204_normal",
                    "highlight": "#__managed_style_1EEA0EE6144194EF9204_highlight"
                },
                "description": "<b>500-foot call cluster 48</b><br/>Calls: <b>4</b><br/>Unique matched addresses: <b>2</b><br/><br/><b>Highest-frequency addresses</b><ul><li>2304 WOODRIDGE ST NE, WASHINGTON, DC, 20018 — 3 calls</li><li>2300 WOODRIDGE ST NE, WASHINGTON, DC, 20018 — 1 call</li></ul><i>Clusters require at least three calls with locations connected within 500 feet.</i>",
                "COL5E3428810B38E742": "4",
                "COL5E3428810B26B725": "2"
            },
            "id": "5E34287FF5000032"
        },
        {
            "type": "Feature",
            "geometry": {
                "type": "Point",
                "coordinates": [
                    -76.998348,
                    38.8687707,
                    0
                ]
            },
            "properties": {
                "name": "4 calls / 1 locations",
                "styleUrl": "#__managed_style_1EEA0EE6144194EF9204",
                "styleMapHash": {
                    "normal": "#__managed_style_1EEA0EE6144194EF9204_normal",
                    "highlight": "#__managed_style_1EEA0EE6144194EF9204_highlight"
                },
                "description": "<b>500-foot call cluster 49</b><br/>Calls: <b>4</b><br/>Unique matched addresses: <b>1</b><br/><br/><b>Highest-frequency addresses</b><ul><li>1800 ANACOSTIA DR SE, WASHINGTON, DC, 20020 — 4 calls</li></ul><i>Clusters require at least three calls with locations connected within 500 feet.</i>",
                "COL5E3428810B38E742": "4",
                "COL5E3428810B26B725": "1"
            },
            "id": "5E34287FF5000033"
        },
        {
            "type": "Feature",
            "geometry": {
                "type": "Point",
                "coordinates": [
                    -76.9901753,
                    38.881214,
                    0
                ]
            },
            "properties": {
                "name": "4 calls / 1 locations",
                "styleUrl": "#__managed_style_1EEA0EE6144194EF9204",
                "styleMapHash": {
                    "normal": "#__managed_style_1EEA0EE6144194EF9204_normal",
                    "highlight": "#__managed_style_1EEA0EE6144194EF9204_highlight"
                },
                "description": "<b>500-foot call cluster 50</b><br/>Calls: <b>4</b><br/>Unique matched addresses: <b>1</b><br/><br/><b>Highest-frequency addresses</b><ul><li>700 12TH ST SE, WASHINGTON, DC, 20003 — 4 calls</li></ul><i>Clusters require at least three calls with locations connected within 500 feet.</i>",
                "COL5E3428810B38E742": "4",
                "COL5E3428810B26B725": "1"
            },
            "id": "5E34287FF5000034"
        },
        {
            "type": "Feature",
            "geometry": {
                "type": "Point",
                "coordinates": [
                    -76.9726183,
                    38.8575454,
                    0
                ]
            },
            "properties": {
                "name": "4 calls / 1 locations",
                "styleUrl": "#__managed_style_1EEA0EE6144194EF9204",
                "styleMapHash": {
                    "normal": "#__managed_style_1EEA0EE6144194EF9204_normal",
                    "highlight": "#__managed_style_1EEA0EE6144194EF9204_highlight"
                },
                "description": "<b>500-foot call cluster 51</b><br/>Calls: <b>4</b><br/>Unique matched addresses: <b>1</b><br/><br/><b>Highest-frequency addresses</b><ul><li>2348 AINGER PL SE, WASHINGTON, DC, 20020 — 4 calls</li></ul><i>Clusters require at least three calls with locations connected within 500 feet.</i>",
                "COL5E3428810B38E742": "4",
                "COL5E3428810B26B725": "1"
            },
            "id": "5E34287FF5000035"
        },
        {
            "type": "Feature",
            "geometry": {
                "type": "Point",
                "coordinates": [
                    -77.0155485,
                    38.943563,
                    0
                ]
            },
            "properties": {
                "name": "4 calls / 1 locations",
                "styleUrl": "#__managed_style_1EEA0EE6144194EF9204",
                "styleMapHash": {
                    "normal": "#__managed_style_1EEA0EE6144194EF9204_normal",
                    "highlight": "#__managed_style_1EEA0EE6144194EF9204_highlight"
                },
                "description": "<b>500-foot call cluster 52</b><br/>Calls: <b>4</b><br/>Unique matched addresses: <b>1</b><br/><br/><b>Highest-frequency addresses</b><ul><li>4328 3RD ST NW, WASHINGTON, DC, 20011 — 4 calls</li></ul><i>Clusters require at least three calls with locations connected within 500 feet.</i>",
                "COL5E3428810B38E742": "4",
                "COL5E3428810B26B725": "1"
            },
            "id": "5E34287FF5000036"
        },
        {
            "type": "Feature",
            "geometry": {
                "type": "Point",
                "coordinates": [
                    -76.964169,
                    38.9243457,
                    0
                ]
            },
            "properties": {
                "name": "4 calls / 1 locations",
                "styleUrl": "#__managed_style_1EEA0EE6144194EF9204",
                "styleMapHash": {
                    "normal": "#__managed_style_1EEA0EE6144194EF9204_normal",
                    "highlight": "#__managed_style_1EEA0EE6144194EF9204_highlight"
                },
                "description": "<b>500-foot call cluster 53</b><br/>Calls: <b>4</b><br/>Unique matched addresses: <b>1</b><br/><br/><b>Highest-frequency addresses</b><ul><li>2528 SOUTH DAKOTA AVE NE, WASHINGTON, DC, 20018 — 4 calls</li></ul><i>Clusters require at least three calls with locations connected within 500 feet.</i>",
                "COL5E3428810B38E742": "4",
                "COL5E3428810B26B725": "1"
            },
            "id": "5E34287FF5000037"
        },
        {
            "type": "Feature",
            "geometry": {
                "type": "Point",
                "coordinates": [
                    -77.0004951,
                    38.9168235,
                    0
                ]
            },
            "properties": {
                "name": "4 calls / 1 locations",
                "styleUrl": "#__managed_style_1EEA0EE6144194EF9204",
                "styleMapHash": {
                    "normal": "#__managed_style_1EEA0EE6144194EF9204_normal",
                    "highlight": "#__managed_style_1EEA0EE6144194EF9204_highlight"
                },
                "description": "<b>500-foot call cluster 54</b><br/>Calls: <b>4</b><br/>Unique matched addresses: <b>1</b><br/><br/><b>Highest-frequency addresses</b><ul><li>1945 4TH ST NE, WASHINGTON, DC, 20002 — 4 calls</li></ul><i>Clusters require at least three calls with locations connected within 500 feet.</i>",
                "COL5E3428810B38E742": "4",
                "COL5E3428810B26B725": "1"
            },
            "id": "5E34287FF5000038"
        },
        {
            "type": "Feature",
            "geometry": {
                "type": "Point",
                "coordinates": [
                    -77.0124663,
                    38.9263275,
                    0
                ]
            },
            "properties": {
                "name": "4 calls / 1 locations",
                "styleUrl": "#__managed_style_1EEA0EE6144194EF9204",
                "styleMapHash": {
                    "normal": "#__managed_style_1EEA0EE6144194EF9204_normal",
                    "highlight": "#__managed_style_1EEA0EE6144194EF9204_highlight"
                },
                "description": "<b>500-foot call cluster 55</b><br/>Calls: <b>4</b><br/>Unique matched addresses: <b>1</b><br/><br/><b>Highest-frequency addresses</b><ul><li>111 MICHIGAN AVE NW, WASHINGTON, DC, 20010 — 4 calls</li></ul><i>Clusters require at least three calls with locations connected within 500 feet.</i>",
                "COL5E3428810B38E742": "4",
                "COL5E3428810B26B725": "1"
            },
            "id": "5E34287FF5000039"
        },
        {
            "type": "Feature",
            "geometry": {
                "type": "Point",
                "coordinates": [
                    -76.983052,
                    38.9230472,
                    0
                ]
            },
            "properties": {
                "name": "3 calls / 3 locations",
                "styleUrl": "#__managed_style_1EEA0EE6144194EF9204",
                "styleMapHash": {
                    "normal": "#__managed_style_1EEA0EE6144194EF9204_normal",
                    "highlight": "#__managed_style_1EEA0EE6144194EF9204_highlight"
                },
                "description": "<b>500-foot call cluster 56</b><br/>Calls: <b>3</b><br/>Unique matched addresses: <b>3</b><br/><br/><b>Highest-frequency addresses</b><ul><li>1454 MONTANA AVE NE, WASHINGTON, DC, 20018 — 1 call</li><li>1494 DOUGLAS ST NE, WASHINGTON, DC, 20018 — 1 call</li><li>1508 MONTANA AVE NE, WASHINGTON, DC, 20018 — 1 call</li></ul><i>Clusters require at least three calls with locations connected within 500 feet.</i>",
                "COL5E3428810B38E742": "3",
                "COL5E3428810B26B725": "3"
            },
            "id": "5E34287FF500003A"
        },
        {
            "type": "Feature",
            "geometry": {
                "type": "Point",
                "coordinates": [
                    -77.0139737,
                    38.9500704,
                    0
                ]
            },
            "properties": {
                "name": "3 calls / 3 locations",
                "styleUrl": "#__managed_style_1EEA0EE6144194EF9204",
                "styleMapHash": {
                    "normal": "#__managed_style_1EEA0EE6144194EF9204_normal",
                    "highlight": "#__managed_style_1EEA0EE6144194EF9204_highlight"
                },
                "description": "<b>500-foot call cluster 57</b><br/>Calls: <b>3</b><br/>Unique matched addresses: <b>3</b><br/><br/><b>Highest-frequency addresses</b><ul><li>112 EMERSON ST NW, WASHINGTON, DC, 20011 — 1 call</li><li>225 EMERSON ST NW, WASHINGTON, DC, 20011 — 1 call</li><li>4912 NEW HAMPSHIRE AVE NW, WASHINGTON, DC, 20011 — 1 call</li></ul><i>Clusters require at least three calls with locations connected within 500 feet.</i>",
                "COL5E3428810B38E742": "3",
                "COL5E3428810B26B725": "3"
            },
            "id": "5E34287FF500003B"
        },
        {
            "type": "Feature",
            "geometry": {
                "type": "Point",
                "coordinates": [
                    -76.9349714,
                    38.8895105,
                    0
                ]
            },
            "properties": {
                "name": "3 calls / 3 locations",
                "styleUrl": "#__managed_style_1EEA0EE6144194EF9204",
                "styleMapHash": {
                    "normal": "#__managed_style_1EEA0EE6144194EF9204_normal",
                    "highlight": "#__managed_style_1EEA0EE6144194EF9204_highlight"
                },
                "description": "<b>500-foot call cluster 58</b><br/>Calls: <b>3</b><br/>Unique matched addresses: <b>3</b><br/><br/><b>Highest-frequency addresses</b><ul><li>27 47TH ST SE, WASHINGTON, DC, 20019 — 1 call</li><li>4635 E CAPITOL ST SE, WASHINGTON, DC, 20019 — 1 call</li><li>4643 E CAPITOL ST SE, WASHINGTON, DC, 20019 — 1 call</li></ul><i>Clusters require at least three calls with locations connected within 500 feet.</i>",
                "COL5E3428810B38E742": "3",
                "COL5E3428810B26B725": "3"
            },
            "id": "5E34287FF500003C"
        },
        {
            "type": "Feature",
            "geometry": {
                "type": "Point",
                "coordinates": [
                    -76.9375051,
                    38.8943191,
                    0
                ]
            },
            "properties": {
                "name": "3 calls / 3 locations",
                "styleUrl": "#__managed_style_1EEA0EE6144194EF9204",
                "styleMapHash": {
                    "normal": "#__managed_style_1EEA0EE6144194EF9204_normal",
                    "highlight": "#__managed_style_1EEA0EE6144194EF9204_highlight"
                },
                "description": "<b>500-foot call cluster 59</b><br/>Calls: <b>3</b><br/>Unique matched addresses: <b>3</b><br/><br/><b>Highest-frequency addresses</b><ul><li>4515 DIX ST NE, WASHINGTON, DC, 20019 — 1 call</li><li>4517 CLAY ST NE, WASHINGTON, DC, 20019 — 1 call</li><li>4517 DIX ST NE, WASHINGTON, DC, 20019 — 1 call</li></ul><i>Clusters require at least three calls with locations connected within 500 feet.</i>",
                "COL5E3428810B38E742": "3",
                "COL5E3428810B26B725": "3"
            },
            "id": "5E34287FF500003D"
        },
        {
            "type": "Feature",
            "geometry": {
                "type": "Point",
                "coordinates": [
                    -76.9833717,
                    38.8991649,
                    0
                ]
            },
            "properties": {
                "name": "3 calls / 3 locations",
                "styleUrl": "#__managed_style_1EEA0EE6144194EF9204",
                "styleMapHash": {
                    "normal": "#__managed_style_1EEA0EE6144194EF9204_normal",
                    "highlight": "#__managed_style_1EEA0EE6144194EF9204_highlight"
                },
                "description": "<b>500-foot call cluster 60</b><br/>Calls: <b>3</b><br/>Unique matched addresses: <b>3</b><br/><br/><b>Highest-frequency addresses</b><ul><li>1505 GALES ST NE, WASHINGTON, DC, 20002 — 1 call</li><li>1508 GALES ST NE, WASHINGTON, DC, 20002 — 1 call</li><li>1519 BENNING RD NE, WASHINGTON, DC, 20002 — 1 call</li></ul><i>Clusters require at least three calls with locations connected within 500 feet.</i>",
                "COL5E3428810B38E742": "3",
                "COL5E3428810B26B725": "3"
            },
            "id": "5E34287FF500003E"
        },
        {
            "type": "Feature",
            "geometry": {
                "type": "Point",
                "coordinates": [
                    -76.9584173,
                    38.8873079,
                    0
                ]
            },
            "properties": {
                "name": "3 calls / 3 locations",
                "styleUrl": "#__managed_style_1EEA0EE6144194EF9204",
                "styleMapHash": {
                    "normal": "#__managed_style_1EEA0EE6144194EF9204_normal",
                    "highlight": "#__managed_style_1EEA0EE6144194EF9204_highlight"
                },
                "description": "<b>500-foot call cluster 61</b><br/>Calls: <b>3</b><br/>Unique matched addresses: <b>3</b><br/><br/><b>Highest-frequency addresses</b><ul><li>3301 B ST SE, WASHINGTON, DC, 20019 — 1 call</li><li>3301 CROFFUT PL SE, WASHINGTON, DC, 20019 — 1 call</li><li>3400 B ST SE, WASHINGTON, DC, 20019 — 1 call</li></ul><i>Clusters require at least three calls with locations connected within 500 feet.</i>",
                "COL5E3428810B38E742": "3",
                "COL5E3428810B26B725": "3"
            },
            "id": "5E34287FF500003F"
        },
        {
            "type": "Feature",
            "geometry": {
                "type": "Point",
                "coordinates": [
                    -77.0018317,
                    38.8428832,
                    0
                ]
            },
            "properties": {
                "name": "3 calls / 3 locations",
                "styleUrl": "#__managed_style_1EEA0EE6144194EF9204",
                "styleMapHash": {
                    "normal": "#__managed_style_1EEA0EE6144194EF9204_normal",
                    "highlight": "#__managed_style_1EEA0EE6144194EF9204_highlight"
                },
                "description": "<b>500-foot call cluster 62</b><br/>Calls: <b>3</b><br/>Unique matched addresses: <b>3</b><br/><br/><b>Highest-frequency addresses</b><ul><li>3214 M L KING JR AVE SE, WASHINGTON, DC, 20032 — 1 call</li><li>3318 M L KING JR AVE SE, WASHINGTON, DC, 20032 — 1 call</li><li>3325 BROTHERS PL SE, WASHINGTON, DC, 20032 — 1 call</li></ul><i>Clusters require at least three calls with locations connected within 500 feet.</i>",
                "COL5E3428810B38E742": "3",
                "COL5E3428810B26B725": "3"
            },
            "id": "5E34287FF5000040"
        },
        {
            "type": "Feature",
            "geometry": {
                "type": "Point",
                "coordinates": [
                    -76.9814823,
                    38.8474115,
                    0
                ]
            },
            "properties": {
                "name": "3 calls / 3 locations",
                "styleUrl": "#__managed_style_1EEA0EE6144194EF9204",
                "styleMapHash": {
                    "normal": "#__managed_style_1EEA0EE6144194EF9204_normal",
                    "highlight": "#__managed_style_1EEA0EE6144194EF9204_highlight"
                },
                "description": "<b>500-foot call cluster 63</b><br/>Calls: <b>3</b><br/>Unique matched addresses: <b>3</b><br/><br/><b>Highest-frequency addresses</b><ul><li>1513 TANNER ST SE, WASHINGTON, DC, 20020 — 1 call</li><li>1720 ALABAMA AVE SE, WASHINGTON, DC, 20020 — 1 call</li><li>CONGRESS PL SE &amp; 15TH PL SE, WASHINGTON, DC, 20020 — 1 call</li></ul><i>Clusters require at least three calls with locations connected within 500 feet.</i>",
                "COL5E3428810B38E742": "3",
                "COL5E3428810B26B725": "3"
            },
            "id": "5E34287FF5000041"
        },
        {
            "type": "Feature",
            "geometry": {
                "type": "Point",
                "coordinates": [
                    -77.0219126,
                    38.9575199,
                    0
                ]
            },
            "properties": {
                "name": "3 calls / 2 locations",
                "styleUrl": "#__managed_style_1EEA0EE6144194EF9204",
                "styleMapHash": {
                    "normal": "#__managed_style_1EEA0EE6144194EF9204_normal",
                    "highlight": "#__managed_style_1EEA0EE6144194EF9204_highlight"
                },
                "description": "<b>500-foot call cluster 64</b><br/>Calls: <b>3</b><br/>Unique matched addresses: <b>2</b><br/><br/><b>Highest-frequency addresses</b><ul><li>633 LONGFELLOW ST NW, WASHINGTON, DC, 20011 — 2 calls</li><li>715 LONGFELLOW ST NW, WASHINGTON, DC, 20011 — 1 call</li></ul><i>Clusters require at least three calls with locations connected within 500 feet.</i>",
                "COL5E3428810B38E742": "3",
                "COL5E3428810B26B725": "2"
            },
            "id": "5E34287FF5000042"
        },
        {
            "type": "Feature",
            "geometry": {
                "type": "Point",
                "coordinates": [
                    -77.0026783,
                    38.8356832,
                    0
                ]
            },
            "properties": {
                "name": "3 calls / 2 locations",
                "styleUrl": "#__managed_style_1EEA0EE6144194EF9204",
                "styleMapHash": {
                    "normal": "#__managed_style_1EEA0EE6144194EF9204_normal",
                    "highlight": "#__managed_style_1EEA0EE6144194EF9204_highlight"
                },
                "description": "<b>500-foot call cluster 65</b><br/>Calls: <b>3</b><br/>Unique matched addresses: <b>2</b><br/><br/><b>Highest-frequency addresses</b><ul><li>3802 2ND ST SE, WASHINGTON, DC, 20032 — 2 calls</li><li>211 MISSISSIPPI AVE SE, WASHINGTON, DC, 20032 — 1 call</li></ul><i>Clusters require at least three calls with locations connected within 500 feet.</i>",
                "COL5E3428810B38E742": "3",
                "COL5E3428810B26B725": "2"
            },
            "id": "5E34287FF5000043"
        },
        {
            "type": "Feature",
            "geometry": {
                "type": "Point",
                "coordinates": [
                    -76.9916674,
                    38.9512775,
                    0
                ]
            },
            "properties": {
                "name": "3 calls / 2 locations",
                "styleUrl": "#__managed_style_1EEA0EE6144194EF9204",
                "styleMapHash": {
                    "normal": "#__managed_style_1EEA0EE6144194EF9204_normal",
                    "highlight": "#__managed_style_1EEA0EE6144194EF9204_highlight"
                },
                "description": "<b>500-foot call cluster 66</b><br/>Calls: <b>3</b><br/>Unique matched addresses: <b>2</b><br/><br/><b>Highest-frequency addresses</b><ul><li>5055 11TH ST NE, WASHINGTON, DC, 20017 — 2 calls</li><li>5030 11TH ST NE, WASHINGTON, DC, 20017 — 1 call</li></ul><i>Clusters require at least three calls with locations connected within 500 feet.</i>",
                "COL5E3428810B38E742": "3",
                "COL5E3428810B26B725": "2"
            },
            "id": "5E34287FF5000044"
        },
        {
            "type": "Feature",
            "geometry": {
                "type": "Point",
                "coordinates": [
                    -76.978071,
                    38.8482564,
                    0
                ]
            },
            "properties": {
                "name": "3 calls / 2 locations",
                "styleUrl": "#__managed_style_1EEA0EE6144194EF9204",
                "styleMapHash": {
                    "normal": "#__managed_style_1EEA0EE6144194EF9204_normal",
                    "highlight": "#__managed_style_1EEA0EE6144194EF9204_highlight"
                },
                "description": "<b>500-foot call cluster 67</b><br/>Calls: <b>3</b><br/>Unique matched addresses: <b>2</b><br/><br/><b>Highest-frequency addresses</b><ul><li>3321 18TH PL SE, WASHINGTON, DC, 20020 — 2 calls</li><li>1824 ALABAMA AVE SE, WASHINGTON, DC, 20020 — 1 call</li></ul><i>Clusters require at least three calls with locations connected within 500 feet.</i>",
                "COL5E3428810B38E742": "3",
                "COL5E3428810B26B725": "2"
            },
            "id": "5E34287FF5000045"
        },
        {
            "type": "Feature",
            "geometry": {
                "type": "Point",
                "coordinates": [
                    -77.007391,
                    38.8237732,
                    0
                ]
            },
            "properties": {
                "name": "3 calls / 2 locations",
                "styleUrl": "#__managed_style_1EEA0EE6144194EF9204",
                "styleMapHash": {
                    "normal": "#__managed_style_1EEA0EE6144194EF9204_normal",
                    "highlight": "#__managed_style_1EEA0EE6144194EF9204_highlight"
                },
                "description": "<b>500-foot call cluster 68</b><br/>Calls: <b>3</b><br/>Unique matched addresses: <b>2</b><br/><br/><b>Highest-frequency addresses</b><ul><li>44 GALVESTON ST SW, WASHINGTON, DC, 20032 — 2 calls</li><li>54 GALVESTON ST SW, WASHINGTON, DC, 20032 — 1 call</li></ul><i>Clusters require at least three calls with locations connected within 500 feet.</i>",
                "COL5E3428810B38E742": "3",
                "COL5E3428810B26B725": "2"
            },
            "id": "5E34287FF5000046"
        },
        {
            "type": "Feature",
            "geometry": {
                "type": "Point",
                "coordinates": [
                    -76.9244075,
                    38.8915285,
                    0
                ]
            },
            "properties": {
                "name": "3 calls / 2 locations",
                "styleUrl": "#__managed_style_1EEA0EE6144194EF9204",
                "styleMapHash": {
                    "normal": "#__managed_style_1EEA0EE6144194EF9204_normal",
                    "highlight": "#__managed_style_1EEA0EE6144194EF9204_highlight"
                },
                "description": "<b>500-foot call cluster 69</b><br/>Calls: <b>3</b><br/>Unique matched addresses: <b>2</b><br/><br/><b>Highest-frequency addresses</b><ul><li>5361 BLAINE ST NE, WASHINGTON, DC, 20019 — 2 calls</li><li>5316 BLAINE ST NE, WASHINGTON, DC, 20019 — 1 call</li></ul><i>Clusters require at least three calls with locations connected within 500 feet.</i>",
                "COL5E3428810B38E742": "3",
                "COL5E3428810B26B725": "2"
            },
            "id": "5E34287FF5000047"
        },
        {
            "type": "Feature",
            "geometry": {
                "type": "Point",
                "coordinates": [
                    -77.0321845,
                    38.9602755,
                    0
                ]
            },
            "properties": {
                "name": "3 calls / 2 locations",
                "styleUrl": "#__managed_style_1EEA0EE6144194EF9204",
                "styleMapHash": {
                    "normal": "#__managed_style_1EEA0EE6144194EF9204_normal",
                    "highlight": "#__managed_style_1EEA0EE6144194EF9204_highlight"
                },
                "description": "<b>500-foot call cluster 70</b><br/>Calls: <b>3</b><br/>Unique matched addresses: <b>2</b><br/><br/><b>Highest-frequency addresses</b><ul><li>1357 NICHOLSON ST NW, WASHINGTON, DC, 20011 — 2 calls</li><li>1369 NICHOLSON ST NW, WASHINGTON, DC, 20011 — 1 call</li></ul><i>Clusters require at least three calls with locations connected within 500 feet.</i>",
                "COL5E3428810B38E742": "3",
                "COL5E3428810B26B725": "2"
            },
            "id": "5E34287FF5000048"
        },
        {
            "type": "Feature",
            "geometry": {
                "type": "Point",
                "coordinates": [
                    -76.9854667,
                    38.8599436,
                    0
                ]
            },
            "properties": {
                "name": "3 calls / 2 locations",
                "styleUrl": "#__managed_style_1EEA0EE6144194EF9204",
                "styleMapHash": {
                    "normal": "#__managed_style_1EEA0EE6144194EF9204_normal",
                    "highlight": "#__managed_style_1EEA0EE6144194EF9204_highlight"
                },
                "description": "<b>500-foot call cluster 71</b><br/>Calls: <b>3</b><br/>Unique matched addresses: <b>2</b><br/><br/><b>Highest-frequency addresses</b><ul><li>2339 PITTS PL SE, WASHINGTON, DC, 20020 — 2 calls</li><li>2344 PITTS PL SE, WASHINGTON, DC, 20020 — 1 call</li></ul><i>Clusters require at least three calls with locations connected within 500 feet.</i>",
                "COL5E3428810B38E742": "3",
                "COL5E3428810B26B725": "2"
            },
            "id": "5E34287FF5000049"
        },
        {
            "type": "Feature",
            "geometry": {
                "type": "Point",
                "coordinates": [
                    -76.9748327,
                    38.9415801,
                    0
                ]
            },
            "properties": {
                "name": "3 calls / 2 locations",
                "styleUrl": "#__managed_style_1EEA0EE6144194EF9204",
                "styleMapHash": {
                    "normal": "#__managed_style_1EEA0EE6144194EF9204_normal",
                    "highlight": "#__managed_style_1EEA0EE6144194EF9204_highlight"
                },
                "description": "<b>500-foot call cluster 72</b><br/>Calls: <b>3</b><br/>Unique matched addresses: <b>2</b><br/><br/><b>Highest-frequency addresses</b><ul><li>4301 21ST ST NE, WASHINGTON, DC, 20018 — 2 calls</li><li>4226 22ND ST NE, WASHINGTON, DC, 20018 — 1 call</li></ul><i>Clusters require at least three calls with locations connected within 500 feet.</i>",
                "COL5E3428810B38E742": "3",
                "COL5E3428810B26B725": "2"
            },
            "id": "5E34287FF500004A"
        },
        {
            "type": "Feature",
            "geometry": {
                "type": "Point",
                "coordinates": [
                    -76.9486138,
                    38.8919147,
                    0
                ]
            },
            "properties": {
                "name": "3 calls / 2 locations",
                "styleUrl": "#__managed_style_1EEA0EE6144194EF9204",
                "styleMapHash": {
                    "normal": "#__managed_style_1EEA0EE6144194EF9204_normal",
                    "highlight": "#__managed_style_1EEA0EE6144194EF9204_highlight"
                },
                "description": "<b>500-foot call cluster 73</b><br/>Calls: <b>3</b><br/>Unique matched addresses: <b>2</b><br/><br/><b>Highest-frequency addresses</b><ul><li>3942 BLAINE ST NE, WASHINGTON, DC, 20019 — 2 calls</li><li>3935 BLAINE ST NE, WASHINGTON, DC, 20019 — 1 call</li></ul><i>Clusters require at least three calls with locations connected within 500 feet.</i>",
                "COL5E3428810B38E742": "3",
                "COL5E3428810B26B725": "2"
            },
            "id": "5E34287FF500004B"
        },
        {
            "type": "Feature",
            "geometry": {
                "type": "Point",
                "coordinates": [
                    -76.9741015,
                    38.9010237,
                    0
                ]
            },
            "properties": {
                "name": "3 calls / 2 locations",
                "styleUrl": "#__managed_style_1EEA0EE6144194EF9204",
                "styleMapHash": {
                    "normal": "#__managed_style_1EEA0EE6144194EF9204_normal",
                    "highlight": "#__managed_style_1EEA0EE6144194EF9204_highlight"
                },
                "description": "<b>500-foot call cluster 74</b><br/>Calls: <b>3</b><br/>Unique matched addresses: <b>2</b><br/><br/><b>Highest-frequency addresses</b><ul><li>843 21ST ST NE, WASHINGTON, DC, 20002 — 2 calls</li><li>809 21ST ST NE, WASHINGTON, DC, 20002 — 1 call</li></ul><i>Clusters require at least three calls with locations connected within 500 feet.</i>",
                "COL5E3428810B38E742": "3",
                "COL5E3428810B26B725": "2"
            },
            "id": "5E34287FF500004C"
        },
        {
            "type": "Feature",
            "geometry": {
                "type": "Point",
                "coordinates": [
                    -77.0140304,
                    38.9613735,
                    0
                ]
            },
            "properties": {
                "name": "3 calls / 1 locations",
                "styleUrl": "#__managed_style_1EEA0EE6144194EF9204",
                "styleMapHash": {
                    "normal": "#__managed_style_1EEA0EE6144194EF9204_normal",
                    "highlight": "#__managed_style_1EEA0EE6144194EF9204_highlight"
                },
                "description": "<b>500-foot call cluster 75</b><br/>Calls: <b>3</b><br/>Unique matched addresses: <b>1</b><br/><br/><b>Highest-frequency addresses</b><ul><li>71 OGLETHORPE ST NW, WASHINGTON, DC, 20011 — 3 calls</li></ul><i>Clusters require at least three calls with locations connected within 500 feet.</i>",
                "COL5E3428810B38E742": "3",
                "COL5E3428810B26B725": "1"
            },
            "id": "5E34287FF500004D"
        },
        {
            "type": "Feature",
            "geometry": {
                "type": "Point",
                "coordinates": [
                    -76.9564601,
                    38.8631618,
                    0
                ]
            },
            "properties": {
                "name": "3 calls / 1 locations",
                "styleUrl": "#__managed_style_1EEA0EE6144194EF9204",
                "styleMapHash": {
                    "normal": "#__managed_style_1EEA0EE6144194EF9204_normal",
                    "highlight": "#__managed_style_1EEA0EE6144194EF9204_highlight"
                },
                "description": "<b>500-foot call cluster 76</b><br/>Calls: <b>3</b><br/>Unique matched addresses: <b>1</b><br/><br/><b>Highest-frequency addresses</b><ul><li>3622 ALABAMA AVE SE, WASHINGTON, DC, 20020 — 3 calls</li></ul><i>Clusters require at least three calls with locations connected within 500 feet.</i>",
                "COL5E3428810B38E742": "3",
                "COL5E3428810B26B725": "1"
            },
            "id": "5E34287FF500004E"
        },
        {
            "type": "Feature",
            "geometry": {
                "type": "Point",
                "coordinates": [
                    -77.0114651,
                    38.8227874,
                    0
                ]
            },
            "properties": {
                "name": "3 calls / 1 locations",
                "styleUrl": "#__managed_style_1EEA0EE6144194EF9204",
                "styleMapHash": {
                    "normal": "#__managed_style_1EEA0EE6144194EF9204_normal",
                    "highlight": "#__managed_style_1EEA0EE6144194EF9204_highlight"
                },
                "description": "<b>500-foot call cluster 77</b><br/>Calls: <b>3</b><br/>Unique matched addresses: <b>1</b><br/><br/><b>Highest-frequency addresses</b><ul><li>4660 MARTIN LUTHER KING JR AVE SW, WASHINGTON, DC, 20032 — 3 calls</li></ul><i>Clusters require at least three calls with locations connected within 500 feet.</i>",
                "COL5E3428810B38E742": "3",
                "COL5E3428810B26B725": "1"
            },
            "id": "5E34287FF500004F"
        },
        {
            "type": "Feature",
            "geometry": {
                "type": "Point",
                "coordinates": [
                    -76.9815612,
                    38.8794561,
                    0
                ]
            },
            "properties": {
                "name": "3 calls / 1 locations",
                "styleUrl": "#__managed_style_1EEA0EE6144194EF9204",
                "styleMapHash": {
                    "normal": "#__managed_style_1EEA0EE6144194EF9204_normal",
                    "highlight": "#__managed_style_1EEA0EE6144194EF9204_highlight"
                },
                "description": "<b>500-foot call cluster 78</b><br/>Calls: <b>3</b><br/>Unique matched addresses: <b>1</b><br/><br/><b>Highest-frequency addresses</b><ul><li>824 KENTUCKY AVE SE, WASHINGTON, DC, 20003 — 3 calls</li></ul><i>Clusters require at least three calls with locations connected within 500 feet.</i>",
                "COL5E3428810B38E742": "3",
                "COL5E3428810B26B725": "1"
            },
            "id": "5E34287FF5000050"
        },
        {
            "type": "Feature",
            "geometry": {
                "type": "Point",
                "coordinates": [
                    -76.9993118,
                    38.8403349,
                    0
                ]
            },
            "properties": {
                "name": "3 calls / 1 locations",
                "styleUrl": "#__managed_style_1EEA0EE6144194EF9204",
                "styleMapHash": {
                    "normal": "#__managed_style_1EEA0EE6144194EF9204_normal",
                    "highlight": "#__managed_style_1EEA0EE6144194EF9204_highlight"
                },
                "description": "<b>500-foot call cluster 79</b><br/>Calls: <b>3</b><br/>Unique matched addresses: <b>1</b><br/><br/><b>Highest-frequency addresses</b><ul><li>519 TRENTON ST SE, WASHINGTON, DC, 20032 — 3 calls</li></ul><i>Clusters require at least three calls with locations connected within 500 feet.</i>",
                "COL5E3428810B38E742": "3",
                "COL5E3428810B26B725": "1"
            },
            "id": "5E34287FF5000051"
        },
        {
            "type": "Feature",
            "geometry": {
                "type": "Point",
                "coordinates": [
                    -76.9489507,
                    38.9053632,
                    0
                ]
            },
            "properties": {
                "name": "3 calls / 1 locations",
                "styleUrl": "#__managed_style_1EEA0EE6144194EF9204",
                "styleMapHash": {
                    "normal": "#__managed_style_1EEA0EE6144194EF9204_normal",
                    "highlight": "#__managed_style_1EEA0EE6144194EF9204_highlight"
                },
                "description": "<b>500-foot call cluster 80</b><br/>Calls: <b>3</b><br/>Unique matched addresses: <b>1</b><br/><br/><b>Highest-frequency addresses</b><ul><li>3767 JAY ST NE, WASHINGTON, DC, 20019 — 3 calls</li></ul><i>Clusters require at least three calls with locations connected within 500 feet.</i>",
                "COL5E3428810B38E742": "3",
                "COL5E3428810B26B725": "1"
            },
            "id": "5E34287FF5000052"
        },
        {
            "type": "Feature",
            "geometry": {
                "type": "Point",
                "coordinates": [
                    -76.9932729,
                    38.8341162,
                    0
                ]
            },
            "properties": {
                "name": "3 calls / 1 locations",
                "styleUrl": "#__managed_style_1EEA0EE6144194EF9204",
                "styleMapHash": {
                    "normal": "#__managed_style_1EEA0EE6144194EF9204_normal",
                    "highlight": "#__managed_style_1EEA0EE6144194EF9204_highlight"
                },
                "description": "<b>500-foot call cluster 81</b><br/>Calls: <b>3</b><br/>Unique matched addresses: <b>1</b><br/><br/><b>Highest-frequency addresses</b><ul><li>3809 9TH ST SE, WASHINGTON, DC, 20032 — 3 calls</li></ul><i>Clusters require at least three calls with locations connected within 500 feet.</i>",
                "COL5E3428810B38E742": "3",
                "COL5E3428810B26B725": "1"
            },
            "id": "5E34287FF5000053"
        },
        {
            "type": "Feature",
            "geometry": {
                "type": "Point",
                "coordinates": [
                    -76.9286585,
                    38.8806943,
                    0
                ]
            },
            "properties": {
                "name": "3 calls / 1 locations",
                "styleUrl": "#__managed_style_1EEA0EE6144194EF9204",
                "styleMapHash": {
                    "normal": "#__managed_style_1EEA0EE6144194EF9204_normal",
                    "highlight": "#__managed_style_1EEA0EE6144194EF9204_highlight"
                },
                "description": "<b>500-foot call cluster 82</b><br/>Calls: <b>3</b><br/>Unique matched addresses: <b>1</b><br/><br/><b>Highest-frequency addresses</b><ul><li>5121 FITCH ST SE, WASHINGTON, DC, 20019 — 3 calls</li></ul><i>Clusters require at least three calls with locations connected within 500 feet.</i>",
                "COL5E3428810B38E742": "3",
                "COL5E3428810B26B725": "1"
            },
            "id": "5E34287FF5000054"
        },
        {
            "type": "Feature",
            "geometry": {
                "type": "Point",
                "coordinates": [
                    -77.07239,
                    38.9603745,
                    0
                ]
            },
            "properties": {
                "name": "3 calls / 1 locations",
                "styleUrl": "#__managed_style_1EEA0EE6144194EF9204",
                "styleMapHash": {
                    "normal": "#__managed_style_1EEA0EE6144194EF9204_normal",
                    "highlight": "#__managed_style_1EEA0EE6144194EF9204_highlight"
                },
                "description": "<b>500-foot call cluster 83</b><br/>Calls: <b>3</b><br/>Unique matched addresses: <b>1</b><br/><br/><b>Highest-frequency addresses</b><ul><li>3735 KANAWHA ST NW, WASHINGTON, DC, 20015 — 3 calls</li></ul><i>Clusters require at least three calls with locations connected within 500 feet.</i>",
                "COL5E3428810B38E742": "3",
                "COL5E3428810B26B725": "1"
            },
            "id": "5E34287FF5000055"
        },
        {
            "type": "Feature",
            "geometry": {
                "type": "Point",
                "coordinates": [
                    -77.0296235,
                    38.9564252,
                    0
                ]
            },
            "properties": {
                "name": "Kittens on Location — C0009667920",
                "styleUrl": "#__managed_style_2705B7D3A64194EF9204",
                "styleMapHash": {
                    "normal": "#__managed_style_2705B7D3A64194EF9204_normal",
                    "highlight": "#__managed_style_2705B7D3A64194EF9204_highlight"
                },
                "description": "<b>5517 13TH ST NW, WASHINGTON, DC, 20011</b><br/>Case: <b>C0009667920</b><br/>Activity: Kittens on Location<br/>Status: <b>Dispatched</b><br/>Activity number: 9594094",
                "COL5E3428810BA16999": "C0009667920",
                "COL5E3428810BB42E66": "Dispatched",
                "COL5E3428810BD54EB8": "Kittens on Location"
            },
            "id": "5E34287FF5000057"
        },
        {
            "type": "Feature",
            "geometry": {
                "type": "Point",
                "coordinates": [
                    -76.9715638,
                    38.846497,
                    0
                ]
            },
            "properties": {
                "name": "RTF Setup/Retrieval — C0009667360",
                "styleUrl": "#__managed_style_2705B7D3A64194EF9204",
                "styleMapHash": {
                    "normal": "#__managed_style_2705B7D3A64194EF9204_normal",
                    "highlight": "#__managed_style_2705B7D3A64194EF9204_highlight"
                },
                "description": "<b>3448 23RD ST SE, WASHINGTON, DC, 20020</b><br/>Case: <b>C0009667360</b><br/>Activity: RTF Setup/Retrieval<br/>Status: <b>Dispatched</b><br/>Activity number: 9593410",
                "COL5E3428810BA16999": "C0009667360",
                "COL5E3428810BB42E66": "Dispatched",
                "COL5E3428810BD54EB8": "RTF Setup/Retrieval"
            },
            "id": "5E34287FF5000058"
        },
        {
            "type": "Feature",
            "geometry": {
                "type": "Point",
                "coordinates": [
                    -76.9726183,
                    38.8575454,
                    0
                ]
            },
            "properties": {
                "name": "Kittens on Location — C0009667154",
                "styleUrl": "#__managed_style_2705B7D3A64194EF9204",
                "styleMapHash": {
                    "normal": "#__managed_style_2705B7D3A64194EF9204_normal",
                    "highlight": "#__managed_style_2705B7D3A64194EF9204_highlight"
                },
                "description": "<b>2348 AINGER PL SE, WASHINGTON, DC, 20020</b><br/>Case: <b>C0009667154</b><br/>Activity: Kittens on Location<br/>Status: <b>Dispatched</b><br/>Activity number: 9593157",
                "COL5E3428810BA16999": "C0009667154",
                "COL5E3428810BB42E66": "Dispatched",
                "COL5E3428810BD54EB8": "Kittens on Location"
            },
            "id": "5E34287FF5000059"
        },
        {
            "type": "Feature",
            "geometry": {
                "type": "Point",
                "coordinates": [
                    -76.9515559,
                    38.9043069,
                    0
                ]
            },
            "properties": {
                "name": "RTF Setup/Retrieval — C0009650608",
                "styleUrl": "#__managed_style_2705B7D3A64194EF9204",
                "styleMapHash": {
                    "normal": "#__managed_style_2705B7D3A64194EF9204_normal",
                    "highlight": "#__managed_style_2705B7D3A64194EF9204_highlight"
                },
                "description": "<b>3692 HAYES ST NE, WASHINGTON, DC, 20019</b><br/>Case: <b>C0009650608</b><br/>Activity: RTF Setup/Retrieval<br/>Status: <b>Dispatched</b><br/>Activity number: 9574740",
                "COL5E3428810BA16999": "C0009650608",
                "COL5E3428810BB42E66": "Dispatched",
                "COL5E3428810BD54EB8": "RTF Setup/Retrieval"
            },
            "id": "5E34287FF500005A"
        },
        {
            "type": "Feature",
            "geometry": {
                "type": "Point",
                "coordinates": [
                    -77.0051447,
                    38.9677082,
                    0
                ]
            },
            "properties": {
                "name": "RTF Setup/Retrieval — C0009648937",
                "styleUrl": "#__managed_style_2705B7D3A64194EF9204",
                "styleMapHash": {
                    "normal": "#__managed_style_2705B7D3A64194EF9204_normal",
                    "highlight": "#__managed_style_2705B7D3A64194EF9204_highlight"
                },
                "description": "<b>6408 EASTERN AVE NE, WASHINGTON, DC, 20012</b><br/>Case: <b>C0009648937</b><br/>Activity: RTF Setup/Retrieval<br/>Status: <b>Dispatched</b><br/>Activity number: 9572650",
                "COL5E3428810BA16999": "C0009648937",
                "COL5E3428810BB42E66": "Dispatched",
                "COL5E3428810BD54EB8": "RTF Setup/Retrieval"
            },
            "id": "5E34287FF500005B"
        },
        {
            "type": "Feature",
            "geometry": {
                "type": "Point",
                "coordinates": [
                    -77.0098766,
                    38.8251357,
                    0
                ]
            },
            "properties": {
                "name": "Kittens on Location — C0009648905",
                "styleUrl": "#__managed_style_2705B7D3A64194EF9204",
                "styleMapHash": {
                    "normal": "#__managed_style_2705B7D3A64194EF9204_normal",
                    "highlight": "#__managed_style_2705B7D3A64194EF9204_highlight"
                },
                "description": "<b>100 FORRESTER ST SW, WASHINGTON, DC, 20032</b><br/>Case: <b>C0009648905</b><br/>Activity: Kittens on Location<br/>Status: <b>Dispatched</b><br/>Activity number: 9572612",
                "COL5E3428810BA16999": "C0009648905",
                "COL5E3428810BB42E66": "Dispatched",
                "COL5E3428810BD54EB8": "Kittens on Location"
            },
            "id": "5E34287FF500005C"
        },
        {
            "type": "Feature",
            "geometry": {
                "type": "Point",
                "coordinates": [
                    -76.9750901,
                    38.8729726,
                    0
                ]
            },
            "properties": {
                "name": "Kittens on Location — C0009647506",
                "styleUrl": "#__managed_style_2705B7D3A64194EF9204",
                "styleMapHash": {
                    "normal": "#__managed_style_2705B7D3A64194EF9204_normal",
                    "highlight": "#__managed_style_2705B7D3A64194EF9204_highlight"
                },
                "description": "<b>1433 22ND ST SE, WASHINGTON, DC, 20020</b><br/>Case: <b>C0009647506</b><br/>Activity: Kittens on Location<br/>Status: <b>New</b><br/>Activity number: 9570795",
                "COL5E3428810BA16999": "C0009647506",
                "COL5E3428810BB42E66": "New",
                "COL5E3428810BD54EB8": "Kittens on Location"
            },
            "id": "5E34287FF500005D"
        },
        {
            "type": "Feature",
            "geometry": {
                "type": "Point",
                "coordinates": [
                    -77.0008995,
                    38.9421513,
                    0
                ]
            },
            "properties": {
                "name": "Kittens on Location — C0009647501",
                "styleUrl": "#__managed_style_2705B7D3A64194EF9204",
                "styleMapHash": {
                    "normal": "#__managed_style_2705B7D3A64194EF9204_normal",
                    "highlight": "#__managed_style_2705B7D3A64194EF9204_highlight"
                },
                "description": "<b>333 HAWAII AVE NE, WASHINGTON, DC, 20011</b><br/>Case: <b>C0009647501</b><br/>Activity: Kittens on Location<br/>Status: <b>Dispatched</b><br/>Activity number: 9570790",
                "COL5E3428810BA16999": "C0009647501",
                "COL5E3428810BB42E66": "Dispatched",
                "COL5E3428810BD54EB8": "Kittens on Location"
            },
            "id": "5E34287FF500005E"
        },
        {
            "type": "Feature",
            "geometry": {
                "type": "Point",
                "coordinates": [
                    -77.0124663,
                    38.9263275,
                    0
                ]
            },
            "properties": {
                "name": "Kittens on Location — C0009639377",
                "styleUrl": "#__managed_style_2705B7D3A64194EF9204",
                "styleMapHash": {
                    "normal": "#__managed_style_2705B7D3A64194EF9204_normal",
                    "highlight": "#__managed_style_2705B7D3A64194EF9204_highlight"
                },
                "description": "<b>111 MICHIGAN AVE NW, WASHINGTON, DC, 20010</b><br/>Case: <b>C0009639377</b><br/>Activity: Kittens on Location<br/>Status: <b>Assigned</b><br/>Activity number: 9561304",
                "COL5E3428810BA16999": "C0009639377",
                "COL5E3428810BB42E66": "Assigned",
                "COL5E3428810BD54EB8": "Kittens on Location"
            },
            "id": "5E34287FF500005F"
        },
        {
            "type": "Feature",
            "geometry": {
                "type": "Point",
                "coordinates": [
                    -77.039171,
                    38.9886615,
                    0
                ]
            },
            "properties": {
                "name": "Kittens on Location — C0009392536",
                "styleUrl": "#__managed_style_2705B7D3A64194EF9204",
                "styleMapHash": {
                    "normal": "#__managed_style_2705B7D3A64194EF9204_normal",
                    "highlight": "#__managed_style_2705B7D3A64194EF9204_highlight"
                },
                "description": "<b>1671 PRIMROSE RD NW, WASHINGTON, DC, 20012</b><br/>Case: <b>C0009392536</b><br/>Activity: Kittens on Location<br/>Status: <b>Assigned</b><br/>Activity number: 9555948",
                "COL5E3428810BA16999": "C0009392536",
                "COL5E3428810BB42E66": "Assigned",
                "COL5E3428810BD54EB8": "Kittens on Location"
            },
            "id": "5E34287FF5000060"
        },
        {
            "type": "Feature",
            "geometry": {
                "type": "Point",
                "coordinates": [
                    -76.9716351,
                    38.8616355,
                    0
                ]
            },
            "properties": {
                "name": "RTF Setup/Retrieval — C0009631657",
                "styleUrl": "#__managed_style_2705B7D3A64194EF9204",
                "styleMapHash": {
                    "normal": "#__managed_style_2705B7D3A64194EF9204_normal",
                    "highlight": "#__managed_style_2705B7D3A64194EF9204_highlight"
                },
                "description": "<b>2341 24TH ST SE, WASHINGTON, DC, 20020</b><br/>Case: <b>C0009631657</b><br/>Activity: RTF Setup/Retrieval<br/>Status: <b>Assigned</b><br/>Activity number: 9552004",
                "COL5E3428810BA16999": "C0009631657",
                "COL5E3428810BB42E66": "Assigned",
                "COL5E3428810BD54EB8": "RTF Setup/Retrieval"
            },
            "id": "5E34287FF5000061"
        },
        {
            "type": "Feature",
            "geometry": {
                "type": "Point",
                "coordinates": [
                    -76.9603519,
                    38.8692141,
                    0
                ]
            },
            "properties": {
                "name": "RTF Setup/Retrieval — C0009510550",
                "styleUrl": "#__managed_style_2705B7D3A64194EF9204",
                "styleMapHash": {
                    "normal": "#__managed_style_2705B7D3A64194EF9204_normal",
                    "highlight": "#__managed_style_2705B7D3A64194EF9204_highlight"
                },
                "description": "<b>3201 PENNSYLVANIA AVE SE, WASHINGTON, DC, 20020</b><br/>Case: <b>C0009510550</b><br/>Activity: RTF Setup/Retrieval<br/>Status: <b>Assigned</b><br/>Activity number: 9552391",
                "COL5E3428810BA16999": "C0009510550",
                "COL5E3428810BB42E66": "Assigned",
                "COL5E3428810BD54EB8": "RTF Setup/Retrieval"
            },
            "id": "5E34287FF5000062"
        },
        {
            "type": "Feature",
            "geometry": {
                "type": "Point",
                "coordinates": [
                    -76.9688961,
                    38.8690172,
                    0
                ]
            },
            "properties": {
                "name": "Kittens on Location — C0009627239",
                "styleUrl": "#__managed_style_2705B7D3A64194EF9204",
                "styleMapHash": {
                    "normal": "#__managed_style_2705B7D3A64194EF9204_normal",
                    "highlight": "#__managed_style_2705B7D3A64194EF9204_highlight"
                },
                "description": "<b>1728 27TH ST SE, WASHINGTON, DC, 20020</b><br/>Case: <b>C0009627239</b><br/>Activity: Kittens on Location<br/>Status: <b>Assigned</b><br/>Activity number: 9546521",
                "COL5E3428810BA16999": "C0009627239",
                "COL5E3428810BB42E66": "Assigned",
                "COL5E3428810BD54EB8": "Kittens on Location"
            },
            "id": "5E34287FF5000063"
        },
        {
            "type": "Feature",
            "geometry": {
                "type": "Point",
                "coordinates": [
                    -76.9166503,
                    38.8872875,
                    0
                ]
            },
            "properties": {
                "name": "RTF Setup/Retrieval — C0009621915",
                "styleUrl": "#__managed_style_2705B7D3A64194EF9204",
                "styleMapHash": {
                    "normal": "#__managed_style_2705B7D3A64194EF9204_normal",
                    "highlight": "#__managed_style_2705B7D3A64194EF9204_highlight"
                },
                "description": "<b>5820 SOUTHERN AVE SE, WASHINGTON, DC, 20019</b><br/>Case: <b>C0009621915</b><br/>Activity: RTF Setup/Retrieval<br/>Status: <b>Assigned</b><br/>Activity number: 9540217",
                "COL5E3428810BA16999": "C0009621915",
                "COL5E3428810BB42E66": "Assigned",
                "COL5E3428810BD54EB8": "RTF Setup/Retrieval"
            },
            "id": "5E34287FF5000064"
        },
        {
            "type": "Feature",
            "geometry": {
                "type": "Point",
                "coordinates": [
                    -77.0090868,
                    38.8251226,
                    0
                ]
            },
            "properties": {
                "name": "Kittens on Location — C0009618018",
                "styleUrl": "#__managed_style_2705B7D3A64194EF9204",
                "styleMapHash": {
                    "normal": "#__managed_style_2705B7D3A64194EF9204_normal",
                    "highlight": "#__managed_style_2705B7D3A64194EF9204_highlight"
                },
                "description": "<b>70 FORRESTER ST SW, WASHINGTON, DC, 20032</b><br/>Case: <b>C0009618018</b><br/>Activity: Kittens on Location<br/>Status: <b>Assigned</b><br/>Activity number: 9535063",
                "COL5E3428810BA16999": "C0009618018",
                "COL5E3428810BB42E66": "Assigned",
                "COL5E3428810BD54EB8": "Kittens on Location"
            },
            "id": "5E34287FF5000065"
        },
        {
            "type": "Feature",
            "geometry": {
                "type": "Point",
                "coordinates": [
                    -76.9961076,
                    38.880798,
                    0
                ]
            },
            "properties": {
                "name": "RTF Setup/Retrieval — C0009619616",
                "styleUrl": "#__managed_style_2705B7D3A64194EF9204",
                "styleMapHash": {
                    "normal": "#__managed_style_2705B7D3A64194EF9204_normal",
                    "highlight": "#__managed_style_2705B7D3A64194EF9204_highlight"
                },
                "description": "<b>714 7TH ST SE, WASHINGTON, DC, 20003</b><br/>Case: <b>C0009619616</b><br/>Activity: RTF Setup/Retrieval<br/>Status: <b>Assigned</b><br/>Activity number: 9537188",
                "COL5E3428810BA16999": "C0009619616",
                "COL5E3428810BB42E66": "Assigned",
                "COL5E3428810BD54EB8": "RTF Setup/Retrieval"
            },
            "id": "5E34287FF5000066"
        },
        {
            "type": "Feature",
            "geometry": {
                "type": "Point",
                "coordinates": [
                    -77.0312754,
                    38.937549,
                    0
                ]
            },
            "properties": {
                "name": "Kittens on Location — C0009604089",
                "styleUrl": "#__managed_style_2705B7D3A64194EF9204",
                "styleMapHash": {
                    "normal": "#__managed_style_2705B7D3A64194EF9204_normal",
                    "highlight": "#__managed_style_2705B7D3A64194EF9204_highlight"
                },
                "description": "<b>1340 QUINCY ST NW, WASHINGTON, DC, 20011</b><br/>Case: <b>C0009604089</b><br/>Activity: Kittens on Location<br/>Status: <b>Assigned</b><br/>Activity number: 9518487",
                "COL5E3428810BA16999": "C0009604089",
                "COL5E3428810BB42E66": "Assigned",
                "COL5E3428810BD54EB8": "Kittens on Location"
            },
            "id": "5E34287FF5000067"
        },
        {
            "type": "Feature",
            "geometry": {
                "type": "Point",
                "coordinates": [
                    -76.9657236,
                    38.8684869,
                    0
                ]
            },
            "properties": {
                "name": "RTF Setup/Retrieval — C0009582679",
                "styleUrl": "#__managed_style_2705B7D3A64194EF9204",
                "styleMapHash": {
                    "normal": "#__managed_style_2705B7D3A64194EF9204_normal",
                    "highlight": "#__managed_style_2705B7D3A64194EF9204_highlight"
                },
                "description": "<b>2901 S ST SE, WASHINGTON, DC, 20020</b><br/>Case: <b>C0009582679</b><br/>Activity: RTF Setup/Retrieval<br/>Status: <b>Assigned</b><br/>Activity number: 9493834",
                "COL5E3428810BA16999": "C0009582679",
                "COL5E3428810BB42E66": "Assigned",
                "COL5E3428810BD54EB8": "RTF Setup/Retrieval"
            },
            "id": "5E34287FF5000068"
        },
        {
            "type": "Feature",
            "geometry": {
                "type": "Point",
                "coordinates": [
                    -76.9953576,
                    38.953943,
                    0
                ]
            },
            "properties": {
                "name": "RTF Setup/Retrieval — C0009571362",
                "styleUrl": "#__managed_style_2705B7D3A64194EF9204",
                "styleMapHash": {
                    "normal": "#__managed_style_2705B7D3A64194EF9204_normal",
                    "highlight": "#__managed_style_2705B7D3A64194EF9204_highlight"
                },
                "description": "<b>5163 7TH ST NE, WASHINGTON, DC, 20011</b><br/>Case: <b>C0009571362</b><br/>Activity: RTF Setup/Retrieval<br/>Status: <b>Assigned</b><br/>Activity number: 9480850",
                "COL5E3428810BA16999": "C0009571362",
                "COL5E3428810BB42E66": "Assigned",
                "COL5E3428810BD54EB8": "RTF Setup/Retrieval"
            },
            "id": "5E34287FF5000069"
        },
        {
            "type": "Feature",
            "geometry": {
                "type": "Point",
                "coordinates": [
                    -77.0563715,
                    38.9275988,
                    0
                ]
            },
            "properties": {
                "name": "Kittens on Location — C0009579816",
                "styleUrl": "#__managed_style_2705B7D3A64194EF9204",
                "styleMapHash": {
                    "normal": "#__managed_style_2705B7D3A64194EF9204_normal",
                    "highlight": "#__managed_style_2705B7D3A64194EF9204_highlight"
                },
                "description": "<b>2825 28TH ST NW, WASHINGTON, DC, 20008</b><br/>Case: <b>C0009579816</b><br/>Activity: Kittens on Location<br/>Status: <b>Assigned</b><br/>Activity number: 9490553",
                "COL5E3428810BA16999": "C0009579816",
                "COL5E3428810BB42E66": "Assigned",
                "COL5E3428810BD54EB8": "Kittens on Location"
            },
            "id": "5E34287FF500006A"
        },
        {
            "type": "Feature",
            "geometry": {
                "type": "Point",
                "coordinates": [
                    -76.998103,
                    38.9537376,
                    0
                ]
            },
            "properties": {
                "name": "Kittens on Location — C0009595647",
                "styleUrl": "#__managed_style_2705B7D3A64194EF9204",
                "styleMapHash": {
                    "normal": "#__managed_style_2705B7D3A64194EF9204_normal",
                    "highlight": "#__managed_style_2705B7D3A64194EF9204_highlight"
                },
                "description": "<b>500 HAMILTON ST NE, WASHINGTON, DC, 20011</b><br/>Case: <b>C0009595647</b><br/>Activity: Kittens on Location<br/>Status: <b>Assigned</b><br/>Activity number: 9508708",
                "COL5E3428810BA16999": "C0009595647",
                "COL5E3428810BB42E66": "Assigned",
                "COL5E3428810BD54EB8": "Kittens on Location"
            },
            "id": "5E34287FF500006B"
        },
        {
            "type": "Feature",
            "geometry": {
                "type": "Point",
                "coordinates": [
                    -77.0021049,
                    38.9175425,
                    0
                ]
            },
            "properties": {
                "name": "Kittens on Location — C0009586057",
                "styleUrl": "#__managed_style_2705B7D3A64194EF9204",
                "styleMapHash": {
                    "normal": "#__managed_style_2705B7D3A64194EF9204_normal",
                    "highlight": "#__managed_style_2705B7D3A64194EF9204_highlight"
                },
                "description": "<b>2022 3RD ST NE, WASHINGTON, DC, 20002</b><br/>Case: <b>C0009586057</b><br/>Activity: Kittens on Location<br/>Status: <b>Assigned</b><br/>Activity number: 9497665",
                "COL5E3428810BA16999": "C0009586057",
                "COL5E3428810BB42E66": "Assigned",
                "COL5E3428810BD54EB8": "Kittens on Location"
            },
            "id": "5E34287FF500006C"
        },
        {
            "type": "Feature",
            "geometry": {
                "type": "Point",
                "coordinates": [
                    -77.0093688,
                    38.8320586,
                    0
                ]
            },
            "properties": {
                "name": "RTF Setup/Retrieval — C0009535925",
                "styleUrl": "#__managed_style_2705B7D3A64194EF9204",
                "styleMapHash": {
                    "normal": "#__managed_style_2705B7D3A64194EF9204_normal",
                    "highlight": "#__managed_style_2705B7D3A64194EF9204_highlight"
                },
                "description": "<b>3960 MARTIN LUTHER KING JR AVE SW, WASHINGTON, DC, 20032</b><br/>Case: <b>C0009535925</b><br/>Activity: RTF Setup/Retrieval<br/>Status: <b>Assigned</b><br/>Activity number: 9441339",
                "COL5E3428810BA16999": "C0009535925",
                "COL5E3428810BB42E66": "Assigned",
                "COL5E3428810BD54EB8": "RTF Setup/Retrieval"
            },
            "id": "5E34287FF500006D"
        },
        {
            "type": "Feature",
            "geometry": {
                "type": "Point",
                "coordinates": [
                    -76.9939455,
                    38.829895,
                    0
                ]
            },
            "properties": {
                "name": "RTF Setup/Retrieval — C0009604181",
                "styleUrl": "#__managed_style_2705B7D3A64194EF9204",
                "styleMapHash": {
                    "normal": "#__managed_style_2705B7D3A64194EF9204_normal",
                    "highlight": "#__managed_style_2705B7D3A64194EF9204_highlight"
                },
                "description": "<b>819 BARNABY ST SE, WASHINGTON, DC, 20032</b><br/>Case: <b>C0009604181</b><br/>Activity: RTF Setup/Retrieval<br/>Status: <b>Assigned</b><br/>Activity number: 9518619",
                "COL5E3428810BA16999": "C0009604181",
                "COL5E3428810BB42E66": "Assigned",
                "COL5E3428810BD54EB8": "RTF Setup/Retrieval"
            },
            "id": "5E34287FF500006E"
        },
        {
            "type": "Feature",
            "geometry": {
                "type": "Point",
                "coordinates": [
                    -76.9216898,
                    38.8996917,
                    0
                ]
            },
            "properties": {
                "name": "Kittens on Location — C0009564341",
                "styleUrl": "#__managed_style_2705B7D3A64194EF9204",
                "styleMapHash": {
                    "normal": "#__managed_style_2705B7D3A64194EF9204_normal",
                    "highlight": "#__managed_style_2705B7D3A64194EF9204_highlight"
                },
                "description": "<b>811 55TH ST NE, WASHINGTON, DC, 20019</b><br/>Case: <b>C0009564341</b><br/>Activity: Kittens on Location<br/>Status: <b>Assigned</b><br/>Activity number: 9472780",
                "COL5E3428810BA16999": "C0009564341",
                "COL5E3428810BB42E66": "Assigned",
                "COL5E3428810BD54EB8": "Kittens on Location"
            },
            "id": "5E34287FF500006F"
        },
        {
            "type": "Feature",
            "geometry": {
                "type": "Point",
                "coordinates": [
                    -77.0004655,
                    38.9407995,
                    0
                ]
            },
            "properties": {
                "name": "RTF Setup/Retrieval — C0009619866",
                "styleUrl": "#__managed_style_2705B7D3A64194EF9204",
                "styleMapHash": {
                    "normal": "#__managed_style_2705B7D3A64194EF9204_normal",
                    "highlight": "#__managed_style_2705B7D3A64194EF9204_highlight"
                },
                "description": "<b>430 TAYLOR ST NE, WASHINGTON, DC, 20017</b><br/>Case: <b>C0009619866</b><br/>Activity: RTF Setup/Retrieval<br/>Status: <b>Assigned</b><br/>Activity number: 9537521",
                "COL5E3428810BA16999": "C0009619866",
                "COL5E3428810BB42E66": "Assigned",
                "COL5E3428810BD54EB8": "RTF Setup/Retrieval"
            },
            "id": "5E34287FF5000070"
        },
        {
            "type": "Feature",
            "geometry": {
                "type": "Point",
                "coordinates": [
                    -76.9350732,
                    38.8807398,
                    0
                ]
            },
            "properties": {
                "name": "RTF Setup/Retrieval — C0009532342",
                "styleUrl": "#__managed_style_2705B7D3A64194EF9204",
                "styleMapHash": {
                    "normal": "#__managed_style_2705B7D3A64194EF9204_normal",
                    "highlight": "#__managed_style_2705B7D3A64194EF9204_highlight"
                },
                "description": "<b>4648 G ST SE, WASHINGTON, DC, 20019</b><br/>Case: <b>C0009532342</b><br/>Activity: RTF Setup/Retrieval<br/>Status: <b>Assigned</b><br/>Activity number: 9436801",
                "COL5E3428810BA16999": "C0009532342",
                "COL5E3428810BB42E66": "Assigned",
                "COL5E3428810BD54EB8": "RTF Setup/Retrieval"
            },
            "id": "5E34287FF5000071"
        },
        {
            "type": "Feature",
            "geometry": {
                "type": "Point",
                "coordinates": [
                    -77.0171633,
                    38.9412394,
                    0
                ]
            },
            "properties": {
                "name": "Kittens on Location — C0009543374",
                "styleUrl": "#__managed_style_2705B7D3A64194EF9204",
                "styleMapHash": {
                    "normal": "#__managed_style_2705B7D3A64194EF9204_normal",
                    "highlight": "#__managed_style_2705B7D3A64194EF9204_highlight"
                },
                "description": "<b>4114 4TH ST NW, WASHINGTON, DC, 20011</b><br/>Case: <b>C0009543374</b><br/>Activity: Kittens on Location<br/>Status: <b>Assigned</b><br/>Activity number: 9450007",
                "COL5E3428810BA16999": "C0009543374",
                "COL5E3428810BB42E66": "Assigned",
                "COL5E3428810BD54EB8": "Kittens on Location"
            },
            "id": "5E34287FF5000072"
        },
        {
            "type": "Feature",
            "geometry": {
                "type": "Point",
                "coordinates": [
                    -77.0091409,
                    38.9048752,
                    0
                ]
            },
            "properties": {
                "name": "RTF Setup/Retrieval — C0009521669",
                "styleUrl": "#__managed_style_2705B7D3A64194EF9204",
                "styleMapHash": {
                    "normal": "#__managed_style_2705B7D3A64194EF9204_normal",
                    "highlight": "#__managed_style_2705B7D3A64194EF9204_highlight"
                },
                "description": "<b>1140 N CAPITOL ST NE, WASHINGTON, DC, 20002</b><br/>Case: <b>C0009521669</b><br/>Activity: RTF Setup/Retrieval<br/>Status: <b>Assigned</b><br/>Activity number: 9425191",
                "COL5E3428810BA16999": "C0009521669",
                "COL5E3428810BB42E66": "Assigned",
                "COL5E3428810BD54EB8": "RTF Setup/Retrieval"
            },
            "id": "5E34287FF5000073"
        },
        {
            "type": "Feature",
            "geometry": {
                "type": "Point",
                "coordinates": [
                    -76.9730037,
                    38.9294777,
                    0
                ]
            },
            "properties": {
                "name": "Kittens on Location — C0009616896",
                "styleUrl": "#__managed_style_2705B7D3A64194EF9204",
                "styleMapHash": {
                    "normal": "#__managed_style_2705B7D3A64194EF9204_normal",
                    "highlight": "#__managed_style_2705B7D3A64194EF9204_highlight"
                },
                "description": "<b>2304 WOODRIDGE ST NE, WASHINGTON, DC, 20018</b><br/>Case: <b>C0009616896</b><br/>Activity: Kittens on Location<br/>Status: <b>Assigned</b><br/>Activity number: 9533860",
                "COL5E3428810BA16999": "C0009616896",
                "COL5E3428810BB42E66": "Assigned",
                "COL5E3428810BD54EB8": "Kittens on Location"
            },
            "id": "5E34287FF5000074"
        },
        {
            "type": "Feature",
            "geometry": {
                "type": "Point",
                "coordinates": [
                    -76.9513016,
                    38.8709199,
                    0
                ]
            },
            "properties": {
                "name": "RTF Setup/Retrieval — C0009550005",
                "styleUrl": "#__managed_style_2705B7D3A64194EF9204",
                "styleMapHash": {
                    "normal": "#__managed_style_2705B7D3A64194EF9204_normal",
                    "highlight": "#__managed_style_2705B7D3A64194EF9204_highlight"
                },
                "description": "<b>1511 38TH ST SE, WASHINGTON, DC, 20020</b><br/>Case: <b>C0009550005</b><br/>Activity: RTF Setup/Retrieval<br/>Status: <b>Assigned</b><br/>Activity number: 9457410",
                "COL5E3428810BA16999": "C0009550005",
                "COL5E3428810BB42E66": "Assigned",
                "COL5E3428810BD54EB8": "RTF Setup/Retrieval"
            },
            "id": "5E34287FF5000075"
        },
        {
            "type": "Feature",
            "geometry": {
                "type": "Point",
                "coordinates": [
                    -77.0034561,
                    38.8765395,
                    0
                ]
            },
            "properties": {
                "name": "RTF Setup/Retrieval — C0009493080",
                "styleUrl": "#__managed_style_2705B7D3A64194EF9204",
                "styleMapHash": {
                    "normal": "#__managed_style_2705B7D3A64194EF9204_normal",
                    "highlight": "#__managed_style_2705B7D3A64194EF9204_highlight"
                },
                "description": "<b>200 M ST SE, WASHINGTON, DC, 20003</b><br/>Case: <b>C0009493080</b><br/>Activity: RTF Setup/Retrieval<br/>Status: <b>Assigned</b><br/>Activity number: 9390941",
                "COL5E3428810BA16999": "C0009493080",
                "COL5E3428810BB42E66": "Assigned",
                "COL5E3428810BD54EB8": "RTF Setup/Retrieval"
            },
            "id": "5E34287FF5000076"
        },
        {
            "type": "Feature",
            "geometry": {
                "type": "Point",
                "coordinates": [
                    -77.0340284,
                    38.9561469,
                    0
                ]
            },
            "properties": {
                "name": "RTF Setup/Retrieval — C0009402478",
                "styleUrl": "#__managed_style_2705B7D3A64194EF9204",
                "styleMapHash": {
                    "normal": "#__managed_style_2705B7D3A64194EF9204_normal",
                    "highlight": "#__managed_style_2705B7D3A64194EF9204_highlight"
                },
                "description": "<b>1438 KENNEDY ST NW, WASHINGTON, DC, 20011</b><br/>Case: <b>C0009402478</b><br/>Activity: RTF Setup/Retrieval<br/>Status: <b>Started</b><br/>Activity number: 9294023",
                "COL5E3428810BA16999": "C0009402478",
                "COL5E3428810BB42E66": "Started",
                "COL5E3428810BD54EB8": "RTF Setup/Retrieval"
            },
            "id": "5E34287FF5000077"
        },
        {
            "type": "Feature",
            "geometry": {
                "type": "Point",
                "coordinates": [
                    -76.972714,
                    38.8461486,
                    0
                ]
            },
            "properties": {
                "name": "7 calls — 3506 22ND ST SE · 20020",
                "styleUrl": "#__managed_style_0C03A7B4454194EF9206",
                "styleMapHash": {
                    "normal": "#__managed_style_0C03A7B4454194EF9206_normal",
                    "highlight": "#__managed_style_0C03A7B4454194EF9206_highlight"
                },
                "description": "<b>3506 22ND ST SE, WASHINGTON, DC, 20020</b><br/>Calls at this matched location: <b>7</b><br/>Call dates: 2026-04-14 through 2026-04-28<br/>ZIP: 20020",
                "COL5E3428810B38E742": "7",
                "COL5E3428810B09F441": "20020"
            },
            "id": "5E34287FF5000079"
        },
        {
            "type": "Feature",
            "geometry": {
                "type": "Point",
                "coordinates": [
                    -76.9459555,
                    38.9009182,
                    0
                ]
            },
            "properties": {
                "name": "7 calls — 800 KENILWORTH AVE NE · 20019",
                "styleUrl": "#__managed_style_0C03A7B4454194EF9206",
                "styleMapHash": {
                    "normal": "#__managed_style_0C03A7B4454194EF9206_normal",
                    "highlight": "#__managed_style_0C03A7B4454194EF9206_highlight"
                },
                "description": "<b>800 KENILWORTH AVE NE, WASHINGTON, DC, 20019</b><br/>Calls at this matched location: <b>7</b><br/>Call dates: 2026-04-14 through 2026-08-05<br/>ZIP: 20019",
                "COL5E3428810B38E742": "7",
                "COL5E3428810B09F441": "20019"
            },
            "id": "5E34287FF500007A"
        },
        {
            "type": "Feature",
            "geometry": {
                "type": "Point",
                "coordinates": [
                    -76.9897021,
                    38.8360952,
                    0
                ]
            },
            "properties": {
                "name": "6 calls — 1102 VARNEY ST SE · 20032",
                "styleUrl": "#__managed_style_0C03A7B4454194EF9206",
                "styleMapHash": {
                    "normal": "#__managed_style_0C03A7B4454194EF9206_normal",
                    "highlight": "#__managed_style_0C03A7B4454194EF9206_highlight"
                },
                "description": "<b>1102 VARNEY ST SE, WASHINGTON, DC, 20032</b><br/>Calls at this matched location: <b>6</b><br/>Call dates: 2026-04-26 through 2026-08-04<br/>ZIP: 20032",
                "COL5E3428810B38E742": "6",
                "COL5E3428810B09F441": "20032"
            },
            "id": "5E34287FF500007B"
        },
        {
            "type": "Feature",
            "geometry": {
                "type": "Point",
                "coordinates": [
                    -77.039171,
                    38.9886615,
                    0
                ]
            },
            "properties": {
                "name": "6 calls — 1671 PRIMROSE RD NW · 20012",
                "styleUrl": "#__managed_style_0C03A7B4454194EF9206",
                "styleMapHash": {
                    "normal": "#__managed_style_0C03A7B4454194EF9206_normal",
                    "highlight": "#__managed_style_0C03A7B4454194EF9206_highlight"
                },
                "description": "<b>1671 PRIMROSE RD NW, WASHINGTON, DC, 20012</b><br/>Calls at this matched location: <b>6</b><br/>Call dates: 2026-04-06 through 2026-06-21<br/>ZIP: 20012",
                "COL5E3428810B38E742": "6",
                "COL5E3428810B09F441": "20012"
            },
            "id": "5E34287FF500007C"
        },
        {
            "type": "Feature",
            "geometry": {
                "type": "Point",
                "coordinates": [
                    -76.9720866,
                    38.9149665,
                    0
                ]
            },
            "properties": {
                "name": "6 calls — 1851 24TH ST NE · 20002",
                "styleUrl": "#__managed_style_0C03A7B4454194EF9206",
                "styleMapHash": {
                    "normal": "#__managed_style_0C03A7B4454194EF9206_normal",
                    "highlight": "#__managed_style_0C03A7B4454194EF9206_highlight"
                },
                "description": "<b>1851 24TH ST NE, WASHINGTON, DC, 20002</b><br/>Calls at this matched location: <b>6</b><br/>Call dates: 2026-06-02 through 2026-06-16<br/>ZIP: 20002",
                "COL5E3428810B38E742": "6",
                "COL5E3428810B09F441": "20002"
            },
            "id": "5E34287FF500007D"
        },
        {
            "type": "Feature",
            "geometry": {
                "type": "Point",
                "coordinates": [
                    -76.9603519,
                    38.8692141,
                    0
                ]
            },
            "properties": {
                "name": "5 calls — 3201 PENNSYLVANIA AVE SE · 20020",
                "styleUrl": "#__managed_style_0C03A7B4454194EF9206",
                "styleMapHash": {
                    "normal": "#__managed_style_0C03A7B4454194EF9206_normal",
                    "highlight": "#__managed_style_0C03A7B4454194EF9206_highlight"
                },
                "description": "<b>3201 PENNSYLVANIA AVE SE, WASHINGTON, DC, 20020</b><br/>Calls at this matched location: <b>5</b><br/>Call dates: 2026-04-27 through 2026-07-22<br/>ZIP: 20020",
                "COL5E3428810B38E742": "5",
                "COL5E3428810B09F441": "20020"
            },
            "id": "5E34287FF500007E"
        },
        {
            "type": "Feature",
            "geometry": {
                "type": "Point",
                "coordinates": [
                    -76.9975985,
                    38.8443195,
                    0
                ]
            },
            "properties": {
                "name": "5 calls — 616 RALEIGH PL SE · 20032",
                "styleUrl": "#__managed_style_0C03A7B4454194EF9206",
                "styleMapHash": {
                    "normal": "#__managed_style_0C03A7B4454194EF9206_normal",
                    "highlight": "#__managed_style_0C03A7B4454194EF9206_highlight"
                },
                "description": "<b>616 RALEIGH PL SE, WASHINGTON, DC, 20032</b><br/>Calls at this matched location: <b>5</b><br/>Call dates: 2026-04-30 through 2026-05-12<br/>ZIP: 20032",
                "COL5E3428810B38E742": "5",
                "COL5E3428810B09F441": "20032"
            },
            "id": "5E34287FF500007F"
        },
        {
            "type": "Feature",
            "geometry": {
                "type": "Point",
                "coordinates": [
                    -76.9922819,
                    38.8313551,
                    0
                ]
            },
            "properties": {
                "name": "5 calls — 828 BARNABY ST SE · 20032",
                "styleUrl": "#__managed_style_0C03A7B4454194EF9206",
                "styleMapHash": {
                    "normal": "#__managed_style_0C03A7B4454194EF9206_normal",
                    "highlight": "#__managed_style_0C03A7B4454194EF9206_highlight"
                },
                "description": "<b>828 BARNABY ST SE, WASHINGTON, DC, 20032</b><br/>Calls at this matched location: <b>5</b><br/>Call dates: 2026-04-14 through 2026-07-18<br/>ZIP: 20032",
                "COL5E3428810B38E742": "5",
                "COL5E3428810B09F441": "20032"
            },
            "id": "5E34287FF5000080"
        },
        {
            "type": "Feature",
            "geometry": {
                "type": "Point",
                "coordinates": [
                    -77.0124663,
                    38.9263275,
                    0
                ]
            },
            "properties": {
                "name": "4 calls — 111 MICHIGAN AVE NW · 20010",
                "styleUrl": "#__managed_style_040187DAEA4194EF9204",
                "styleMapHash": {
                    "normal": "#__managed_style_040187DAEA4194EF9204_normal",
                    "highlight": "#__managed_style_040187DAEA4194EF9204_highlight"
                },
                "description": "<b>111 MICHIGAN AVE NW, WASHINGTON, DC, 20010</b><br/>Calls at this matched location: <b>4</b><br/>Call dates: 2026-07-29 through 2026-08-01<br/>ZIP: 20010",
                "COL5E3428810B38E742": "4",
                "COL5E3428810B09F441": "20010"
            },
            "id": "5E34287FF5000081"
        },
        {
            "type": "Feature",
            "geometry": {
                "type": "Point",
                "coordinates": [
                    -76.998348,
                    38.8687707,
                    0
                ]
            },
            "properties": {
                "name": "4 calls — 1800 ANACOSTIA DR SE · 20020",
                "styleUrl": "#__managed_style_040187DAEA4194EF9204",
                "styleMapHash": {
                    "normal": "#__managed_style_040187DAEA4194EF9204_normal",
                    "highlight": "#__managed_style_040187DAEA4194EF9204_highlight"
                },
                "description": "<b>1800 ANACOSTIA DR SE, WASHINGTON, DC, 20020</b><br/>Calls at this matched location: <b>4</b><br/>Call dates: 2026-04-06 through 2026-07-16<br/>ZIP: 20020",
                "COL5E3428810B38E742": "4",
                "COL5E3428810B09F441": "20020"
            },
            "id": "5E34287FF5000082"
        },
        {
            "type": "Feature",
            "geometry": {
                "type": "Point",
                "coordinates": [
                    -77.0004951,
                    38.9168235,
                    0
                ]
            },
            "properties": {
                "name": "4 calls — 1945 4TH ST NE · 20002",
                "styleUrl": "#__managed_style_040187DAEA4194EF9204",
                "styleMapHash": {
                    "normal": "#__managed_style_040187DAEA4194EF9204_normal",
                    "highlight": "#__managed_style_040187DAEA4194EF9204_highlight"
                },
                "description": "<b>1945 4TH ST NE, WASHINGTON, DC, 20002</b><br/>Calls at this matched location: <b>4</b><br/>Call dates: 2026-06-23 through 2026-06-29<br/>ZIP: 20002",
                "COL5E3428810B38E742": "4",
                "COL5E3428810B09F441": "20002"
            },
            "id": "5E34287FF5000083"
        },
        {
            "type": "Feature",
            "geometry": {
                "type": "Point",
                "coordinates": [
                    -76.9743896,
                    38.8739062,
                    0
                ]
            },
            "properties": {
                "name": "4 calls — 2242 NICHOLSON ST SE · 20020",
                "styleUrl": "#__managed_style_040187DAEA4194EF9204",
                "styleMapHash": {
                    "normal": "#__managed_style_040187DAEA4194EF9204_normal",
                    "highlight": "#__managed_style_040187DAEA4194EF9204_highlight"
                },
                "description": "<b>2242 NICHOLSON ST SE, WASHINGTON, DC, 20020</b><br/>Calls at this matched location: <b>4</b><br/>Call dates: 2026-06-09 through 2026-07-21<br/>ZIP: 20020",
                "COL5E3428810B38E742": "4",
                "COL5E3428810B09F441": "20020"
            },
            "id": "5E34287FF5000084"
        },
        {
            "type": "Feature",
            "geometry": {
                "type": "Point",
                "coordinates": [
                    -76.9726183,
                    38.8575454,
                    0
                ]
            },
            "properties": {
                "name": "4 calls — 2348 AINGER PL SE · 20020",
                "styleUrl": "#__managed_style_040187DAEA4194EF9204",
                "styleMapHash": {
                    "normal": "#__managed_style_040187DAEA4194EF9204_normal",
                    "highlight": "#__managed_style_040187DAEA4194EF9204_highlight"
                },
                "description": "<b>2348 AINGER PL SE, WASHINGTON, DC, 20020</b><br/>Calls at this matched location: <b>4</b><br/>Call dates: 2026-04-22 through 2026-08-18<br/>ZIP: 20020",
                "COL5E3428810B38E742": "4",
                "COL5E3428810B09F441": "20020"
            },
            "id": "5E34287FF5000085"
        },
        {
            "type": "Feature",
            "geometry": {
                "type": "Point",
                "coordinates": [
                    -76.964169,
                    38.9243457,
                    0
                ]
            },
            "properties": {
                "name": "4 calls — 2528 SOUTH DAKOTA AVE NE · 20018",
                "styleUrl": "#__managed_style_040187DAEA4194EF9204",
                "styleMapHash": {
                    "normal": "#__managed_style_040187DAEA4194EF9204_normal",
                    "highlight": "#__managed_style_040187DAEA4194EF9204_highlight"
                },
                "description": "<b>2528 SOUTH DAKOTA AVE NE, WASHINGTON, DC, 20018</b><br/>Calls at this matched location: <b>4</b><br/>Call dates: 2026-06-04 through 2026-06-08<br/>ZIP: 20018",
                "COL5E3428810B38E742": "4",
                "COL5E3428810B09F441": "20018"
            },
            "id": "5E34287FF5000086"
        },
        {
            "type": "Feature",
            "geometry": {
                "type": "Point",
                "coordinates": [
                    -77.0324682,
                    38.9278589,
                    0
                ]
            },
            "properties": {
                "name": "4 calls — 3023 14TH ST NW · 20009",
                "styleUrl": "#__managed_style_040187DAEA4194EF9204",
                "styleMapHash": {
                    "normal": "#__managed_style_040187DAEA4194EF9204_normal",
                    "highlight": "#__managed_style_040187DAEA4194EF9204_highlight"
                },
                "description": "<b>3023 14TH ST NW, WASHINGTON, DC, 20009</b><br/>Calls at this matched location: <b>4</b><br/>Call dates: 2026-06-15 through 2026-06-15<br/>ZIP: 20009",
                "COL5E3428810B38E742": "4",
                "COL5E3428810B09F441": "20009"
            },
            "id": "5E34287FF5000087"
        },
        {
            "type": "Feature",
            "geometry": {
                "type": "Point",
                "coordinates": [
                    -76.9518185,
                    38.8629969,
                    0
                ]
            },
            "properties": {
                "name": "4 calls — 3823 W ST SE · 20020",
                "styleUrl": "#__managed_style_040187DAEA4194EF9204",
                "styleMapHash": {
                    "normal": "#__managed_style_040187DAEA4194EF9204_normal",
                    "highlight": "#__managed_style_040187DAEA4194EF9204_highlight"
                },
                "description": "<b>3823 W ST SE, WASHINGTON, DC, 20020</b><br/>Calls at this matched location: <b>4</b><br/>Call dates: 2026-04-30 through 2026-05-21<br/>ZIP: 20020",
                "COL5E3428810B38E742": "4",
                "COL5E3428810B09F441": "20020"
            },
            "id": "5E34287FF5000088"
        },
        {
            "type": "Feature",
            "geometry": {
                "type": "Point",
                "coordinates": [
                    -77.0155485,
                    38.943563,
                    0
                ]
            },
            "properties": {
                "name": "4 calls — 4328 3RD ST NW · 20011",
                "styleUrl": "#__managed_style_040187DAEA4194EF9204",
                "styleMapHash": {
                    "normal": "#__managed_style_040187DAEA4194EF9204_normal",
                    "highlight": "#__managed_style_040187DAEA4194EF9204_highlight"
                },
                "description": "<b>4328 3RD ST NW, WASHINGTON, DC, 20011</b><br/>Calls at this matched location: <b>4</b><br/>Call dates: 2026-05-22 through 2026-05-23<br/>ZIP: 20011",
                "COL5E3428810B38E742": "4",
                "COL5E3428810B09F441": "20011"
            },
            "id": "5E34287FF5000089"
        },
        {
            "type": "Feature",
            "geometry": {
                "type": "Point",
                "coordinates": [
                    -76.9970778,
                    38.8826709,
                    0
                ]
            },
            "properties": {
                "name": "4 calls — 645 E ST SE · 20003",
                "styleUrl": "#__managed_style_040187DAEA4194EF9204",
                "styleMapHash": {
                    "normal": "#__managed_style_040187DAEA4194EF9204_normal",
                    "highlight": "#__managed_style_040187DAEA4194EF9204_highlight"
                },
                "description": "<b>645 E ST SE, WASHINGTON, DC, 20003</b><br/>Calls at this matched location: <b>4</b><br/>Call dates: 2026-06-02 through 2026-06-04<br/>ZIP: 20003",
                "COL5E3428810B38E742": "4",
                "COL5E3428810B09F441": "20003"
            },
            "id": "5E34287FF500008A"
        },
        {
            "type": "Feature",
            "geometry": {
                "type": "Point",
                "coordinates": [
                    -76.9901753,
                    38.881214,
                    0
                ]
            },
            "properties": {
                "name": "4 calls — 700 12TH ST SE · 20003",
                "styleUrl": "#__managed_style_040187DAEA4194EF9204",
                "styleMapHash": {
                    "normal": "#__managed_style_040187DAEA4194EF9204_normal",
                    "highlight": "#__managed_style_040187DAEA4194EF9204_highlight"
                },
                "description": "<b>700 12TH ST SE, WASHINGTON, DC, 20003</b><br/>Calls at this matched location: <b>4</b><br/>Call dates: 2026-04-17 through 2026-04-21<br/>ZIP: 20003",
                "COL5E3428810B38E742": "4",
                "COL5E3428810B09F441": "20003"
            },
            "id": "5E34287FF500008B"
        },
        {
            "type": "Feature",
            "geometry": {
                "type": "Point",
                "coordinates": [
                    -77.0323471,
                    38.9857086,
                    0
                ]
            },
            "properties": {
                "name": "3 calls — 1371 LOCUST RD NW · 20012",
                "styleUrl": "#__managed_style_040187DAEA4194EF9204",
                "styleMapHash": {
                    "normal": "#__managed_style_040187DAEA4194EF9204_normal",
                    "highlight": "#__managed_style_040187DAEA4194EF9204_highlight"
                },
                "description": "<b>1371 LOCUST RD NW, WASHINGTON, DC, 20012</b><br/>Calls at this matched location: <b>3</b><br/>Call dates: 2026-07-13 through 2026-08-02<br/>ZIP: 20012",
                "COL5E3428810B38E742": "3",
                "COL5E3428810B09F441": "20012"
            },
            "id": "5E34287FF500008C"
        },
        {
            "type": "Feature",
            "geometry": {
                "type": "Point",
                "coordinates": [
                    -76.9677046,
                    38.869276,
                    0
                ]
            },
            "properties": {
                "name": "3 calls — 1716 28TH ST SE · 20020",
                "styleUrl": "#__managed_style_040187DAEA4194EF9204",
                "styleMapHash": {
                    "normal": "#__managed_style_040187DAEA4194EF9204_normal",
                    "highlight": "#__managed_style_040187DAEA4194EF9204_highlight"
                },
                "description": "<b>1716 28TH ST SE, WASHINGTON, DC, 20020</b><br/>Calls at this matched location: <b>3</b><br/>Call dates: 2026-06-12 through 2026-06-27<br/>ZIP: 20020",
                "COL5E3428810B38E742": "3",
                "COL5E3428810B09F441": "20020"
            },
            "id": "5E34287FF500008D"
        },
        {
            "type": "Feature",
            "geometry": {
                "type": "Point",
                "coordinates": [
                    -76.9688961,
                    38.8690172,
                    0
                ]
            },
            "properties": {
                "name": "3 calls — 1728 27TH ST SE · 20020",
                "styleUrl": "#__managed_style_040187DAEA4194EF9204",
                "styleMapHash": {
                    "normal": "#__managed_style_040187DAEA4194EF9204_normal",
                    "highlight": "#__managed_style_040187DAEA4194EF9204_highlight"
                },
                "description": "<b>1728 27TH ST SE, WASHINGTON, DC, 20020</b><br/>Calls at this matched location: <b>3</b><br/>Call dates: 2026-05-26 through 2026-07-22<br/>ZIP: 20020",
                "COL5E3428810B38E742": "3",
                "COL5E3428810B09F441": "20020"
            },
            "id": "5E34287FF500008E"
        },
        {
            "type": "Feature",
            "geometry": {
                "type": "Point",
                "coordinates": [
                    -76.9768157,
                    38.8968714,
                    0
                ]
            },
            "properties": {
                "name": "3 calls — 1918 ROSEDALE ST NE · 20002",
                "styleUrl": "#__managed_style_040187DAEA4194EF9204",
                "styleMapHash": {
                    "normal": "#__managed_style_040187DAEA4194EF9204_normal",
                    "highlight": "#__managed_style_040187DAEA4194EF9204_highlight"
                },
                "description": "<b>1918 ROSEDALE ST NE, WASHINGTON, DC, 20002</b><br/>Calls at this matched location: <b>3</b><br/>Call dates: 2026-06-23 through 2026-07-07<br/>ZIP: 20002",
                "COL5E3428810B38E742": "3",
                "COL5E3428810B09F441": "20002"
            },
            "id": "5E34287FF500008F"
        },
        {
            "type": "Feature",
            "geometry": {
                "type": "Point",
                "coordinates": [
                    -77.0021049,
                    38.9175292,
                    0
                ]
            },
            "properties": {
                "name": "3 calls — 2020 3RD ST NE · 20002",
                "styleUrl": "#__managed_style_040187DAEA4194EF9204",
                "styleMapHash": {
                    "normal": "#__managed_style_040187DAEA4194EF9204_normal",
                    "highlight": "#__managed_style_040187DAEA4194EF9204_highlight"
                },
                "description": "<b>2020 3RD ST NE, WASHINGTON, DC, 20002</b><br/>Calls at this matched location: <b>3</b><br/>Call dates: 2026-06-12 through 2026-06-20<br/>ZIP: 20002",
                "COL5E3428810B38E742": "3",
                "COL5E3428810B09F441": "20002"
            },
            "id": "5E34287FF5000090"
        },
        {
            "type": "Feature",
            "geometry": {
                "type": "Point",
                "coordinates": [
                    -77.007977,
                    38.8314889,
                    0
                ]
            },
            "properties": {
                "name": "3 calls — 21 ATLANTIC ST SW · 20032",
                "styleUrl": "#__managed_style_040187DAEA4194EF9204",
                "styleMapHash": {
                    "normal": "#__managed_style_040187DAEA4194EF9204_normal",
                    "highlight": "#__managed_style_040187DAEA4194EF9204_highlight"
                },
                "description": "<b>21 ATLANTIC ST SW, WASHINGTON, DC, 20032</b><br/>Calls at this matched location: <b>3</b><br/>Call dates: 2026-07-01 through 2026-07-02<br/>ZIP: 20032",
                "COL5E3428810B38E742": "3",
                "COL5E3428810B09F441": "20032"
            },
            "id": "5E34287FF5000091"
        },
        {
            "type": "Feature",
            "geometry": {
                "type": "Point",
                "coordinates": [
                    -76.9730037,
                    38.9294777,
                    0
                ]
            },
            "properties": {
                "name": "3 calls — 2304 WOODRIDGE ST NE · 20018",
                "styleUrl": "#__managed_style_040187DAEA4194EF9204",
                "styleMapHash": {
                    "normal": "#__managed_style_040187DAEA4194EF9204_normal",
                    "highlight": "#__managed_style_040187DAEA4194EF9204_highlight"
                },
                "description": "<b>2304 WOODRIDGE ST NE, WASHINGTON, DC, 20018</b><br/>Calls at this matched location: <b>3</b><br/>Call dates: 2026-07-13 through 2026-08-13<br/>ZIP: 20018",
                "COL5E3428810B38E742": "3",
                "COL5E3428810B09F441": "20018"
            },
            "id": "5E34287FF5000092"
        },
        {
            "type": "Feature",
            "geometry": {
                "type": "Point",
                "coordinates": [
                    -76.9698738,
                    38.8524248,
                    0
                ]
            },
            "properties": {
                "name": "3 calls — 2625 JASPER ST SE · 20020",
                "styleUrl": "#__managed_style_040187DAEA4194EF9204",
                "styleMapHash": {
                    "normal": "#__managed_style_040187DAEA4194EF9204_normal",
                    "highlight": "#__managed_style_040187DAEA4194EF9204_highlight"
                },
                "description": "<b>2625 JASPER ST SE, WASHINGTON, DC, 20020</b><br/>Calls at this matched location: <b>3</b><br/>Call dates: 2026-05-29 through 2026-06-18<br/>ZIP: 20020",
                "COL5E3428810B38E742": "3",
                "COL5E3428810B09F441": "20020"
            },
            "id": "5E34287FF5000093"
        },
        {
            "type": "Feature",
            "geometry": {
                "type": "Point",
                "coordinates": [
                    -76.9509953,
                    38.885038,
                    0
                ]
            },
            "properties": {
                "name": "3 calls — 268 37TH PL SE · 20019",
                "styleUrl": "#__managed_style_040187DAEA4194EF9204",
                "styleMapHash": {
                    "normal": "#__managed_style_040187DAEA4194EF9204_normal",
                    "highlight": "#__managed_style_040187DAEA4194EF9204_highlight"
                },
                "description": "<b>268 37TH PL SE, WASHINGTON, DC, 20019</b><br/>Calls at this matched location: <b>3</b><br/>Call dates: 2026-06-13 through 2026-06-14<br/>ZIP: 20019",
                "COL5E3428810B38E742": "3",
                "COL5E3428810B09F441": "20019"
            },
            "id": "5E34287FF5000094"
        },
        {
            "type": "Feature",
            "geometry": {
                "type": "Point",
                "coordinates": [
                    -76.9509927,
                    38.8850318,
                    0
                ]
            },
            "properties": {
                "name": "3 calls — 270 37TH PL SE · 20019",
                "styleUrl": "#__managed_style_040187DAEA4194EF9204",
                "styleMapHash": {
                    "normal": "#__managed_style_040187DAEA4194EF9204_normal",
                    "highlight": "#__managed_style_040187DAEA4194EF9204_highlight"
                },
                "description": "<b>270 37TH PL SE, WASHINGTON, DC, 20019</b><br/>Calls at this matched location: <b>3</b><br/>Call dates: 2026-07-21 through 2026-07-22<br/>ZIP: 20019",
                "COL5E3428810B38E742": "3",
                "COL5E3428810B09F441": "20019"
            },
            "id": "5E34287FF5000095"
        },
        {
            "type": "Feature",
            "geometry": {
                "type": "Point",
                "coordinates": [
                    -76.9950011,
                    38.8557193,
                    0
                ]
            },
            "properties": {
                "name": "3 calls — 2811 POMEROY RD SE · 20020",
                "styleUrl": "#__managed_style_040187DAEA4194EF9204",
                "styleMapHash": {
                    "normal": "#__managed_style_040187DAEA4194EF9204_normal",
                    "highlight": "#__managed_style_040187DAEA4194EF9204_highlight"
                },
                "description": "<b>2811 POMEROY RD SE, WASHINGTON, DC, 20020</b><br/>Calls at this matched location: <b>3</b><br/>Call dates: 2026-05-02 through 2026-06-04<br/>ZIP: 20020",
                "COL5E3428810B38E742": "3",
                "COL5E3428810B09F441": "20020"
            },
            "id": "5E34287FF5000096"
        },
        {
            "type": "Feature",
            "geometry": {
                "type": "Point",
                "coordinates": [
                    -77.0563715,
                    38.9275988,
                    0
                ]
            },
            "properties": {
                "name": "3 calls — 2825 28TH ST NW · 20008",
                "styleUrl": "#__managed_style_040187DAEA4194EF9204",
                "styleMapHash": {
                    "normal": "#__managed_style_040187DAEA4194EF9204_normal",
                    "highlight": "#__managed_style_040187DAEA4194EF9204_highlight"
                },
                "description": "<b>2825 28TH ST NW, WASHINGTON, DC, 20008</b><br/>Calls at this matched location: <b>3</b><br/>Call dates: 2026-06-10 through 2026-06-16<br/>ZIP: 20008",
                "COL5E3428810B38E742": "3",
                "COL5E3428810B09F441": "20008"
            },
            "id": "5E34287FF5000097"
        },
        {
            "type": "Feature",
            "geometry": {
                "type": "Point",
                "coordinates": [
                    -76.9734415,
                    38.8507421,
                    0
                ]
            },
            "properties": {
                "name": "3 calls — 3225 23RD ST SE · 20020",
                "styleUrl": "#__managed_style_040187DAEA4194EF9204",
                "styleMapHash": {
                    "normal": "#__managed_style_040187DAEA4194EF9204_normal",
                    "highlight": "#__managed_style_040187DAEA4194EF9204_highlight"
                },
                "description": "<b>3225 23RD ST SE, WASHINGTON, DC, 20020</b><br/>Calls at this matched location: <b>3</b><br/>Call dates: 2026-06-22 through 2026-06-25<br/>ZIP: 20020",
                "COL5E3428810B38E742": "3",
                "COL5E3428810B09F441": "20020"
            },
            "id": "5E34287FF5000098"
        },
        {
            "type": "Feature",
            "geometry": {
                "type": "Point",
                "coordinates": [
                    -76.954892,
                    38.8703881,
                    0
                ]
            },
            "properties": {
                "name": "3 calls — 3513 CARPENTER ST SE · 20020",
                "styleUrl": "#__managed_style_040187DAEA4194EF9204",
                "styleMapHash": {
                    "normal": "#__managed_style_040187DAEA4194EF9204_normal",
                    "highlight": "#__managed_style_040187DAEA4194EF9204_highlight"
                },
                "description": "<b>3513 CARPENTER ST SE, WASHINGTON, DC, 20020</b><br/>Calls at this matched location: <b>3</b><br/>Call dates: 2026-06-28 through 2026-07-25<br/>ZIP: 20020",
                "COL5E3428810B38E742": "3",
                "COL5E3428810B09F441": "20020"
            },
            "id": "5E34287FF5000099"
        },
        {
            "type": "Feature",
            "geometry": {
                "type": "Point",
                "coordinates": [
                    -76.9564601,
                    38.8631618,
                    0
                ]
            },
            "properties": {
                "name": "3 calls — 3622 ALABAMA AVE SE · 20020",
                "styleUrl": "#__managed_style_040187DAEA4194EF9204",
                "styleMapHash": {
                    "normal": "#__managed_style_040187DAEA4194EF9204_normal",
                    "highlight": "#__managed_style_040187DAEA4194EF9204_highlight"
                },
                "description": "<b>3622 ALABAMA AVE SE, WASHINGTON, DC, 20020</b><br/>Calls at this matched location: <b>3</b><br/>Call dates: 2026-05-07 through 2026-05-12<br/>ZIP: 20020",
                "COL5E3428810B38E742": "3",
                "COL5E3428810B09F441": "20020"
            },
            "id": "5E34287FF500009A"
        },
        {
            "type": "Feature",
            "geometry": {
                "type": "Point",
                "coordinates": [
                    -77.07239,
                    38.9603745,
                    0
                ]
            },
            "properties": {
                "name": "3 calls — 3735 KANAWHA ST NW · 20015",
                "styleUrl": "#__managed_style_040187DAEA4194EF9204",
                "styleMapHash": {
                    "normal": "#__managed_style_040187DAEA4194EF9204_normal",
                    "highlight": "#__managed_style_040187DAEA4194EF9204_highlight"
                },
                "description": "<b>3735 KANAWHA ST NW, WASHINGTON, DC, 20015</b><br/>Calls at this matched location: <b>3</b><br/>Call dates: 2026-08-10 through 2026-08-12<br/>ZIP: 20015",
                "COL5E3428810B38E742": "3",
                "COL5E3428810B09F441": "20015"
            },
            "id": "5E34287FF500009B"
        },
        {
            "type": "Feature",
            "geometry": {
                "type": "Point",
                "coordinates": [
                    -76.9489507,
                    38.9053632,
                    0
                ]
            },
            "properties": {
                "name": "3 calls — 3767 JAY ST NE · 20019",
                "styleUrl": "#__managed_style_040187DAEA4194EF9204",
                "styleMapHash": {
                    "normal": "#__managed_style_040187DAEA4194EF9204_normal",
                    "highlight": "#__managed_style_040187DAEA4194EF9204_highlight"
                },
                "description": "<b>3767 JAY ST NE, WASHINGTON, DC, 20019</b><br/>Calls at this matched location: <b>3</b><br/>Call dates: 2026-07-04 through 2026-07-18<br/>ZIP: 20019",
                "COL5E3428810B38E742": "3",
                "COL5E3428810B09F441": "20019"
            },
            "id": "5E34287FF500009C"
        },
        {
            "type": "Feature",
            "geometry": {
                "type": "Point",
                "coordinates": [
                    -76.9932729,
                    38.8341162,
                    0
                ]
            },
            "properties": {
                "name": "3 calls — 3809 9TH ST SE · 20032",
                "styleUrl": "#__managed_style_040187DAEA4194EF9204",
                "styleMapHash": {
                    "normal": "#__managed_style_040187DAEA4194EF9204_normal",
                    "highlight": "#__managed_style_040187DAEA4194EF9204_highlight"
                },
                "description": "<b>3809 9TH ST SE, WASHINGTON, DC, 20032</b><br/>Calls at this matched location: <b>3</b><br/>Call dates: 2026-07-10 through 2026-07-11<br/>ZIP: 20032",
                "COL5E3428810B38E742": "3",
                "COL5E3428810B09F441": "20032"
            },
            "id": "5E34287FF500009D"
        },
        {
            "type": "Feature",
            "geometry": {
                "type": "Point",
                "coordinates": [
                    -77.0114651,
                    38.8227874,
                    0
                ]
            },
            "properties": {
                "name": "3 calls — 4660 MARTIN LUTHER KING JR AVE SW · 20032",
                "styleUrl": "#__managed_style_040187DAEA4194EF9204",
                "styleMapHash": {
                    "normal": "#__managed_style_040187DAEA4194EF9204_normal",
                    "highlight": "#__managed_style_040187DAEA4194EF9204_highlight"
                },
                "description": "<b>4660 MARTIN LUTHER KING JR AVE SW, WASHINGTON, DC, 20032</b><br/>Calls at this matched location: <b>3</b><br/>Call dates: 2026-05-08 through 2026-07-12<br/>ZIP: 20032",
                "COL5E3428810B38E742": "3",
                "COL5E3428810B09F441": "20032"
            },
            "id": "5E34287FF500009E"
        },
        {
            "type": "Feature",
            "geometry": {
                "type": "Point",
                "coordinates": [
                    -77.0075652,
                    38.9102212,
                    0
                ]
            },
            "properties": {
                "name": "3 calls — 50 FLORIDA AVE NE · 20002",
                "styleUrl": "#__managed_style_040187DAEA4194EF9204",
                "styleMapHash": {
                    "normal": "#__managed_style_040187DAEA4194EF9204_normal",
                    "highlight": "#__managed_style_040187DAEA4194EF9204_highlight"
                },
                "description": "<b>50 FLORIDA AVE NE, WASHINGTON, DC, 20002</b><br/>Calls at this matched location: <b>3</b><br/>Call dates: 2026-05-18 through 2026-05-18<br/>ZIP: 20002",
                "COL5E3428810B38E742": "3",
                "COL5E3428810B09F441": "20002"
            },
            "id": "5E34287FF500009F"
        },
        {
            "type": "Feature",
            "geometry": {
                "type": "Point",
                "coordinates": [
                    -76.9283325,
                    38.8843638,
                    0
                ]
            },
            "properties": {
                "name": "3 calls — 5112 CALL PL SE · 20019",
                "styleUrl": "#__managed_style_040187DAEA4194EF9204",
                "styleMapHash": {
                    "normal": "#__managed_style_040187DAEA4194EF9204_normal",
                    "highlight": "#__managed_style_040187DAEA4194EF9204_highlight"
                },
                "description": "<b>5112 CALL PL SE, WASHINGTON, DC, 20019</b><br/>Calls at this matched location: <b>3</b><br/>Call dates: 2026-05-19 through 2026-05-21<br/>ZIP: 20019",
                "COL5E3428810B38E742": "3",
                "COL5E3428810B09F441": "20019"
            },
            "id": "5E34287FF50000A0"
        },
        {
            "type": "Feature",
            "geometry": {
                "type": "Point",
                "coordinates": [
                    -76.9286585,
                    38.8806943,
                    0
                ]
            },
            "properties": {
                "name": "3 calls — 5121 FITCH ST SE · 20019",
                "styleUrl": "#__managed_style_040187DAEA4194EF9204",
                "styleMapHash": {
                    "normal": "#__managed_style_040187DAEA4194EF9204_normal",
                    "highlight": "#__managed_style_040187DAEA4194EF9204_highlight"
                },
                "description": "<b>5121 FITCH ST SE, WASHINGTON, DC, 20019</b><br/>Calls at this matched location: <b>3</b><br/>Call dates: 2026-07-12 through 2026-07-14<br/>ZIP: 20019",
                "COL5E3428810B38E742": "3",
                "COL5E3428810B09F441": "20019"
            },
            "id": "5E34287FF50000A1"
        },
        {
            "type": "Feature",
            "geometry": {
                "type": "Point",
                "coordinates": [
                    -76.9993118,
                    38.8403349,
                    0
                ]
            },
            "properties": {
                "name": "3 calls — 519 TRENTON ST SE · 20032",
                "styleUrl": "#__managed_style_040187DAEA4194EF9204",
                "styleMapHash": {
                    "normal": "#__managed_style_040187DAEA4194EF9204_normal",
                    "highlight": "#__managed_style_040187DAEA4194EF9204_highlight"
                },
                "description": "<b>519 TRENTON ST SE, WASHINGTON, DC, 20032</b><br/>Calls at this matched location: <b>3</b><br/>Call dates: 2026-06-04 through 2026-07-08<br/>ZIP: 20032",
                "COL5E3428810B38E742": "3",
                "COL5E3428810B09F441": "20032"
            },
            "id": "5E34287FF50000A2"
        },
        {
            "type": "Feature",
            "geometry": {
                "type": "Point",
                "coordinates": [
                    -76.9274617,
                    38.8983522,
                    0
                ]
            },
            "properties": {
                "name": "3 calls — 51ST ST NE & NANNIE HELEN BURROUGHS AVE NE · 20019",
                "styleUrl": "#__managed_style_040187DAEA4194EF9204",
                "styleMapHash": {
                    "normal": "#__managed_style_040187DAEA4194EF9204_normal",
                    "highlight": "#__managed_style_040187DAEA4194EF9204_highlight"
                },
                "description": "<b>51ST ST NE &amp; NANNIE HELEN BURROUGHS AVE NE, WASHINGTON, DC, 20019</b><br/>Calls at this matched location: <b>3</b><br/>Call dates: 2026-04-12 through 2026-04-12<br/>ZIP: 20019",
                "COL5E3428810B38E742": "3",
                "COL5E3428810B09F441": "20019"
            },
            "id": "5E34287FF50000A3"
        },
        {
            "type": "Feature",
            "geometry": {
                "type": "Point",
                "coordinates": [
                    -77.0140304,
                    38.9613735,
                    0
                ]
            },
            "properties": {
                "name": "3 calls — 71 OGLETHORPE ST NW · 20011",
                "styleUrl": "#__managed_style_040187DAEA4194EF9204",
                "styleMapHash": {
                    "normal": "#__managed_style_040187DAEA4194EF9204_normal",
                    "highlight": "#__managed_style_040187DAEA4194EF9204_highlight"
                },
                "description": "<b>71 OGLETHORPE ST NW, WASHINGTON, DC, 20011</b><br/>Calls at this matched location: <b>3</b><br/>Call dates: 2026-04-03 through 2026-08-17<br/>ZIP: 20011",
                "COL5E3428810B38E742": "3",
                "COL5E3428810B09F441": "20011"
            },
            "id": "5E34287FF50000A4"
        },
        {
            "type": "Feature",
            "geometry": {
                "type": "Point",
                "coordinates": [
                    -76.9275395,
                    38.8986667,
                    0
                ]
            },
            "properties": {
                "name": "3 calls — 730 51ST ST NE · 20019",
                "styleUrl": "#__managed_style_040187DAEA4194EF9204",
                "styleMapHash": {
                    "normal": "#__managed_style_040187DAEA4194EF9204_normal",
                    "highlight": "#__managed_style_040187DAEA4194EF9204_highlight"
                },
                "description": "<b>730 51ST ST NE, WASHINGTON, DC, 20019</b><br/>Calls at this matched location: <b>3</b><br/>Call dates: 2026-07-06 through 2026-07-14<br/>ZIP: 20019",
                "COL5E3428810B38E742": "3",
                "COL5E3428810B09F441": "20019"
            },
            "id": "5E34287FF50000A5"
        },
        {
            "type": "Feature",
            "geometry": {
                "type": "Point",
                "coordinates": [
                    -76.9815612,
                    38.8794561,
                    0
                ]
            },
            "properties": {
                "name": "3 calls — 824 KENTUCKY AVE SE · 20003",
                "styleUrl": "#__managed_style_040187DAEA4194EF9204",
                "styleMapHash": {
                    "normal": "#__managed_style_040187DAEA4194EF9204_normal",
                    "highlight": "#__managed_style_040187DAEA4194EF9204_highlight"
                },
                "description": "<b>824 KENTUCKY AVE SE, WASHINGTON, DC, 20003</b><br/>Calls at this matched location: <b>3</b><br/>Call dates: 2026-05-09 through 2026-05-12<br/>ZIP: 20003",
                "COL5E3428810B38E742": "3",
                "COL5E3428810B09F441": "20003"
            },
            "id": "5E34287FF50000A6"
        },
        {
            "type": "Feature",
            "geometry": {
                "type": "Point",
                "coordinates": [
                    -77.0120961,
                    38.9025765,
                    0
                ]
            },
            "properties": {
                "name": "2 calls — 1001 1ST ST NW · 20001",
                "styleUrl": "#__managed_style_040187DAEA4194EF9204",
                "styleMapHash": {
                    "normal": "#__managed_style_040187DAEA4194EF9204_normal",
                    "highlight": "#__managed_style_040187DAEA4194EF9204_highlight"
                },
                "description": "<b>1001 1ST ST NW, WASHINGTON, DC, 20001</b><br/>Calls at this matched location: <b>2</b><br/>Call dates: 2026-05-08 through 2026-05-08<br/>ZIP: 20001",
                "COL5E3428810B38E742": "2",
                "COL5E3428810B09F441": "20001"
            },
            "id": "5E34287FF50000A7"
        },
        {
            "type": "Feature",
            "geometry": {
                "type": "Point",
                "coordinates": [
                    -77.0067121,
                    38.9654529,
                    0
                ]
            },
            "properties": {
                "name": "2 calls — 103 RITTENHOUSE ST NE · 20011",
                "styleUrl": "#__managed_style_040187DAEA4194EF9204",
                "styleMapHash": {
                    "normal": "#__managed_style_040187DAEA4194EF9204_normal",
                    "highlight": "#__managed_style_040187DAEA4194EF9204_highlight"
                },
                "description": "<b>103 RITTENHOUSE ST NE, WASHINGTON, DC, 20011</b><br/>Calls at this matched location: <b>2</b><br/>Call dates: 2026-04-29 through 2026-05-01<br/>ZIP: 20011",
                "COL5E3428810B38E742": "2",
                "COL5E3428810B09F441": "20011"
            },
            "id": "5E34287FF50000A8"
        },
        {
            "type": "Feature",
            "geometry": {
                "type": "Point",
                "coordinates": [
                    -76.9881129,
                    38.8326852,
                    0
                ]
            },
            "properties": {
                "name": "2 calls — 1103 BELLEVUE ST SE · 20032",
                "styleUrl": "#__managed_style_040187DAEA4194EF9204",
                "styleMapHash": {
                    "normal": "#__managed_style_040187DAEA4194EF9204_normal",
                    "highlight": "#__managed_style_040187DAEA4194EF9204_highlight"
                },
                "description": "<b>1103 BELLEVUE ST SE, WASHINGTON, DC, 20032</b><br/>Calls at this matched location: <b>2</b><br/>Call dates: 2026-07-27 through 2026-07-28<br/>ZIP: 20032",
                "COL5E3428810B38E742": "2",
                "COL5E3428810B09F441": "20032"
            },
            "id": "5E34287FF50000A9"
        },
        {
            "type": "Feature",
            "geometry": {
                "type": "Point",
                "coordinates": [
                    -76.9895449,
                    38.8360485,
                    0
                ]
            },
            "properties": {
                "name": "2 calls — 1108 VARNEY ST SE · 20032",
                "styleUrl": "#__managed_style_040187DAEA4194EF9204",
                "styleMapHash": {
                    "normal": "#__managed_style_040187DAEA4194EF9204_normal",
                    "highlight": "#__managed_style_040187DAEA4194EF9204_highlight"
                },
                "description": "<b>1108 VARNEY ST SE, WASHINGTON, DC, 20032</b><br/>Calls at this matched location: <b>2</b><br/>Call dates: 2026-04-27 through 2026-04-27<br/>ZIP: 20032",
                "COL5E3428810B38E742": "2",
                "COL5E3428810B09F441": "20032"
            },
            "id": "5E34287FF50000AA"
        },
        {
            "type": "Feature",
            "geometry": {
                "type": "Point",
                "coordinates": [
                    -76.9898258,
                    38.8443995,
                    0
                ]
            },
            "properties": {
                "name": "2 calls — 1219 ALABAMA AVE SE · 20032",
                "styleUrl": "#__managed_style_040187DAEA4194EF9204",
                "styleMapHash": {
                    "normal": "#__managed_style_040187DAEA4194EF9204_normal",
                    "highlight": "#__managed_style_040187DAEA4194EF9204_highlight"
                },
                "description": "<b>1219 ALABAMA AVE SE, WASHINGTON, DC, 20032</b><br/>Calls at this matched location: <b>2</b><br/>Call dates: 2026-05-14 through 2026-05-21<br/>ZIP: 20032",
                "COL5E3428810B38E742": "2",
                "COL5E3428810B09F441": "20032"
            },
            "id": "5E34287FF50000AB"
        },
        {
            "type": "Feature",
            "geometry": {
                "type": "Point",
                "coordinates": [
                    -77.0284387,
                    38.9057018,
                    0
                ]
            },
            "properties": {
                "name": "2 calls — 1221 M ST NW · 20005",
                "styleUrl": "#__managed_style_040187DAEA4194EF9204",
                "styleMapHash": {
                    "normal": "#__managed_style_040187DAEA4194EF9204_normal",
                    "highlight": "#__managed_style_040187DAEA4194EF9204_highlight"
                },
                "description": "<b>1221 M ST NW, WASHINGTON, DC, 20005</b><br/>Calls at this matched location: <b>2</b><br/>Call dates: 2026-05-19 through 2026-05-19<br/>ZIP: 20005",
                "COL5E3428810B38E742": "2",
                "COL5E3428810B09F441": "20005"
            },
            "id": "5E34287FF50000AC"
        },
        {
            "type": "Feature",
            "geometry": {
                "type": "Point",
                "coordinates": [
                    -76.9893864,
                    38.8431443,
                    0
                ]
            },
            "properties": {
                "name": "2 calls — 1224 SAVANNAH ST SE · 20032",
                "styleUrl": "#__managed_style_040187DAEA4194EF9204",
                "styleMapHash": {
                    "normal": "#__managed_style_040187DAEA4194EF9204_normal",
                    "highlight": "#__managed_style_040187DAEA4194EF9204_highlight"
                },
                "description": "<b>1224 SAVANNAH ST SE, WASHINGTON, DC, 20032</b><br/>Calls at this matched location: <b>2</b><br/>Call dates: 2026-05-21 through 2026-06-28<br/>ZIP: 20032",
                "COL5E3428810B38E742": "2",
                "COL5E3428810B09F441": "20032"
            },
            "id": "5E34287FF50000AD"
        },
        {
            "type": "Feature",
            "geometry": {
                "type": "Point",
                "coordinates": [
                    -77.0299642,
                    38.9451195,
                    0
                ]
            },
            "properties": {
                "name": "2 calls — 1311 ALLISON ST NW · 20011",
                "styleUrl": "#__managed_style_040187DAEA4194EF9204",
                "styleMapHash": {
                    "normal": "#__managed_style_040187DAEA4194EF9204_normal",
                    "highlight": "#__managed_style_040187DAEA4194EF9204_highlight"
                },
                "description": "<b>1311 ALLISON ST NW, WASHINGTON, DC, 20011</b><br/>Calls at this matched location: <b>2</b><br/>Call dates: 2026-04-30 through 2026-05-02<br/>ZIP: 20011",
                "COL5E3428810B38E742": "2",
                "COL5E3428810B09F441": "20011"
            },
            "id": "5E34287FF50000AE"
        },
        {
            "type": "Feature",
            "geometry": {
                "type": "Point",
                "coordinates": [
                    -76.9870235,
                    38.8422796,
                    0
                ]
            },
            "properties": {
                "name": "2 calls — 1328 CONGRESS ST SE · 20032",
                "styleUrl": "#__managed_style_040187DAEA4194EF9204",
                "styleMapHash": {
                    "normal": "#__managed_style_040187DAEA4194EF9204_normal",
                    "highlight": "#__managed_style_040187DAEA4194EF9204_highlight"
                },
                "description": "<b>1328 CONGRESS ST SE, WASHINGTON, DC, 20032</b><br/>Calls at this matched location: <b>2</b><br/>Call dates: 2026-05-07 through 2026-05-07<br/>ZIP: 20032",
                "COL5E3428810B38E742": "2",
                "COL5E3428810B09F441": "20032"
            },
            "id": "5E34287FF50000AF"
        },
        {
            "type": "Feature",
            "geometry": {
                "type": "Point",
                "coordinates": [
                    -77.0312278,
                    38.9375494,
                    0
                ]
            },
            "properties": {
                "name": "2 calls — 1338 QUINCY ST NW · 20011",
                "styleUrl": "#__managed_style_040187DAEA4194EF9204",
                "styleMapHash": {
                    "normal": "#__managed_style_040187DAEA4194EF9204_normal",
                    "highlight": "#__managed_style_040187DAEA4194EF9204_highlight"
                },
                "description": "<b>1338 QUINCY ST NW, WASHINGTON, DC, 20011</b><br/>Calls at this matched location: <b>2</b><br/>Call dates: 2026-06-02 through 2026-07-06<br/>ZIP: 20011",
                "COL5E3428810B38E742": "2",
                "COL5E3428810B09F441": "20011"
            },
            "id": "5E34287FF50000B0"
        },
        {
            "type": "Feature",
            "geometry": {
                "type": "Point",
                "coordinates": [
                    -77.0312754,
                    38.937549,
                    0
                ]
            },
            "properties": {
                "name": "2 calls — 1340 QUINCY ST NW · 20011",
                "styleUrl": "#__managed_style_040187DAEA4194EF9204",
                "styleMapHash": {
                    "normal": "#__managed_style_040187DAEA4194EF9204_normal",
                    "highlight": "#__managed_style_040187DAEA4194EF9204_highlight"
                },
                "description": "<b>1340 QUINCY ST NW, WASHINGTON, DC, 20011</b><br/>Calls at this matched location: <b>2</b><br/>Call dates: 2026-06-05 through 2026-07-02<br/>ZIP: 20011",
                "COL5E3428810B38E742": "2",
                "COL5E3428810B09F441": "20011"
            },
            "id": "5E34287FF50000B1"
        },
        {
            "type": "Feature",
            "geometry": {
                "type": "Point",
                "coordinates": [
                    -77.0312892,
                    38.9366477,
                    0
                ]
            },
            "properties": {
                "name": "2 calls — 1348 SPRING RD NW · 20010",
                "styleUrl": "#__managed_style_040187DAEA4194EF9204",
                "styleMapHash": {
                    "normal": "#__managed_style_040187DAEA4194EF9204_normal",
                    "highlight": "#__managed_style_040187DAEA4194EF9204_highlight"
                },
                "description": "<b>1348 SPRING RD NW, WASHINGTON, DC, 20010</b><br/>Calls at this matched location: <b>2</b><br/>Call dates: 2026-05-21 through 2026-05-21<br/>ZIP: 20010",
                "COL5E3428810B38E742": "2",
                "COL5E3428810B09F441": "20010"
            },
            "id": "5E34287FF50000B2"
        },
        {
            "type": "Feature",
            "geometry": {
                "type": "Point",
                "coordinates": [
                    -77.0320614,
                    38.9602755,
                    0
                ]
            },
            "properties": {
                "name": "2 calls — 1357 NICHOLSON ST NW · 20011",
                "styleUrl": "#__managed_style_040187DAEA4194EF9204",
                "styleMapHash": {
                    "normal": "#__managed_style_040187DAEA4194EF9204_normal",
                    "highlight": "#__managed_style_040187DAEA4194EF9204_highlight"
                },
                "description": "<b>1357 NICHOLSON ST NW, WASHINGTON, DC, 20011</b><br/>Calls at this matched location: <b>2</b><br/>Call dates: 2026-05-17 through 2026-05-17<br/>ZIP: 20011",
                "COL5E3428810B38E742": "2",
                "COL5E3428810B09F441": "20011"
            },
            "id": "5E34287FF50000B3"
        },
        {
            "type": "Feature",
            "geometry": {
                "type": "Point",
                "coordinates": [
                    -77.0325705,
                    38.9630588,
                    0
                ]
            },
            "properties": {
                "name": "2 calls — 1360 PEABODY ST NW · 20011",
                "styleUrl": "#__managed_style_040187DAEA4194EF9204",
                "styleMapHash": {
                    "normal": "#__managed_style_040187DAEA4194EF9204_normal",
                    "highlight": "#__managed_style_040187DAEA4194EF9204_highlight"
                },
                "description": "<b>1360 PEABODY ST NW, WASHINGTON, DC, 20011</b><br/>Calls at this matched location: <b>2</b><br/>Call dates: 2026-08-18 through 2026-08-18<br/>ZIP: 20011",
                "COL5E3428810B38E742": "2",
                "COL5E3428810B09F441": "20011"
            },
            "id": "5E34287FF50000B4"
        },
        {
            "type": "Feature",
            "geometry": {
                "type": "Point",
                "coordinates": [
                    -76.9790828,
                    38.8728247,
                    0
                ]
            },
            "properties": {
                "name": "2 calls — 1405 18TH ST SE · 20020",
                "styleUrl": "#__managed_style_040187DAEA4194EF9204",
                "styleMapHash": {
                    "normal": "#__managed_style_040187DAEA4194EF9204_normal",
                    "highlight": "#__managed_style_040187DAEA4194EF9204_highlight"
                },
                "description": "<b>1405 18TH ST SE, WASHINGTON, DC, 20020</b><br/>Calls at this matched location: <b>2</b><br/>Call dates: 2026-05-06 through 2026-05-15<br/>ZIP: 20020",
                "COL5E3428810B38E742": "2",
                "COL5E3428810B09F441": "20020"
            },
            "id": "5E34287FF50000B5"
        },
        {
            "type": "Feature",
            "geometry": {
                "type": "Point",
                "coordinates": [
                    -76.942685,
                    38.8915078,
                    0
                ]
            },
            "properties": {
                "name": "2 calls — 142 42ND ST NE · 20019",
                "styleUrl": "#__managed_style_040187DAEA4194EF9204",
                "styleMapHash": {
                    "normal": "#__managed_style_040187DAEA4194EF9204_normal",
                    "highlight": "#__managed_style_040187DAEA4194EF9204_highlight"
                },
                "description": "<b>142 42ND ST NE, WASHINGTON, DC, 20019</b><br/>Calls at this matched location: <b>2</b><br/>Call dates: 2026-04-27 through 2026-04-29<br/>ZIP: 20019",
                "COL5E3428810B38E742": "2",
                "COL5E3428810B09F441": "20019"
            },
            "id": "5E34287FF50000B6"
        },
        {
            "type": "Feature",
            "geometry": {
                "type": "Point",
                "coordinates": [
                    -77.0112349,
                    38.8259979,
                    0
                ]
            },
            "properties": {
                "name": "2 calls — 146 ELMIRA ST SW · 20032",
                "styleUrl": "#__managed_style_040187DAEA4194EF9204",
                "styleMapHash": {
                    "normal": "#__managed_style_040187DAEA4194EF9204_normal",
                    "highlight": "#__managed_style_040187DAEA4194EF9204_highlight"
                },
                "description": "<b>146 ELMIRA ST SW, WASHINGTON, DC, 20032</b><br/>Calls at this matched location: <b>2</b><br/>Call dates: 2026-04-06 through 2026-05-01<br/>ZIP: 20032",
                "COL5E3428810B38E742": "2",
                "COL5E3428810B09F441": "20032"
            },
            "id": "5E34287FF50000B7"
        },
        {
            "type": "Feature",
            "geometry": {
                "type": "Point",
                "coordinates": [
                    -76.9372078,
                    38.9113203,
                    0
                ]
            },
            "properties": {
                "name": "2 calls — 1516 45TH ST NE · 20019",
                "styleUrl": "#__managed_style_040187DAEA4194EF9204",
                "styleMapHash": {
                    "normal": "#__managed_style_040187DAEA4194EF9204_normal",
                    "highlight": "#__managed_style_040187DAEA4194EF9204_highlight"
                },
                "description": "<b>1516 45TH ST NE, WASHINGTON, DC, 20019</b><br/>Calls at this matched location: <b>2</b><br/>Call dates: 2026-08-14 through 2026-08-14<br/>ZIP: 20019",
                "COL5E3428810B38E742": "2",
                "COL5E3428810B09F441": "20019"
            },
            "id": "5E34287FF50000B8"
        },
        {
            "type": "Feature",
            "geometry": {
                "type": "Point",
                "coordinates": [
                    -76.9821711,
                    38.8551039,
                    0
                ]
            },
            "properties": {
                "name": "2 calls — 1601 GAINESVILLE ST SE · 20020",
                "styleUrl": "#__managed_style_040187DAEA4194EF9204",
                "styleMapHash": {
                    "normal": "#__managed_style_040187DAEA4194EF9204_normal",
                    "highlight": "#__managed_style_040187DAEA4194EF9204_highlight"
                },
                "description": "<b>1601 GAINESVILLE ST SE, WASHINGTON, DC, 20020</b><br/>Calls at this matched location: <b>2</b><br/>Call dates: 2026-05-26 through 2026-05-27<br/>ZIP: 20020",
                "COL5E3428810B38E742": "2",
                "COL5E3428810B09F441": "20020"
            },
            "id": "5E34287FF50000B9"
        },
        {
            "type": "Feature",
            "geometry": {
                "type": "Point",
                "coordinates": [
                    -76.9678537,
                    38.8691924,
                    0
                ]
            },
            "properties": {
                "name": "2 calls — 1727 28TH ST SE · 20020",
                "styleUrl": "#__managed_style_040187DAEA4194EF9204",
                "styleMapHash": {
                    "normal": "#__managed_style_040187DAEA4194EF9204_normal",
                    "highlight": "#__managed_style_040187DAEA4194EF9204_highlight"
                },
                "description": "<b>1727 28TH ST SE, WASHINGTON, DC, 20020</b><br/>Calls at this matched location: <b>2</b><br/>Call dates: 2026-07-02 through 2026-08-01<br/>ZIP: 20020",
                "COL5E3428810B38E742": "2",
                "COL5E3428810B09F441": "20020"
            },
            "id": "5E34287FF50000BA"
        },
        {
            "type": "Feature",
            "geometry": {
                "type": "Point",
                "coordinates": [
                    -76.9798541,
                    38.8628217,
                    0
                ]
            },
            "properties": {
                "name": "2 calls — 1728 W ST SE · 20020",
                "styleUrl": "#__managed_style_040187DAEA4194EF9204",
                "styleMapHash": {
                    "normal": "#__managed_style_040187DAEA4194EF9204_normal",
                    "highlight": "#__managed_style_040187DAEA4194EF9204_highlight"
                },
                "description": "<b>1728 W ST SE, WASHINGTON, DC, 20020</b><br/>Calls at this matched location: <b>2</b><br/>Call dates: 2026-06-26 through 2026-06-27<br/>ZIP: 20020",
                "COL5E3428810B38E742": "2",
                "COL5E3428810B09F441": "20020"
            },
            "id": "5E34287FF50000BB"
        },
        {
            "type": "Feature",
            "geometry": {
                "type": "Point",
                "coordinates": [
                    -76.9657227,
                    38.8683987,
                    0
                ]
            },
            "properties": {
                "name": "2 calls — 1810 29TH ST SE · 20020",
                "styleUrl": "#__managed_style_040187DAEA4194EF9204",
                "styleMapHash": {
                    "normal": "#__managed_style_040187DAEA4194EF9204_normal",
                    "highlight": "#__managed_style_040187DAEA4194EF9204_highlight"
                },
                "description": "<b>1810 29TH ST SE, WASHINGTON, DC, 20020</b><br/>Calls at this matched location: <b>2</b><br/>Call dates: 2026-05-08 through 2026-05-08<br/>ZIP: 20020",
                "COL5E3428810B38E742": "2",
                "COL5E3428810B09F441": "20020"
            },
            "id": "5E34287FF50000BC"
        },
        {
            "type": "Feature",
            "geometry": {
                "type": "Point",
                "coordinates": [
                    -76.9775216,
                    38.840164,
                    0
                ]
            },
            "properties": {
                "name": "2 calls — 1814 VALLEY TER SE · 20032",
                "styleUrl": "#__managed_style_040187DAEA4194EF9204",
                "styleMapHash": {
                    "normal": "#__managed_style_040187DAEA4194EF9204_normal",
                    "highlight": "#__managed_style_040187DAEA4194EF9204_highlight"
                },
                "description": "<b>1814 VALLEY TER SE, WASHINGTON, DC, 20032</b><br/>Calls at this matched location: <b>2</b><br/>Call dates: 2026-07-06 through 2026-07-07<br/>ZIP: 20032",
                "COL5E3428810B38E742": "2",
                "COL5E3428810B09F441": "20032"
            },
            "id": "5E34287FF50000BD"
        },
        {
            "type": "Feature",
            "geometry": {
                "type": "Point",
                "coordinates": [
                    -76.9769783,
                    38.8968987,
                    0
                ]
            },
            "properties": {
                "name": "2 calls — 1900 ROSEDALE ST NE · 20002",
                "styleUrl": "#__managed_style_040187DAEA4194EF9204",
                "styleMapHash": {
                    "normal": "#__managed_style_040187DAEA4194EF9204_normal",
                    "highlight": "#__managed_style_040187DAEA4194EF9204_highlight"
                },
                "description": "<b>1900 ROSEDALE ST NE, WASHINGTON, DC, 20002</b><br/>Calls at this matched location: <b>2</b><br/>Call dates: 2026-07-19 through 2026-07-21<br/>ZIP: 20002",
                "COL5E3428810B38E742": "2",
                "COL5E3428810B09F441": "20002"
            },
            "id": "5E34287FF50000BE"
        },
        {
            "type": "Feature",
            "geometry": {
                "type": "Point",
                "coordinates": [
                    -77.0034561,
                    38.8765395,
                    0
                ]
            },
            "properties": {
                "name": "2 calls — 200 M ST SE · 20003",
                "styleUrl": "#__managed_style_040187DAEA4194EF9204",
                "styleMapHash": {
                    "normal": "#__managed_style_040187DAEA4194EF9204_normal",
                    "highlight": "#__managed_style_040187DAEA4194EF9204_highlight"
                },
                "description": "<b>200 M ST SE, WASHINGTON, DC, 20003</b><br/>Calls at this matched location: <b>2</b><br/>Call dates: 2026-04-14 through 2026-04-14<br/>ZIP: 20003",
                "COL5E3428810B38E742": "2",
                "COL5E3428810B09F441": "20003"
            },
            "id": "5E34287FF50000BF"
        },
        {
            "type": "Feature",
            "geometry": {
                "type": "Point",
                "coordinates": [
                    -77.0038666,
                    38.9111674,
                    0
                ]
            },
            "properties": {
                "name": "2 calls — 200 Q ST NE · 20002",
                "styleUrl": "#__managed_style_040187DAEA4194EF9204",
                "styleMapHash": {
                    "normal": "#__managed_style_040187DAEA4194EF9204_normal",
                    "highlight": "#__managed_style_040187DAEA4194EF9204_highlight"
                },
                "description": "<b>200 Q ST NE, WASHINGTON, DC, 20002</b><br/>Calls at this matched location: <b>2</b><br/>Call dates: 2026-05-17 through 2026-06-29<br/>ZIP: 20002",
                "COL5E3428810B38E742": "2",
                "COL5E3428810B09F441": "20002"
            },
            "id": "5E34287FF50000C0"
        },
        {
            "type": "Feature",
            "geometry": {
                "type": "Point",
                "coordinates": [
                    -77.0034966,
                    38.9012649,
                    0
                ]
            },
            "properties": {
                "name": "2 calls — 201 I ST NE · 20002",
                "styleUrl": "#__managed_style_040187DAEA4194EF9204",
                "styleMapHash": {
                    "normal": "#__managed_style_040187DAEA4194EF9204_normal",
                    "highlight": "#__managed_style_040187DAEA4194EF9204_highlight"
                },
                "description": "<b>201 I ST NE, WASHINGTON, DC, 20002</b><br/>Calls at this matched location: <b>2</b><br/>Call dates: 2026-06-14 through 2026-06-15<br/>ZIP: 20002",
                "COL5E3428810B38E742": "2",
                "COL5E3428810B09F441": "20002"
            },
            "id": "5E34287FF50000C1"
        },
        {
            "type": "Feature",
            "geometry": {
                "type": "Point",
                "coordinates": [
                    -76.9612796,
                    38.9189547,
                    0
                ]
            },
            "properties": {
                "name": "2 calls — 2237 33RD ST NE · 20018",
                "styleUrl": "#__managed_style_040187DAEA4194EF9204",
                "styleMapHash": {
                    "normal": "#__managed_style_040187DAEA4194EF9204_normal",
                    "highlight": "#__managed_style_040187DAEA4194EF9204_highlight"
                },
                "description": "<b>2237 33RD ST NE, WASHINGTON, DC, 20018</b><br/>Calls at this matched location: <b>2</b><br/>Call dates: 2026-05-06 through 2026-05-07<br/>ZIP: 20018",
                "COL5E3428810B38E742": "2",
                "COL5E3428810B09F441": "20018"
            },
            "id": "5E34287FF50000C2"
        },
        {
            "type": "Feature",
            "geometry": {
                "type": "Point",
                "coordinates": [
                    -76.9707988,
                    38.8479719,
                    0
                ]
            },
            "properties": {
                "name": "2 calls — 2301 SAVANNAH ST SE · 20020",
                "styleUrl": "#__managed_style_040187DAEA4194EF9204",
                "styleMapHash": {
                    "normal": "#__managed_style_040187DAEA4194EF9204_normal",
                    "highlight": "#__managed_style_040187DAEA4194EF9204_highlight"
                },
                "description": "<b>2301 SAVANNAH ST SE, WASHINGTON, DC, 20020</b><br/>Calls at this matched location: <b>2</b><br/>Call dates: 2026-04-29 through 2026-05-28<br/>ZIP: 20020",
                "COL5E3428810B38E742": "2",
                "COL5E3428810B09F441": "20020"
            },
            "id": "5E34287FF50000C3"
        },
        {
            "type": "Feature",
            "geometry": {
                "type": "Point",
                "coordinates": [
                    -76.9732665,
                    38.8733774,
                    0
                ]
            },
            "properties": {
                "name": "2 calls — 2310 NICHOLSON ST SE · 20020",
                "styleUrl": "#__managed_style_040187DAEA4194EF9204",
                "styleMapHash": {
                    "normal": "#__managed_style_040187DAEA4194EF9204_normal",
                    "highlight": "#__managed_style_040187DAEA4194EF9204_highlight"
                },
                "description": "<b>2310 NICHOLSON ST SE, WASHINGTON, DC, 20020</b><br/>Calls at this matched location: <b>2</b><br/>Call dates: 2026-07-29 through 2026-07-31<br/>ZIP: 20020",
                "COL5E3428810B38E742": "2",
                "COL5E3428810B09F441": "20020"
            },
            "id": "5E34287FF50000C4"
        },
        {
            "type": "Feature",
            "geometry": {
                "type": "Point",
                "coordinates": [
                    -76.9854733,
                    38.8599955,
                    0
                ]
            },
            "properties": {
                "name": "2 calls — 2339 PITTS PL SE · 20020",
                "styleUrl": "#__managed_style_040187DAEA4194EF9204",
                "styleMapHash": {
                    "normal": "#__managed_style_040187DAEA4194EF9204_normal",
                    "highlight": "#__managed_style_040187DAEA4194EF9204_highlight"
                },
                "description": "<b>2339 PITTS PL SE, WASHINGTON, DC, 20020</b><br/>Calls at this matched location: <b>2</b><br/>Call dates: 2026-05-23 through 2026-06-03<br/>ZIP: 20020",
                "COL5E3428810B38E742": "2",
                "COL5E3428810B09F441": "20020"
            },
            "id": "5E34287FF50000C5"
        },
        {
            "type": "Feature",
            "geometry": {
                "type": "Point",
                "coordinates": [
                    -76.9909576,
                    38.8576472,
                    0
                ]
            },
            "properties": {
                "name": "2 calls — 2613 DOUGLAS RD SE · 20020",
                "styleUrl": "#__managed_style_040187DAEA4194EF9204",
                "styleMapHash": {
                    "normal": "#__managed_style_040187DAEA4194EF9204_normal",
                    "highlight": "#__managed_style_040187DAEA4194EF9204_highlight"
                },
                "description": "<b>2613 DOUGLAS RD SE, WASHINGTON, DC, 20020</b><br/>Calls at this matched location: <b>2</b><br/>Call dates: 2026-03-13 through 2026-03-13<br/>ZIP: 20020",
                "COL5E3428810B38E742": "2",
                "COL5E3428810B09F441": "20020"
            },
            "id": "5E34287FF50000C6"
        },
        {
            "type": "Feature",
            "geometry": {
                "type": "Point",
                "coordinates": [
                    -76.9865169,
                    38.8506227,
                    0
                ]
            },
            "properties": {
                "name": "2 calls — 2825 ROBINSON PL SE · 20020",
                "styleUrl": "#__managed_style_040187DAEA4194EF9204",
                "styleMapHash": {
                    "normal": "#__managed_style_040187DAEA4194EF9204_normal",
                    "highlight": "#__managed_style_040187DAEA4194EF9204_highlight"
                },
                "description": "<b>2825 ROBINSON PL SE, WASHINGTON, DC, 20020</b><br/>Calls at this matched location: <b>2</b><br/>Call dates: 2026-08-11 through 2026-08-14<br/>ZIP: 20020",
                "COL5E3428810B38E742": "2",
                "COL5E3428810B09F441": "20020"
            },
            "id": "5E34287FF50000C7"
        },
        {
            "type": "Feature",
            "geometry": {
                "type": "Point",
                "coordinates": [
                    -76.9683067,
                    38.8560763,
                    0
                ]
            },
            "properties": {
                "name": "2 calls — 2837 28TH ST SE · 20020",
                "styleUrl": "#__managed_style_040187DAEA4194EF9204",
                "styleMapHash": {
                    "normal": "#__managed_style_040187DAEA4194EF9204_normal",
                    "highlight": "#__managed_style_040187DAEA4194EF9204_highlight"
                },
                "description": "<b>2837 28TH ST SE, WASHINGTON, DC, 20020</b><br/>Calls at this matched location: <b>2</b><br/>Call dates: 2026-04-11 through 2026-04-12<br/>ZIP: 20020",
                "COL5E3428810B38E742": "2",
                "COL5E3428810B09F441": "20020"
            },
            "id": "5E34287FF50000C8"
        },
        {
            "type": "Feature",
            "geometry": {
                "type": "Point",
                "coordinates": [
                    -76.9666989,
                    38.8582561,
                    0
                ]
            },
            "properties": {
                "name": "2 calls — 2845 DENVER ST SE · 20020",
                "styleUrl": "#__managed_style_040187DAEA4194EF9204",
                "styleMapHash": {
                    "normal": "#__managed_style_040187DAEA4194EF9204_normal",
                    "highlight": "#__managed_style_040187DAEA4194EF9204_highlight"
                },
                "description": "<b>2845 DENVER ST SE, WASHINGTON, DC, 20020</b><br/>Calls at this matched location: <b>2</b><br/>Call dates: 2026-06-19 through 2026-07-30<br/>ZIP: 20020",
                "COL5E3428810B38E742": "2",
                "COL5E3428810B09F441": "20020"
            },
            "id": "5E34287FF50000C9"
        },
        {
            "type": "Feature",
            "geometry": {
                "type": "Point",
                "coordinates": [
                    -77.0324862,
                    38.9266281,
                    0
                ]
            },
            "properties": {
                "name": "2 calls — 2900 14TH ST NW · 20009",
                "styleUrl": "#__managed_style_040187DAEA4194EF9204",
                "styleMapHash": {
                    "normal": "#__managed_style_040187DAEA4194EF9204_normal",
                    "highlight": "#__managed_style_040187DAEA4194EF9204_highlight"
                },
                "description": "<b>2900 14TH ST NW, WASHINGTON, DC, 20009</b><br/>Calls at this matched location: <b>2</b><br/>Call dates: 2026-08-02 through 2026-08-02<br/>ZIP: 20009",
                "COL5E3428810B38E742": "2",
                "COL5E3428810B09F441": "20009"
            },
            "id": "5E34287FF50000CA"
        },
        {
            "type": "Feature",
            "geometry": {
                "type": "Point",
                "coordinates": [
                    -76.9657236,
                    38.8684869,
                    0
                ]
            },
            "properties": {
                "name": "2 calls — 2901 S ST SE · 20020",
                "styleUrl": "#__managed_style_040187DAEA4194EF9204",
                "styleMapHash": {
                    "normal": "#__managed_style_040187DAEA4194EF9204_normal",
                    "highlight": "#__managed_style_040187DAEA4194EF9204_highlight"
                },
                "description": "<b>2901 S ST SE, WASHINGTON, DC, 20020</b><br/>Calls at this matched location: <b>2</b><br/>Call dates: 2026-07-14 through 2026-07-16<br/>ZIP: 20020",
                "COL5E3428810B38E742": "2",
                "COL5E3428810B09F441": "20020"
            },
            "id": "5E34287FF50000CB"
        },
        {
            "type": "Feature",
            "geometry": {
                "type": "Point",
                "coordinates": [
                    -76.9657058,
                    38.8686015,
                    0
                ]
            },
            "properties": {
                "name": "2 calls — 2902 S ST SE · 20020",
                "styleUrl": "#__managed_style_040187DAEA4194EF9204",
                "styleMapHash": {
                    "normal": "#__managed_style_040187DAEA4194EF9204_normal",
                    "highlight": "#__managed_style_040187DAEA4194EF9204_highlight"
                },
                "description": "<b>2902 S ST SE, WASHINGTON, DC, 20020</b><br/>Calls at this matched location: <b>2</b><br/>Call dates: 2026-06-17 through 2026-06-27<br/>ZIP: 20020",
                "COL5E3428810B38E742": "2",
                "COL5E3428810B09F441": "20020"
            },
            "id": "5E34287FF50000CC"
        },
        {
            "type": "Feature",
            "geometry": {
                "type": "Point",
                "coordinates": [
                    -77.0152662,
                    38.8813374,
                    0
                ]
            },
            "properties": {
                "name": "2 calls — 301 G ST SW · 20024",
                "styleUrl": "#__managed_style_040187DAEA4194EF9204",
                "styleMapHash": {
                    "normal": "#__managed_style_040187DAEA4194EF9204_normal",
                    "highlight": "#__managed_style_040187DAEA4194EF9204_highlight"
                },
                "description": "<b>301 G ST SW, WASHINGTON, DC, 20024</b><br/>Calls at this matched location: <b>2</b><br/>Call dates: 2026-04-30 through 2026-04-30<br/>ZIP: 20024",
                "COL5E3428810B38E742": "2",
                "COL5E3428810B09F441": "20024"
            },
            "id": "5E34287FF50000CD"
        },
        {
            "type": "Feature",
            "geometry": {
                "type": "Point",
                "coordinates": [
                    -76.9657664,
                    38.9350239,
                    0
                ]
            },
            "properties": {
                "name": "2 calls — 3013 OTIS ST NE · 20018",
                "styleUrl": "#__managed_style_040187DAEA4194EF9204",
                "styleMapHash": {
                    "normal": "#__managed_style_040187DAEA4194EF9204_normal",
                    "highlight": "#__managed_style_040187DAEA4194EF9204_highlight"
                },
                "description": "<b>3013 OTIS ST NE, WASHINGTON, DC, 20018</b><br/>Calls at this matched location: <b>2</b><br/>Call dates: 2026-06-24 through 2026-06-27<br/>ZIP: 20018",
                "COL5E3428810B38E742": "2",
                "COL5E3428810B09F441": "20018"
            },
            "id": "5E34287FF50000CE"
        },
        {
            "type": "Feature",
            "geometry": {
                "type": "Point",
                "coordinates": [
                    -76.9642907,
                    38.8783149,
                    0
                ]
            },
            "properties": {
                "name": "2 calls — 3027 K ST SE · 20019",
                "styleUrl": "#__managed_style_040187DAEA4194EF9204",
                "styleMapHash": {
                    "normal": "#__managed_style_040187DAEA4194EF9204_normal",
                    "highlight": "#__managed_style_040187DAEA4194EF9204_highlight"
                },
                "description": "<b>3027 K ST SE, WASHINGTON, DC, 20019</b><br/>Calls at this matched location: <b>2</b><br/>Call dates: 2026-08-10 through 2026-08-10<br/>ZIP: 20019",
                "COL5E3428810B38E742": "2",
                "COL5E3428810B09F441": "20019"
            },
            "id": "5E34287FF50000CF"
        },
        {
            "type": "Feature",
            "geometry": {
                "type": "Point",
                "coordinates": [
                    -76.9610989,
                    38.8802925,
                    0
                ]
            },
            "properties": {
                "name": "2 calls — 3220 G ST SE · 20019",
                "styleUrl": "#__managed_style_040187DAEA4194EF9204",
                "styleMapHash": {
                    "normal": "#__managed_style_040187DAEA4194EF9204_normal",
                    "highlight": "#__managed_style_040187DAEA4194EF9204_highlight"
                },
                "description": "<b>3220 G ST SE, WASHINGTON, DC, 20019</b><br/>Calls at this matched location: <b>2</b><br/>Call dates: 2026-07-24 through 2026-08-06<br/>ZIP: 20019",
                "COL5E3428810B38E742": "2",
                "COL5E3428810B09F441": "20019"
            },
            "id": "5E34287FF50000D0"
        },
        {
            "type": "Feature",
            "geometry": {
                "type": "Point",
                "coordinates": [
                    -76.9779574,
                    38.8482388,
                    0
                ]
            },
            "properties": {
                "name": "2 calls — 3321 18TH PL SE · 20020",
                "styleUrl": "#__managed_style_040187DAEA4194EF9204",
                "styleMapHash": {
                    "normal": "#__managed_style_040187DAEA4194EF9204_normal",
                    "highlight": "#__managed_style_040187DAEA4194EF9204_highlight"
                },
                "description": "<b>3321 18TH PL SE, WASHINGTON, DC, 20020</b><br/>Calls at this matched location: <b>2</b><br/>Call dates: 2026-04-17 through 2026-04-17<br/>ZIP: 20020",
                "COL5E3428810B38E742": "2",
                "COL5E3428810B09F441": "20020"
            },
            "id": "5E34287FF50000D1"
        },
        {
            "type": "Feature",
            "geometry": {
                "type": "Point",
                "coordinates": [
                    -76.9884307,
                    38.8428699,
                    0
                ]
            },
            "properties": {
                "name": "2 calls — 3324 13TH ST SE · 20032",
                "styleUrl": "#__managed_style_040187DAEA4194EF9204",
                "styleMapHash": {
                    "normal": "#__managed_style_040187DAEA4194EF9204_normal",
                    "highlight": "#__managed_style_040187DAEA4194EF9204_highlight"
                },
                "description": "<b>3324 13TH ST SE, WASHINGTON, DC, 20032</b><br/>Calls at this matched location: <b>2</b><br/>Call dates: 2026-07-17 through 2026-08-10<br/>ZIP: 20032",
                "COL5E3428810B38E742": "2",
                "COL5E3428810B09F441": "20032"
            },
            "id": "5E34287FF50000D2"
        },
        {
            "type": "Feature",
            "geometry": {
                "type": "Point",
                "coordinates": [
                    -76.9571943,
                    38.8956542,
                    0
                ]
            },
            "properties": {
                "name": "2 calls — 3426 EADS ST NE · 20019",
                "styleUrl": "#__managed_style_040187DAEA4194EF9204",
                "styleMapHash": {
                    "normal": "#__managed_style_040187DAEA4194EF9204_normal",
                    "highlight": "#__managed_style_040187DAEA4194EF9204_highlight"
                },
                "description": "<b>3426 EADS ST NE, WASHINGTON, DC, 20019</b><br/>Calls at this matched location: <b>2</b><br/>Call dates: 2026-04-25 through 2026-04-26<br/>ZIP: 20019",
                "COL5E3428810B38E742": "2",
                "COL5E3428810B09F441": "20019"
            },
            "id": "5E34287FF50000D3"
        },
        {
            "type": "Feature",
            "geometry": {
                "type": "Point",
                "coordinates": [
                    -76.9920824,
                    38.8403598,
                    0
                ]
            },
            "properties": {
                "name": "2 calls — 3435 10TH PL SE · 20032",
                "styleUrl": "#__managed_style_040187DAEA4194EF9204",
                "styleMapHash": {
                    "normal": "#__managed_style_040187DAEA4194EF9204_normal",
                    "highlight": "#__managed_style_040187DAEA4194EF9204_highlight"
                },
                "description": "<b>3435 10TH PL SE, WASHINGTON, DC, 20032</b><br/>Calls at this matched location: <b>2</b><br/>Call dates: 2026-05-20 through 2026-05-20<br/>ZIP: 20032",
                "COL5E3428810B38E742": "2",
                "COL5E3428810B09F441": "20032"
            },
            "id": "5E34287FF50000D4"
        },
        {
            "type": "Feature",
            "geometry": {
                "type": "Point",
                "coordinates": [
                    -76.9546216,
                    38.8694688,
                    0
                ]
            },
            "properties": {
                "name": "2 calls — 3528 HIGHWOOD DR SE · 20020",
                "styleUrl": "#__managed_style_040187DAEA4194EF9204",
                "styleMapHash": {
                    "normal": "#__managed_style_040187DAEA4194EF9204_normal",
                    "highlight": "#__managed_style_040187DAEA4194EF9204_highlight"
                },
                "description": "<b>3528 HIGHWOOD DR SE, WASHINGTON, DC, 20020</b><br/>Calls at this matched location: <b>2</b><br/>Call dates: 2026-04-16 through 2026-04-22<br/>ZIP: 20020",
                "COL5E3428810B38E742": "2",
                "COL5E3428810B09F441": "20020"
            },
            "id": "5E34287FF50000D5"
        },
        {
            "type": "Feature",
            "geometry": {
                "type": "Point",
                "coordinates": [
                    -77.0103223,
                    38.9164951,
                    0
                ]
            },
            "properties": {
                "name": "2 calls — 37 RHODE ISLAND AVE NW · 20001",
                "styleUrl": "#__managed_style_040187DAEA4194EF9204",
                "styleMapHash": {
                    "normal": "#__managed_style_040187DAEA4194EF9204_normal",
                    "highlight": "#__managed_style_040187DAEA4194EF9204_highlight"
                },
                "description": "<b>37 RHODE ISLAND AVE NW, WASHINGTON, DC, 20001</b><br/>Calls at this matched location: <b>2</b><br/>Call dates: 2026-07-21 through 2026-07-22<br/>ZIP: 20001",
                "COL5E3428810B38E742": "2",
                "COL5E3428810B09F441": "20001"
            },
            "id": "5E34287FF50000D6"
        },
        {
            "type": "Feature",
            "geometry": {
                "type": "Point",
                "coordinates": [
                    -77.0027412,
                    38.8359461,
                    0
                ]
            },
            "properties": {
                "name": "2 calls — 3802 2ND ST SE · 20032",
                "styleUrl": "#__managed_style_040187DAEA4194EF9204",
                "styleMapHash": {
                    "normal": "#__managed_style_040187DAEA4194EF9204_normal",
                    "highlight": "#__managed_style_040187DAEA4194EF9204_highlight"
                },
                "description": "<b>3802 2ND ST SE, WASHINGTON, DC, 20032</b><br/>Calls at this matched location: <b>2</b><br/>Call dates: 2026-06-08 through 2026-06-13<br/>ZIP: 20032",
                "COL5E3428810B38E742": "2",
                "COL5E3428810B09F441": "20032"
            },
            "id": "5E34287FF50000D7"
        },
        {
            "type": "Feature",
            "geometry": {
                "type": "Point",
                "coordinates": [
                    -76.9482939,
                    38.8919529,
                    0
                ]
            },
            "properties": {
                "name": "2 calls — 3942 BLAINE ST NE · 20019",
                "styleUrl": "#__managed_style_040187DAEA4194EF9204",
                "styleMapHash": {
                    "normal": "#__managed_style_040187DAEA4194EF9204_normal",
                    "highlight": "#__managed_style_040187DAEA4194EF9204_highlight"
                },
                "description": "<b>3942 BLAINE ST NE, WASHINGTON, DC, 20019</b><br/>Calls at this matched location: <b>2</b><br/>Call dates: 2026-05-28 through 2026-05-29<br/>ZIP: 20019",
                "COL5E3428810B38E742": "2",
                "COL5E3428810B09F441": "20019"
            },
            "id": "5E34287FF50000D8"
        },
        {
            "type": "Feature",
            "geometry": {
                "type": "Point",
                "coordinates": [
                    -76.9751241,
                    38.9418525,
                    0
                ]
            },
            "properties": {
                "name": "2 calls — 4301 21ST ST NE · 20018",
                "styleUrl": "#__managed_style_040187DAEA4194EF9204",
                "styleMapHash": {
                    "normal": "#__managed_style_040187DAEA4194EF9204_normal",
                    "highlight": "#__managed_style_040187DAEA4194EF9204_highlight"
                },
                "description": "<b>4301 21ST ST NE, WASHINGTON, DC, 20018</b><br/>Calls at this matched location: <b>2</b><br/>Call dates: 2026-05-24 through 2026-06-02<br/>ZIP: 20018",
                "COL5E3428810B38E742": "2",
                "COL5E3428810B09F441": "20018"
            },
            "id": "5E34287FF50000D9"
        },
        {
            "type": "Feature",
            "geometry": {
                "type": "Point",
                "coordinates": [
                    -77.0066597,
                    38.8275995,
                    0
                ]
            },
            "properties": {
                "name": "2 calls — 4308 HALLEY TER SE · 20032",
                "styleUrl": "#__managed_style_040187DAEA4194EF9204",
                "styleMapHash": {
                    "normal": "#__managed_style_040187DAEA4194EF9204_normal",
                    "highlight": "#__managed_style_040187DAEA4194EF9204_highlight"
                },
                "description": "<b>4308 HALLEY TER SE, WASHINGTON, DC, 20032</b><br/>Calls at this matched location: <b>2</b><br/>Call dates: 2026-08-04 through 2026-08-17<br/>ZIP: 20032",
                "COL5E3428810B38E742": "2",
                "COL5E3428810B09F441": "20032"
            },
            "id": "5E34287FF50000DA"
        },
        {
            "type": "Feature",
            "geometry": {
                "type": "Point",
                "coordinates": [
                    -77.0066229,
                    38.827039,
                    0
                ]
            },
            "properties": {
                "name": "2 calls — 4342 HALLEY TER SE · 20032",
                "styleUrl": "#__managed_style_040187DAEA4194EF9204",
                "styleMapHash": {
                    "normal": "#__managed_style_040187DAEA4194EF9204_normal",
                    "highlight": "#__managed_style_040187DAEA4194EF9204_highlight"
                },
                "description": "<b>4342 HALLEY TER SE, WASHINGTON, DC, 20032</b><br/>Calls at this matched location: <b>2</b><br/>Call dates: 2026-06-10 through 2026-06-15<br/>ZIP: 20032",
                "COL5E3428810B38E742": "2",
                "COL5E3428810B09F441": "20032"
            },
            "id": "5E34287FF50000DB"
        },
        {
            "type": "Feature",
            "geometry": {
                "type": "Point",
                "coordinates": [
                    -77.0072995,
                    38.8238093,
                    0
                ]
            },
            "properties": {
                "name": "2 calls — 44 GALVESTON ST SW · 20032",
                "styleUrl": "#__managed_style_040187DAEA4194EF9204",
                "styleMapHash": {
                    "normal": "#__managed_style_040187DAEA4194EF9204_normal",
                    "highlight": "#__managed_style_040187DAEA4194EF9204_highlight"
                },
                "description": "<b>44 GALVESTON ST SW, WASHINGTON, DC, 20032</b><br/>Calls at this matched location: <b>2</b><br/>Call dates: 2026-04-21 through 2026-04-22<br/>ZIP: 20032",
                "COL5E3428810B38E742": "2",
                "COL5E3428810B09F441": "20032"
            },
            "id": "5E34287FF50000DC"
        },
        {
            "type": "Feature",
            "geometry": {
                "type": "Point",
                "coordinates": [
                    -76.934129,
                    38.8989755,
                    0
                ]
            },
            "properties": {
                "name": "2 calls — 4651 NANNIE HELEN BURROUGHS AVE NE · 20019",
                "styleUrl": "#__managed_style_040187DAEA4194EF9204",
                "styleMapHash": {
                    "normal": "#__managed_style_040187DAEA4194EF9204_normal",
                    "highlight": "#__managed_style_040187DAEA4194EF9204_highlight"
                },
                "description": "<b>4651 NANNIE HELEN BURROUGHS AVE NE, WASHINGTON, DC, 20019</b><br/>Calls at this matched location: <b>2</b><br/>Call dates: 2026-06-20 through 2026-06-20<br/>ZIP: 20019",
                "COL5E3428810B38E742": "2",
                "COL5E3428810B09F441": "20019"
            },
            "id": "5E34287FF50000DD"
        },
        {
            "type": "Feature",
            "geometry": {
                "type": "Point",
                "coordinates": [
                    -77.0021029,
                    38.8218236,
                    0
                ]
            },
            "properties": {
                "name": "2 calls — 4665 S CAPITOL ST SW · 20032",
                "styleUrl": "#__managed_style_040187DAEA4194EF9204",
                "styleMapHash": {
                    "normal": "#__managed_style_040187DAEA4194EF9204_normal",
                    "highlight": "#__managed_style_040187DAEA4194EF9204_highlight"
                },
                "description": "<b>4665 S CAPITOL ST SW, WASHINGTON, DC, 20032</b><br/>Calls at this matched location: <b>2</b><br/>Call dates: 2026-05-15 through 2026-06-14<br/>ZIP: 20032",
                "COL5E3428810B38E742": "2",
                "COL5E3428810B09F441": "20032"
            },
            "id": "5E34287FF50000DE"
        },
        {
            "type": "Feature",
            "geometry": {
                "type": "Point",
                "coordinates": [
                    -76.9986188,
                    38.8341578,
                    0
                ]
            },
            "properties": {
                "name": "2 calls — 479 VALLEY AVE SE · 20032",
                "styleUrl": "#__managed_style_040187DAEA4194EF9204",
                "styleMapHash": {
                    "normal": "#__managed_style_040187DAEA4194EF9204_normal",
                    "highlight": "#__managed_style_040187DAEA4194EF9204_highlight"
                },
                "description": "<b>479 VALLEY AVE SE, WASHINGTON, DC, 20032</b><br/>Calls at this matched location: <b>2</b><br/>Call dates: 2026-07-25 through 2026-07-28<br/>ZIP: 20032",
                "COL5E3428810B38E742": "2",
                "COL5E3428810B09F441": "20032"
            },
            "id": "5E34287FF50000DF"
        },
        {
            "type": "Feature",
            "geometry": {
                "type": "Point",
                "coordinates": [
                    -76.9305711,
                    38.9061225,
                    0
                ]
            },
            "properties": {
                "name": "2 calls — 4916 MEADE ST NE · 20019",
                "styleUrl": "#__managed_style_040187DAEA4194EF9204",
                "styleMapHash": {
                    "normal": "#__managed_style_040187DAEA4194EF9204_normal",
                    "highlight": "#__managed_style_040187DAEA4194EF9204_highlight"
                },
                "description": "<b>4916 MEADE ST NE, WASHINGTON, DC, 20019</b><br/>Calls at this matched location: <b>2</b><br/>Call dates: 2026-05-14 through 2026-05-14<br/>ZIP: 20019",
                "COL5E3428810B38E742": "2",
                "COL5E3428810B09F441": "20019"
            },
            "id": "5E34287FF50000E0"
        },
        {
            "type": "Feature",
            "geometry": {
                "type": "Point",
                "coordinates": [
                    -76.9916171,
                    38.9514423,
                    0
                ]
            },
            "properties": {
                "name": "2 calls — 5055 11TH ST NE · 20017",
                "styleUrl": "#__managed_style_040187DAEA4194EF9204",
                "styleMapHash": {
                    "normal": "#__managed_style_040187DAEA4194EF9204_normal",
                    "highlight": "#__managed_style_040187DAEA4194EF9204_highlight"
                },
                "description": "<b>5055 11TH ST NE, WASHINGTON, DC, 20017</b><br/>Calls at this matched location: <b>2</b><br/>Call dates: 2026-05-25 through 2026-05-25<br/>ZIP: 20017",
                "COL5E3428810B38E742": "2",
                "COL5E3428810B09F441": "20017"
            },
            "id": "5E34287FF50000E1"
        },
        {
            "type": "Feature",
            "geometry": {
                "type": "Point",
                "coordinates": [
                    -76.9151138,
                    38.8964847,
                    0
                ]
            },
            "properties": {
                "name": "2 calls — 520 60TH ST NE · 20019",
                "styleUrl": "#__managed_style_040187DAEA4194EF9204",
                "styleMapHash": {
                    "normal": "#__managed_style_040187DAEA4194EF9204_normal",
                    "highlight": "#__managed_style_040187DAEA4194EF9204_highlight"
                },
                "description": "<b>520 60TH ST NE, WASHINGTON, DC, 20019</b><br/>Calls at this matched location: <b>2</b><br/>Call dates: 2026-07-16 through 2026-07-18<br/>ZIP: 20019",
                "COL5E3428810B38E742": "2",
                "COL5E3428810B09F441": "20019"
            },
            "id": "5E34287FF50000E2"
        },
        {
            "type": "Feature",
            "geometry": {
                "type": "Point",
                "coordinates": [
                    -76.9268556,
                    38.8861332,
                    0
                ]
            },
            "properties": {
                "name": "2 calls — 5213 B ST SE · 20019",
                "styleUrl": "#__managed_style_040187DAEA4194EF9204",
                "styleMapHash": {
                    "normal": "#__managed_style_040187DAEA4194EF9204_normal",
                    "highlight": "#__managed_style_040187DAEA4194EF9204_highlight"
                },
                "description": "<b>5213 B ST SE, WASHINGTON, DC, 20019</b><br/>Calls at this matched location: <b>2</b><br/>Call dates: 2026-04-04 through 2026-08-04<br/>ZIP: 20019",
                "COL5E3428810B38E742": "2",
                "COL5E3428810B09F441": "20019"
            },
            "id": "5E34287FF50000E3"
        },
        {
            "type": "Feature",
            "geometry": {
                "type": "Point",
                "coordinates": [
                    -76.9272248,
                    38.8842117,
                    0
                ]
            },
            "properties": {
                "name": "2 calls — 5216 CALL PL SE · 20019",
                "styleUrl": "#__managed_style_040187DAEA4194EF9204",
                "styleMapHash": {
                    "normal": "#__managed_style_040187DAEA4194EF9204_normal",
                    "highlight": "#__managed_style_040187DAEA4194EF9204_highlight"
                },
                "description": "<b>5216 CALL PL SE, WASHINGTON, DC, 20019</b><br/>Calls at this matched location: <b>2</b><br/>Call dates: 2026-05-01 through 2026-05-06<br/>ZIP: 20019",
                "COL5E3428810B38E742": "2",
                "COL5E3428810B09F441": "20019"
            },
            "id": "5E34287FF50000E4"
        },
        {
            "type": "Feature",
            "geometry": {
                "type": "Point",
                "coordinates": [
                    -76.9257382,
                    38.8898712,
                    0
                ]
            },
            "properties": {
                "name": "2 calls — 5316 E CAPITOL ST NE · 20019",
                "styleUrl": "#__managed_style_040187DAEA4194EF9204",
                "styleMapHash": {
                    "normal": "#__managed_style_040187DAEA4194EF9204_normal",
                    "highlight": "#__managed_style_040187DAEA4194EF9204_highlight"
                },
                "description": "<b>5316 E CAPITOL ST NE, WASHINGTON, DC, 20019</b><br/>Calls at this matched location: <b>2</b><br/>Call dates: 2026-05-04 through 2026-05-06<br/>ZIP: 20019",
                "COL5E3428810B38E742": "2",
                "COL5E3428810B09F441": "20019"
            },
            "id": "5E34287FF50000E5"
        },
        {
            "type": "Feature",
            "geometry": {
                "type": "Point",
                "coordinates": [
                    -76.9238484,
                    38.8914198,
                    0
                ]
            },
            "properties": {
                "name": "2 calls — 5361 BLAINE ST NE · 20019",
                "styleUrl": "#__managed_style_040187DAEA4194EF9204",
                "styleMapHash": {
                    "normal": "#__managed_style_040187DAEA4194EF9204_normal",
                    "highlight": "#__managed_style_040187DAEA4194EF9204_highlight"
                },
                "description": "<b>5361 BLAINE ST NE, WASHINGTON, DC, 20019</b><br/>Calls at this matched location: <b>2</b><br/>Call dates: 2026-05-12 through 2026-05-12<br/>ZIP: 20019",
                "COL5E3428810B38E742": "2",
                "COL5E3428810B09F441": "20019"
            },
            "id": "5E34287FF50000E6"
        },
        {
            "type": "Feature",
            "geometry": {
                "type": "Point",
                "coordinates": [
                    -76.9227823,
                    38.885189,
                    0
                ]
            },
            "properties": {
                "name": "2 calls — 5447 BASS PL SE · 20019",
                "styleUrl": "#__managed_style_040187DAEA4194EF9204",
                "styleMapHash": {
                    "normal": "#__managed_style_040187DAEA4194EF9204_normal",
                    "highlight": "#__managed_style_040187DAEA4194EF9204_highlight"
                },
                "description": "<b>5447 BASS PL SE, WASHINGTON, DC, 20019</b><br/>Calls at this matched location: <b>2</b><br/>Call dates: 2026-08-17 through 2026-08-17<br/>ZIP: 20019",
                "COL5E3428810B38E742": "2",
                "COL5E3428810B09F441": "20019"
            },
            "id": "5E34287FF50000E7"
        },
        {
            "type": "Feature",
            "geometry": {
                "type": "Point",
                "coordinates": [
                    -76.9224522,
                    38.8857222,
                    0
                ]
            },
            "properties": {
                "name": "2 calls — 5448 B ST SE · 20019",
                "styleUrl": "#__managed_style_040187DAEA4194EF9204",
                "styleMapHash": {
                    "normal": "#__managed_style_040187DAEA4194EF9204_normal",
                    "highlight": "#__managed_style_040187DAEA4194EF9204_highlight"
                },
                "description": "<b>5448 B ST SE, WASHINGTON, DC, 20019</b><br/>Calls at this matched location: <b>2</b><br/>Call dates: 2026-06-24 through 2026-07-09<br/>ZIP: 20019",
                "COL5E3428810B38E742": "2",
                "COL5E3428810B09F441": "20019"
            },
            "id": "5E34287FF50000E8"
        },
        {
            "type": "Feature",
            "geometry": {
                "type": "Point",
                "coordinates": [
                    -76.9166503,
                    38.8872875,
                    0
                ]
            },
            "properties": {
                "name": "2 calls — 5820 SOUTHERN AVE SE · 20019",
                "styleUrl": "#__managed_style_040187DAEA4194EF9204",
                "styleMapHash": {
                    "normal": "#__managed_style_040187DAEA4194EF9204_normal",
                    "highlight": "#__managed_style_040187DAEA4194EF9204_highlight"
                },
                "description": "<b>5820 SOUTHERN AVE SE, WASHINGTON, DC, 20019</b><br/>Calls at this matched location: <b>2</b><br/>Call dates: 2026-07-16 through 2026-07-16<br/>ZIP: 20019",
                "COL5E3428810B38E742": "2",
                "COL5E3428810B09F441": "20019"
            },
            "id": "5E34287FF50000E9"
        },
        {
            "type": "Feature",
            "geometry": {
                "type": "Point",
                "coordinates": [
                    -76.9156722,
                    38.888041,
                    0
                ]
            },
            "properties": {
                "name": "2 calls — 5876 SOUTHERN AVE SE · 20019",
                "styleUrl": "#__managed_style_040187DAEA4194EF9204",
                "styleMapHash": {
                    "normal": "#__managed_style_040187DAEA4194EF9204_normal",
                    "highlight": "#__managed_style_040187DAEA4194EF9204_highlight"
                },
                "description": "<b>5876 SOUTHERN AVE SE, WASHINGTON, DC, 20019</b><br/>Calls at this matched location: <b>2</b><br/>Call dates: 2026-06-15 through 2026-06-15<br/>ZIP: 20019",
                "COL5E3428810B38E742": "2",
                "COL5E3428810B09F441": "20019"
            },
            "id": "5E34287FF50000EA"
        },
        {
            "type": "Feature",
            "geometry": {
                "type": "Point",
                "coordinates": [
                    -76.9990524,
                    38.8250821,
                    0
                ]
            },
            "properties": {
                "name": "2 calls — 601 FORRESTER ST SE · 20032",
                "styleUrl": "#__managed_style_040187DAEA4194EF9204",
                "styleMapHash": {
                    "normal": "#__managed_style_040187DAEA4194EF9204_normal",
                    "highlight": "#__managed_style_040187DAEA4194EF9204_highlight"
                },
                "description": "<b>601 FORRESTER ST SE, WASHINGTON, DC, 20032</b><br/>Calls at this matched location: <b>2</b><br/>Call dates: 2026-05-24 through 2026-06-01<br/>ZIP: 20032",
                "COL5E3428810B38E742": "2",
                "COL5E3428810B09F441": "20032"
            },
            "id": "5E34287FF50000EB"
        },
        {
            "type": "Feature",
            "geometry": {
                "type": "Point",
                "coordinates": [
                    -76.9974004,
                    38.924409,
                    0
                ]
            },
            "properties": {
                "name": "2 calls — 611 EDGEWOOD ST NE · 20017",
                "styleUrl": "#__managed_style_040187DAEA4194EF9204",
                "styleMapHash": {
                    "normal": "#__managed_style_040187DAEA4194EF9204_normal",
                    "highlight": "#__managed_style_040187DAEA4194EF9204_highlight"
                },
                "description": "<b>611 EDGEWOOD ST NE, WASHINGTON, DC, 20017</b><br/>Calls at this matched location: <b>2</b><br/>Call dates: 2026-08-08 through 2026-08-13<br/>ZIP: 20017",
                "COL5E3428810B38E742": "2",
                "COL5E3428810B09F441": "20017"
            },
            "id": "5E34287FF50000EC"
        },
        {
            "type": "Feature",
            "geometry": {
                "type": "Point",
                "coordinates": [
                    -76.9975683,
                    38.8242267,
                    0
                ]
            },
            "properties": {
                "name": "2 calls — 614 SOUTHERN AVE SE · 20032",
                "styleUrl": "#__managed_style_040187DAEA4194EF9204",
                "styleMapHash": {
                    "normal": "#__managed_style_040187DAEA4194EF9204_normal",
                    "highlight": "#__managed_style_040187DAEA4194EF9204_highlight"
                },
                "description": "<b>614 SOUTHERN AVE SE, WASHINGTON, DC, 20032</b><br/>Calls at this matched location: <b>2</b><br/>Call dates: 2026-08-01 through 2026-08-02<br/>ZIP: 20032",
                "COL5E3428810B38E742": "2",
                "COL5E3428810B09F441": "20032"
            },
            "id": "5E34287FF50000ED"
        },
        {
            "type": "Feature",
            "geometry": {
                "type": "Point",
                "coordinates": [
                    -77.0099808,
                    38.9673984,
                    0
                ]
            },
            "properties": {
                "name": "2 calls — 63 TUCKERMAN ST NW · 20011",
                "styleUrl": "#__managed_style_040187DAEA4194EF9204",
                "styleMapHash": {
                    "normal": "#__managed_style_040187DAEA4194EF9204_normal",
                    "highlight": "#__managed_style_040187DAEA4194EF9204_highlight"
                },
                "description": "<b>63 TUCKERMAN ST NW, WASHINGTON, DC, 20011</b><br/>Calls at this matched location: <b>2</b><br/>Call dates: 2026-06-01 through 2026-06-08<br/>ZIP: 20011",
                "COL5E3428810B38E742": "2",
                "COL5E3428810B09F441": "20011"
            },
            "id": "5E34287FF50000EE"
        },
        {
            "type": "Feature",
            "geometry": {
                "type": "Point",
                "coordinates": [
                    -77.0215349,
                    38.9575324,
                    0
                ]
            },
            "properties": {
                "name": "2 calls — 633 LONGFELLOW ST NW · 20011",
                "styleUrl": "#__managed_style_040187DAEA4194EF9204",
                "styleMapHash": {
                    "normal": "#__managed_style_040187DAEA4194EF9204_normal",
                    "highlight": "#__managed_style_040187DAEA4194EF9204_highlight"
                },
                "description": "<b>633 LONGFELLOW ST NW, WASHINGTON, DC, 20011</b><br/>Calls at this matched location: <b>2</b><br/>Call dates: 2026-03-09 through 2026-03-10<br/>ZIP: 20011",
                "COL5E3428810B38E742": "2",
                "COL5E3428810B09F441": "20011"
            },
            "id": "5E34287FF50000EF"
        },
        {
            "type": "Feature",
            "geometry": {
                "type": "Point",
                "coordinates": [
                    -76.9101935,
                    38.8922855,
                    0
                ]
            },
            "properties": {
                "name": "2 calls — 6342 SOUTHERN AVE NE · 20019",
                "styleUrl": "#__managed_style_040187DAEA4194EF9204",
                "styleMapHash": {
                    "normal": "#__managed_style_040187DAEA4194EF9204_normal",
                    "highlight": "#__managed_style_040187DAEA4194EF9204_highlight"
                },
                "description": "<b>6342 SOUTHERN AVE NE, WASHINGTON, DC, 20019</b><br/>Calls at this matched location: <b>2</b><br/>Call dates: 2026-05-14 through 2026-06-09<br/>ZIP: 20019",
                "COL5E3428810B38E742": "2",
                "COL5E3428810B09F441": "20019"
            },
            "id": "5E34287FF50000F0"
        },
        {
            "type": "Feature",
            "geometry": {
                "type": "Point",
                "coordinates": [
                    -76.9975159,
                    38.9499909,
                    0
                ]
            },
            "properties": {
                "name": "2 calls — 655 EMERSON ST NE · 20017",
                "styleUrl": "#__managed_style_040187DAEA4194EF9204",
                "styleMapHash": {
                    "normal": "#__managed_style_040187DAEA4194EF9204_normal",
                    "highlight": "#__managed_style_040187DAEA4194EF9204_highlight"
                },
                "description": "<b>655 EMERSON ST NE, WASHINGTON, DC, 20017</b><br/>Calls at this matched location: <b>2</b><br/>Call dates: 2026-05-26 through 2026-05-28<br/>ZIP: 20017",
                "COL5E3428810B38E742": "2",
                "COL5E3428810B09F441": "20017"
            },
            "id": "5E34287FF50000F1"
        },
        {
            "type": "Feature",
            "geometry": {
                "type": "Point",
                "coordinates": [
                    -76.9364403,
                    38.8809036,
                    0
                ]
            },
            "properties": {
                "name": "2 calls — 660 46TH ST SE · 20019",
                "styleUrl": "#__managed_style_040187DAEA4194EF9204",
                "styleMapHash": {
                    "normal": "#__managed_style_040187DAEA4194EF9204_normal",
                    "highlight": "#__managed_style_040187DAEA4194EF9204_highlight"
                },
                "description": "<b>660 46TH ST SE, WASHINGTON, DC, 20019</b><br/>Calls at this matched location: <b>2</b><br/>Call dates: 2026-04-02 through 2026-08-06<br/>ZIP: 20019",
                "COL5E3428810B38E742": "2",
                "COL5E3428810B09F441": "20019"
            },
            "id": "5E34287FF50000F2"
        },
        {
            "type": "Feature",
            "geometry": {
                "type": "Point",
                "coordinates": [
                    -77.0090868,
                    38.8251226,
                    0
                ]
            },
            "properties": {
                "name": "2 calls — 70 FORRESTER ST SW · 20032",
                "styleUrl": "#__managed_style_040187DAEA4194EF9204",
                "styleMapHash": {
                    "normal": "#__managed_style_040187DAEA4194EF9204_normal",
                    "highlight": "#__managed_style_040187DAEA4194EF9204_highlight"
                },
                "description": "<b>70 FORRESTER ST SW, WASHINGTON, DC, 20032</b><br/>Calls at this matched location: <b>2</b><br/>Call dates: 2026-07-13 through 2026-07-16<br/>ZIP: 20032",
                "COL5E3428810B38E742": "2",
                "COL5E3428810B09F441": "20032"
            },
            "id": "5E34287FF50000F3"
        },
        {
            "type": "Feature",
            "geometry": {
                "type": "Point",
                "coordinates": [
                    -76.9961076,
                    38.880798,
                    0
                ]
            },
            "properties": {
                "name": "2 calls — 714 7TH ST SE · 20003",
                "styleUrl": "#__managed_style_040187DAEA4194EF9204",
                "styleMapHash": {
                    "normal": "#__managed_style_040187DAEA4194EF9204_normal",
                    "highlight": "#__managed_style_040187DAEA4194EF9204_highlight"
                },
                "description": "<b>714 7TH ST SE, WASHINGTON, DC, 20003</b><br/>Calls at this matched location: <b>2</b><br/>Call dates: 2026-07-14 through 2026-07-14<br/>ZIP: 20003",
                "COL5E3428810B38E742": "2",
                "COL5E3428810B09F441": "20003"
            },
            "id": "5E34287FF50000F4"
        },
        {
            "type": "Feature",
            "geometry": {
                "type": "Point",
                "coordinates": [
                    -77.0238124,
                    38.9300919,
                    0
                ]
            },
            "properties": {
                "name": "2 calls — 739 KENYON ST NW · 20010",
                "styleUrl": "#__managed_style_040187DAEA4194EF9204",
                "styleMapHash": {
                    "normal": "#__managed_style_040187DAEA4194EF9204_normal",
                    "highlight": "#__managed_style_040187DAEA4194EF9204_highlight"
                },
                "description": "<b>739 KENYON ST NW, WASHINGTON, DC, 20010</b><br/>Calls at this matched location: <b>2</b><br/>Call dates: 2026-07-11 through 2026-07-11<br/>ZIP: 20010",
                "COL5E3428810B38E742": "2",
                "COL5E3428810B09F441": "20010"
            },
            "id": "5E34287FF50000F5"
        },
        {
            "type": "Feature",
            "geometry": {
                "type": "Point",
                "coordinates": [
                    -77.0092449,
                    38.8251253,
                    0
                ]
            },
            "properties": {
                "name": "2 calls — 76 FORRESTER ST SW · 20032",
                "styleUrl": "#__managed_style_040187DAEA4194EF9204",
                "styleMapHash": {
                    "normal": "#__managed_style_040187DAEA4194EF9204_normal",
                    "highlight": "#__managed_style_040187DAEA4194EF9204_highlight"
                },
                "description": "<b>76 FORRESTER ST SW, WASHINGTON, DC, 20032</b><br/>Calls at this matched location: <b>2</b><br/>Call dates: 2026-07-09 through 2026-07-10<br/>ZIP: 20032",
                "COL5E3428810B38E742": "2",
                "COL5E3428810B09F441": "20032"
            },
            "id": "5E34287FF50000F6"
        },
        {
            "type": "Feature",
            "geometry": {
                "type": "Point",
                "coordinates": [
                    -76.9216898,
                    38.8996917,
                    0
                ]
            },
            "properties": {
                "name": "2 calls — 811 55TH ST NE · 20019",
                "styleUrl": "#__managed_style_040187DAEA4194EF9204",
                "styleMapHash": {
                    "normal": "#__managed_style_040187DAEA4194EF9204_normal",
                    "highlight": "#__managed_style_040187DAEA4194EF9204_highlight"
                },
                "description": "<b>811 55TH ST NE, WASHINGTON, DC, 20019</b><br/>Calls at this matched location: <b>2</b><br/>Call dates: 2026-06-18 through 2026-07-07<br/>ZIP: 20019",
                "COL5E3428810B38E742": "2",
                "COL5E3428810B09F441": "20019"
            },
            "id": "5E34287FF50000F7"
        },
        {
            "type": "Feature",
            "geometry": {
                "type": "Point",
                "coordinates": [
                    -77.0245503,
                    38.9240537,
                    0
                ]
            },
            "properties": {
                "name": "2 calls — 833 EUCLID ST NW · 20001",
                "styleUrl": "#__managed_style_040187DAEA4194EF9204",
                "styleMapHash": {
                    "normal": "#__managed_style_040187DAEA4194EF9204_normal",
                    "highlight": "#__managed_style_040187DAEA4194EF9204_highlight"
                },
                "description": "<b>833 EUCLID ST NW, WASHINGTON, DC, 20001</b><br/>Calls at this matched location: <b>2</b><br/>Call dates: 2026-05-11 through 2026-05-12<br/>ZIP: 20001",
                "COL5E3428810B38E742": "2",
                "COL5E3428810B09F441": "20001"
            },
            "id": "5E34287FF50000F8"
        },
        {
            "type": "Feature",
            "geometry": {
                "type": "Point",
                "coordinates": [
                    -76.9741026,
                    38.9013111,
                    0
                ]
            },
            "properties": {
                "name": "2 calls — 843 21ST ST NE · 20002",
                "styleUrl": "#__managed_style_040187DAEA4194EF9204",
                "styleMapHash": {
                    "normal": "#__managed_style_040187DAEA4194EF9204_normal",
                    "highlight": "#__managed_style_040187DAEA4194EF9204_highlight"
                },
                "description": "<b>843 21ST ST NE, WASHINGTON, DC, 20002</b><br/>Calls at this matched location: <b>2</b><br/>Call dates: 2026-08-09 through 2026-08-09<br/>ZIP: 20002",
                "COL5E3428810B38E742": "2",
                "COL5E3428810B09F441": "20002"
            },
            "id": "5E34287FF50000F9"
        },
        {
            "type": "Feature",
            "geometry": {
                "type": "Point",
                "coordinates": [
                    -77.0199695,
                    38.8792237,
                    0
                ]
            },
            "properties": {
                "name": "2 calls — 901 6TH ST SW · 20024",
                "styleUrl": "#__managed_style_040187DAEA4194EF9204",
                "styleMapHash": {
                    "normal": "#__managed_style_040187DAEA4194EF9204_normal",
                    "highlight": "#__managed_style_040187DAEA4194EF9204_highlight"
                },
                "description": "<b>901 6TH ST SW, WASHINGTON, DC, 20024</b><br/>Calls at this matched location: <b>2</b><br/>Call dates: 2026-05-20 through 2026-05-21<br/>ZIP: 20024",
                "COL5E3428810B38E742": "2",
                "COL5E3428810B09F441": "20024"
            },
            "id": "5E34287FF50000FA"
        },
        {
            "type": "Feature",
            "geometry": {
                "type": "Point",
                "coordinates": [
                    -76.9934116,
                    38.9544693,
                    0
                ]
            },
            "properties": {
                "name": "2 calls — 919 HAMILTON ST NE · 20011",
                "styleUrl": "#__managed_style_040187DAEA4194EF9204",
                "styleMapHash": {
                    "normal": "#__managed_style_040187DAEA4194EF9204_normal",
                    "highlight": "#__managed_style_040187DAEA4194EF9204_highlight"
                },
                "description": "<b>919 HAMILTON ST NE, WASHINGTON, DC, 20011</b><br/>Calls at this matched location: <b>2</b><br/>Call dates: 2026-06-05 through 2026-06-10<br/>ZIP: 20011",
                "COL5E3428810B38E742": "2",
                "COL5E3428810B09F441": "20011"
            },
            "id": "5E34287FF50000FB"
        },
        {
            "type": "Feature",
            "geometry": {
                "type": "Point",
                "coordinates": [
                    -76.9912151,
                    38.8365776,
                    0
                ]
            },
            "properties": {
                "name": "2 calls — 929 BLAKNEY LN SE · 20032",
                "styleUrl": "#__managed_style_040187DAEA4194EF9204",
                "styleMapHash": {
                    "normal": "#__managed_style_040187DAEA4194EF9204_normal",
                    "highlight": "#__managed_style_040187DAEA4194EF9204_highlight"
                },
                "description": "<b>929 BLAKNEY LN SE, WASHINGTON, DC, 20032</b><br/>Calls at this matched location: <b>2</b><br/>Call dates: 2026-04-26 through 2026-07-18<br/>ZIP: 20032",
                "COL5E3428810B38E742": "2",
                "COL5E3428810B09F441": "20032"
            },
            "id": "5E34287FF50000FC"
        },
        {
            "type": "Feature",
            "geometry": {
                "type": "Point",
                "coordinates": [
                    -76.9959337,
                    38.8567182,
                    0
                ]
            },
            "properties": {
                "name": "2 calls — M L KING JR AVE SE & POMEROY RD SE · 20020",
                "styleUrl": "#__managed_style_040187DAEA4194EF9204",
                "styleMapHash": {
                    "normal": "#__managed_style_040187DAEA4194EF9204_normal",
                    "highlight": "#__managed_style_040187DAEA4194EF9204_highlight"
                },
                "description": "<b>M L KING JR AVE SE &amp; POMEROY RD SE, WASHINGTON, DC, 20020</b><br/>Calls at this matched location: <b>2</b><br/>Call dates: 2026-06-13 through 2026-06-13<br/>ZIP: 20020",
                "COL5E3428810B38E742": "2",
                "COL5E3428810B09F441": "20020"
            },
            "id": "5E34287FF50000FD"
        },
        {
            "type": "Feature",
            "geometry": {
                "type": "Point",
                "coordinates": [
                    -77.0074985,
                    38.9462595,
                    0
                ]
            },
            "properties": {
                "name": "1 call — 1 HAWAII AVE NE · 20011",
                "styleUrl": "#__managed_style_074E3397174194EF9201",
                "styleMapHash": {
                    "normal": "#__managed_style_074E3397174194EF9201_normal",
                    "highlight": "#__managed_style_074E3397174194EF9201_highlight"
                },
                "description": "<b>1 HAWAII AVE NE, WASHINGTON, DC, 20011</b><br/>Calls at this matched location: <b>1</b><br/>Call dates: 2026-08-18<br/>ZIP: 20011",
                "COL5E3428810B38E742": "1",
                "COL5E3428810B09F441": "20011"
            },
            "id": "5E34287FF50000FE"
        },
        {
            "type": "Feature",
            "geometry": {
                "type": "Point",
                "coordinates": [
                    -76.9320333,
                    38.8895169,
                    0
                ]
            },
            "properties": {
                "name": "1 call — 10 49TH ST SE · 20019",
                "styleUrl": "#__managed_style_074E3397174194EF9201",
                "styleMapHash": {
                    "normal": "#__managed_style_074E3397174194EF9201_normal",
                    "highlight": "#__managed_style_074E3397174194EF9201_highlight"
                },
                "description": "<b>10 49TH ST SE, WASHINGTON, DC, 20019</b><br/>Calls at this matched location: <b>1</b><br/>Call dates: 2026-08-19<br/>ZIP: 20019",
                "COL5E3428810B38E742": "1",
                "COL5E3428810B09F441": "20019"
            },
            "id": "5E34287FF50000FF"
        },
        {
            "type": "Feature",
            "geometry": {
                "type": "Point",
                "coordinates": [
                    -77.0098766,
                    38.8251357,
                    0
                ]
            },
            "properties": {
                "name": "1 call — 100 FORRESTER ST SW · 20032",
                "styleUrl": "#__managed_style_074E3397174194EF9201",
                "styleMapHash": {
                    "normal": "#__managed_style_074E3397174194EF9201_normal",
                    "highlight": "#__managed_style_074E3397174194EF9201_highlight"
                },
                "description": "<b>100 FORRESTER ST SW, WASHINGTON, DC, 20032</b><br/>Calls at this matched location: <b>1</b><br/>Call dates: 2026-08-05<br/>ZIP: 20032",
                "COL5E3428810B38E742": "1",
                "COL5E3428810B09F441": "20032"
            },
            "id": "5E34287FF5000100"
        },
        {
            "type": "Feature",
            "geometry": {
                "type": "Point",
                "coordinates": [
                    -77.0058141,
                    38.9026214,
                    0
                ]
            },
            "properties": {
                "name": "1 call — 1005 1ST ST NE · 20002",
                "styleUrl": "#__managed_style_074E3397174194EF9201",
                "styleMapHash": {
                    "normal": "#__managed_style_074E3397174194EF9201_normal",
                    "highlight": "#__managed_style_074E3397174194EF9201_highlight"
                },
                "description": "<b>1005 1ST ST NE, WASHINGTON, DC, 20002</b><br/>Calls at this matched location: <b>1</b><br/>Call dates: 2026-08-17<br/>ZIP: 20002",
                "COL5E3428810B38E742": "1",
                "COL5E3428810B09F441": "20002"
            },
            "id": "5E34287FF5000101"
        },
        {
            "type": "Feature",
            "geometry": {
                "type": "Point",
                "coordinates": [
                    -76.9922072,
                    38.9226032,
                    0
                ]
            },
            "properties": {
                "name": "1 call — 1016 RHODE ISLAND AVE NE · 20018",
                "styleUrl": "#__managed_style_074E3397174194EF9201",
                "styleMapHash": {
                    "normal": "#__managed_style_074E3397174194EF9201_normal",
                    "highlight": "#__managed_style_074E3397174194EF9201_highlight"
                },
                "description": "<b>1016 RHODE ISLAND AVE NE, WASHINGTON, DC, 20018</b><br/>Calls at this matched location: <b>1</b><br/>Call dates: 2026-05-06<br/>ZIP: 20018",
                "COL5E3428810B38E742": "1",
                "COL5E3428810B09F441": "20018"
            },
            "id": "5E34287FF5000102"
        },
        {
            "type": "Feature",
            "geometry": {
                "type": "Point",
                "coordinates": [
                    -76.9924071,
                    38.9037587,
                    0
                ]
            },
            "properties": {
                "name": "1 call — 1020 FLORIDA AVE NE · 20002",
                "styleUrl": "#__managed_style_074E3397174194EF9201",
                "styleMapHash": {
                    "normal": "#__managed_style_074E3397174194EF9201_normal",
                    "highlight": "#__managed_style_074E3397174194EF9201_highlight"
                },
                "description": "<b>1020 FLORIDA AVE NE, WASHINGTON, DC, 20002</b><br/>Calls at this matched location: <b>1</b><br/>Call dates: 2026-05-14<br/>ZIP: 20002",
                "COL5E3428810B38E742": "1",
                "COL5E3428810B09F441": "20002"
            },
            "id": "5E34287FF5000103"
        },
        {
            "type": "Feature",
            "geometry": {
                "type": "Point",
                "coordinates": [
                    -76.9882997,
                    38.9114217,
                    0
                ]
            },
            "properties": {
                "name": "1 call — 1050 MOUNT OLIVET RD NE · 20002",
                "styleUrl": "#__managed_style_074E3397174194EF9201",
                "styleMapHash": {
                    "normal": "#__managed_style_074E3397174194EF9201_normal",
                    "highlight": "#__managed_style_074E3397174194EF9201_highlight"
                },
                "description": "<b>1050 MOUNT OLIVET RD NE, WASHINGTON, DC, 20002</b><br/>Calls at this matched location: <b>1</b><br/>Call dates: 2026-04-09<br/>ZIP: 20002",
                "COL5E3428810B38E742": "1",
                "COL5E3428810B09F441": "20002"
            },
            "id": "5E34287FF5000104"
        },
        {
            "type": "Feature",
            "geometry": {
                "type": "Point",
                "coordinates": [
                    -76.9326391,
                    38.9040557,
                    0
                ]
            },
            "properties": {
                "name": "1 call — 1065 48TH PL NE · 20019",
                "styleUrl": "#__managed_style_074E3397174194EF9201",
                "styleMapHash": {
                    "normal": "#__managed_style_074E3397174194EF9201_normal",
                    "highlight": "#__managed_style_074E3397174194EF9201_highlight"
                },
                "description": "<b>1065 48TH PL NE, WASHINGTON, DC, 20019</b><br/>Calls at this matched location: <b>1</b><br/>Call dates: 2026-06-23<br/>ZIP: 20019",
                "COL5E3428810B38E742": "1",
                "COL5E3428810B09F441": "20019"
            },
            "id": "5E34287FF5000105"
        },
        {
            "type": "Feature",
            "geometry": {
                "type": "Point",
                "coordinates": [
                    -77.0103259,
                    38.8252564,
                    0
                ]
            },
            "properties": {
                "name": "1 call — 107 FORRESTER ST SW · 20032",
                "styleUrl": "#__managed_style_074E3397174194EF9201",
                "styleMapHash": {
                    "normal": "#__managed_style_074E3397174194EF9201_normal",
                    "highlight": "#__managed_style_074E3397174194EF9201_highlight"
                },
                "description": "<b>107 FORRESTER ST SW, WASHINGTON, DC, 20032</b><br/>Calls at this matched location: <b>1</b><br/>Call dates: 2026-05-27<br/>ZIP: 20032",
                "COL5E3428810B38E742": "1",
                "COL5E3428810B09F441": "20032"
            },
            "id": "5E34287FF5000106"
        },
        {
            "type": "Feature",
            "geometry": {
                "type": "Point",
                "coordinates": [
                    -77.012565,
                    38.9311187,
                    0
                ]
            },
            "properties": {
                "name": "1 call — 110 IRVING ST NW · 20010",
                "styleUrl": "#__managed_style_074E3397174194EF9201",
                "styleMapHash": {
                    "normal": "#__managed_style_074E3397174194EF9201_normal",
                    "highlight": "#__managed_style_074E3397174194EF9201_highlight"
                },
                "description": "<b>110 IRVING ST NW, WASHINGTON, DC, 20010</b><br/>Calls at this matched location: <b>1</b><br/>Call dates: 2026-07-31<br/>ZIP: 20010",
                "COL5E3428810B38E742": "1",
                "COL5E3428810B09F441": "20010"
            },
            "id": "5E34287FF5000107"
        },
        {
            "type": "Feature",
            "geometry": {
                "type": "Point",
                "coordinates": [
                    -77.0267381,
                    38.9757618,
                    0
                ]
            },
            "properties": {
                "name": "1 call — 1100 DAHLIA ST NW · 20012",
                "styleUrl": "#__managed_style_074E3397174194EF9201",
                "styleMapHash": {
                    "normal": "#__managed_style_074E3397174194EF9201_normal",
                    "highlight": "#__managed_style_074E3397174194EF9201_highlight"
                },
                "description": "<b>1100 DAHLIA ST NW, WASHINGTON, DC, 20012</b><br/>Calls at this matched location: <b>1</b><br/>Call dates: 2026-07-29<br/>ZIP: 20012",
                "COL5E3428810B38E742": "1",
                "COL5E3428810B09F441": "20012"
            },
            "id": "5E34287FF5000108"
        },
        {
            "type": "Feature",
            "geometry": {
                "type": "Point",
                "coordinates": [
                    -76.9957804,
                    38.8627935,
                    0
                ]
            },
            "properties": {
                "name": "1 call — 1101 HOWARD RD SE · 20020",
                "styleUrl": "#__managed_style_074E3397174194EF9201",
                "styleMapHash": {
                    "normal": "#__managed_style_074E3397174194EF9201_normal",
                    "highlight": "#__managed_style_074E3397174194EF9201_highlight"
                },
                "description": "<b>1101 HOWARD RD SE, WASHINGTON, DC, 20020</b><br/>Calls at this matched location: <b>1</b><br/>Call dates: 2026-05-23<br/>ZIP: 20020",
                "COL5E3428810B38E742": "1",
                "COL5E3428810B09F441": "20020"
            },
            "id": "5E34287FF5000109"
        },
        {
            "type": "Feature",
            "geometry": {
                "type": "Point",
                "coordinates": [
                    -76.9912918,
                    38.9002545,
                    0
                ]
            },
            "properties": {
                "name": "1 call — 1114 H ST NE · 20002",
                "styleUrl": "#__managed_style_074E3397174194EF9201",
                "styleMapHash": {
                    "normal": "#__managed_style_074E3397174194EF9201_normal",
                    "highlight": "#__managed_style_074E3397174194EF9201_highlight"
                },
                "description": "<b>1114 H ST NE, WASHINGTON, DC, 20002</b><br/>Calls at this matched location: <b>1</b><br/>Call dates: 2026-04-13<br/>ZIP: 20002",
                "COL5E3428810B38E742": "1",
                "COL5E3428810B09F441": "20002"
            },
            "id": "5E34287FF500010A"
        },
        {
            "type": "Feature",
            "geometry": {
                "type": "Point",
                "coordinates": [
                    -77.0133829,
                    38.9497464,
                    0
                ]
            },
            "properties": {
                "name": "1 call — 112 EMERSON ST NW · 20011",
                "styleUrl": "#__managed_style_074E3397174194EF9201",
                "styleMapHash": {
                    "normal": "#__managed_style_074E3397174194EF9201_normal",
                    "highlight": "#__managed_style_074E3397174194EF9201_highlight"
                },
                "description": "<b>112 EMERSON ST NW, WASHINGTON, DC, 20011</b><br/>Calls at this matched location: <b>1</b><br/>Call dates: 2026-06-09<br/>ZIP: 20011",
                "COL5E3428810B38E742": "1",
                "COL5E3428810B09F441": "20011"
            },
            "id": "5E34287FF500010B"
        },
        {
            "type": "Feature",
            "geometry": {
                "type": "Point",
                "coordinates": [
                    -76.9275399,
                    38.905008,
                    0
                ]
            },
            "properties": {
                "name": "1 call — 1122 51ST PL NE · 20019",
                "styleUrl": "#__managed_style_074E3397174194EF9201",
                "styleMapHash": {
                    "normal": "#__managed_style_074E3397174194EF9201_normal",
                    "highlight": "#__managed_style_074E3397174194EF9201_highlight"
                },
                "description": "<b>1122 51ST PL NE, WASHINGTON, DC, 20019</b><br/>Calls at this matched location: <b>1</b><br/>Call dates: 2026-05-24<br/>ZIP: 20019",
                "COL5E3428810B38E742": "1",
                "COL5E3428810B09F441": "20019"
            },
            "id": "5E34287FF500010C"
        },
        {
            "type": "Feature",
            "geometry": {
                "type": "Point",
                "coordinates": [
                    -76.999432,
                    38.9045181,
                    0
                ]
            },
            "properties": {
                "name": "1 call — 1141 5TH ST NE · 20002",
                "styleUrl": "#__managed_style_074E3397174194EF9201",
                "styleMapHash": {
                    "normal": "#__managed_style_074E3397174194EF9201_normal",
                    "highlight": "#__managed_style_074E3397174194EF9201_highlight"
                },
                "description": "<b>1141 5TH ST NE, WASHINGTON, DC, 20002</b><br/>Calls at this matched location: <b>1</b><br/>Call dates: 2026-05-11<br/>ZIP: 20002",
                "COL5E3428810B38E742": "1",
                "COL5E3428810B09F441": "20002"
            },
            "id": "5E34287FF500010D"
        },
        {
            "type": "Feature",
            "geometry": {
                "type": "Point",
                "coordinates": [
                    -76.9433316,
                    38.9050223,
                    0
                ]
            },
            "properties": {
                "name": "1 call — 1155 42ND ST NE · 20019",
                "styleUrl": "#__managed_style_074E3397174194EF9201",
                "styleMapHash": {
                    "normal": "#__managed_style_074E3397174194EF9201_normal",
                    "highlight": "#__managed_style_074E3397174194EF9201_highlight"
                },
                "description": "<b>1155 42ND ST NE, WASHINGTON, DC, 20019</b><br/>Calls at this matched location: <b>1</b><br/>Call dates: 2026-08-09<br/>ZIP: 20019",
                "COL5E3428810B38E742": "1",
                "COL5E3428810B09F441": "20019"
            },
            "id": "5E34287FF500010E"
        },
        {
            "type": "Feature",
            "geometry": {
                "type": "Point",
                "coordinates": [
                    -76.9914546,
                    38.8885839,
                    0
                ]
            },
            "properties": {
                "name": "1 call — 120 11TH ST SE · 20003",
                "styleUrl": "#__managed_style_074E3397174194EF9201",
                "styleMapHash": {
                    "normal": "#__managed_style_074E3397174194EF9201_normal",
                    "highlight": "#__managed_style_074E3397174194EF9201_highlight"
                },
                "description": "<b>120 11TH ST SE, WASHINGTON, DC, 20003</b><br/>Calls at this matched location: <b>1</b><br/>Call dates: 2026-06-15<br/>ZIP: 20003",
                "COL5E3428810B38E742": "1",
                "COL5E3428810B09F441": "20003"
            },
            "id": "5E34287FF600010F"
        },
        {
            "type": "Feature",
            "geometry": {
                "type": "Point",
                "coordinates": [
                    -77.0126037,
                    38.9147718,
                    0
                ]
            },
            "properties": {
                "name": "1 call — 120 SEATON PL NW · 20001",
                "styleUrl": "#__managed_style_074E3397174194EF9201",
                "styleMapHash": {
                    "normal": "#__managed_style_074E3397174194EF9201_normal",
                    "highlight": "#__managed_style_074E3397174194EF9201_highlight"
                },
                "description": "<b>120 SEATON PL NW, WASHINGTON, DC, 20001</b><br/>Calls at this matched location: <b>1</b><br/>Call dates: 2026-06-17<br/>ZIP: 20001",
                "COL5E3428810B38E742": "1",
                "COL5E3428810B09F441": "20001"
            },
            "id": "5E34287FF6000110"
        },
        {
            "type": "Feature",
            "geometry": {
                "type": "Point",
                "coordinates": [
                    -77.012242,
                    38.9057006,
                    0
                ]
            },
            "properties": {
                "name": "1 call — 1200 1ST ST NW · 20001",
                "styleUrl": "#__managed_style_074E3397174194EF9201",
                "styleMapHash": {
                    "normal": "#__managed_style_074E3397174194EF9201_normal",
                    "highlight": "#__managed_style_074E3397174194EF9201_highlight"
                },
                "description": "<b>1200 1ST ST NW, WASHINGTON, DC, 20001</b><br/>Calls at this matched location: <b>1</b><br/>Call dates: 2026-06-17<br/>ZIP: 20001",
                "COL5E3428810B38E742": "1",
                "COL5E3428810B09F441": "20001"
            },
            "id": "5E34287FF6000111"
        },
        {
            "type": "Feature",
            "geometry": {
                "type": "Point",
                "coordinates": [
                    -77.0281107,
                    38.9006708,
                    0
                ]
            },
            "properties": {
                "name": "1 call — 1200 NEW YORK AVE NW · 20005",
                "styleUrl": "#__managed_style_074E3397174194EF9201",
                "styleMapHash": {
                    "normal": "#__managed_style_074E3397174194EF9201_normal",
                    "highlight": "#__managed_style_074E3397174194EF9201_highlight"
                },
                "description": "<b>1200 NEW YORK AVE NW, WASHINGTON, DC, 20005</b><br/>Calls at this matched location: <b>1</b><br/>Call dates: 2026-06-23<br/>ZIP: 20005",
                "COL5E3428810B38E742": "1",
                "COL5E3428810B09F441": "20005"
            },
            "id": "5E34287FF6000112"
        },
        {
            "type": "Feature",
            "geometry": {
                "type": "Point",
                "coordinates": [
                    -76.9894721,
                    38.9406669,
                    0
                ]
            },
            "properties": {
                "name": "1 call — 1211 TAYLOR ST NE · 20017",
                "styleUrl": "#__managed_style_074E3397174194EF9201",
                "styleMapHash": {
                    "normal": "#__managed_style_074E3397174194EF9201_normal",
                    "highlight": "#__managed_style_074E3397174194EF9201_highlight"
                },
                "description": "<b>1211 TAYLOR ST NE, WASHINGTON, DC, 20017</b><br/>Calls at this matched location: <b>1</b><br/>Call dates: 2026-07-31<br/>ZIP: 20017",
                "COL5E3428810B38E742": "1",
                "COL5E3428810B09F441": "20017"
            },
            "id": "5E34287FF6000113"
        },
        {
            "type": "Feature",
            "geometry": {
                "type": "Point",
                "coordinates": [
                    -76.9315911,
                    38.9062681,
                    0
                ]
            },
            "properties": {
                "name": "1 call — 1215 49TH ST NE · 20019",
                "styleUrl": "#__managed_style_074E3397174194EF9201",
                "styleMapHash": {
                    "normal": "#__managed_style_074E3397174194EF9201_normal",
                    "highlight": "#__managed_style_074E3397174194EF9201_highlight"
                },
                "description": "<b>1215 49TH ST NE, WASHINGTON, DC, 20019</b><br/>Calls at this matched location: <b>1</b><br/>Call dates: 2026-05-30<br/>ZIP: 20019",
                "COL5E3428810B38E742": "1",
                "COL5E3428810B09F441": "20019"
            },
            "id": "5E34287FF6000114"
        },
        {
            "type": "Feature",
            "geometry": {
                "type": "Point",
                "coordinates": [
                    -76.9895889,
                    38.8406433,
                    0
                ]
            },
            "properties": {
                "name": "1 call — 1220 TRENTON PL SE · 20032",
                "styleUrl": "#__managed_style_074E3397174194EF9201",
                "styleMapHash": {
                    "normal": "#__managed_style_074E3397174194EF9201_normal",
                    "highlight": "#__managed_style_074E3397174194EF9201_highlight"
                },
                "description": "<b>1220 TRENTON PL SE, WASHINGTON, DC, 20032</b><br/>Calls at this matched location: <b>1</b><br/>Call dates: 2026-05-30<br/>ZIP: 20032",
                "COL5E3428810B38E742": "1",
                "COL5E3428810B09F441": "20032"
            },
            "id": "5E34287FF6000115"
        },
        {
            "type": "Feature",
            "geometry": {
                "type": "Point",
                "coordinates": [
                    -76.9797018,
                    38.9060392,
                    0
                ]
            },
            "properties": {
                "name": "1 call — 1230 BLADENSBURG RD NE · 20002",
                "styleUrl": "#__managed_style_074E3397174194EF9201",
                "styleMapHash": {
                    "normal": "#__managed_style_074E3397174194EF9201_normal",
                    "highlight": "#__managed_style_074E3397174194EF9201_highlight"
                },
                "description": "<b>1230 BLADENSBURG RD NE, WASHINGTON, DC, 20002</b><br/>Calls at this matched location: <b>1</b><br/>Call dates: 2026-06-19<br/>ZIP: 20002",
                "COL5E3428810B38E742": "1",
                "COL5E3428810B09F441": "20002"
            },
            "id": "5E34287FF6000116"
        },
        {
            "type": "Feature",
            "geometry": {
                "type": "Point",
                "coordinates": [
                    -76.9892608,
                    38.8431599,
                    0
                ]
            },
            "properties": {
                "name": "1 call — 1236 SAVANNAH ST SE · 20032",
                "styleUrl": "#__managed_style_074E3397174194EF9201",
                "styleMapHash": {
                    "normal": "#__managed_style_074E3397174194EF9201_normal",
                    "highlight": "#__managed_style_074E3397174194EF9201_highlight"
                },
                "description": "<b>1236 SAVANNAH ST SE, WASHINGTON, DC, 20032</b><br/>Calls at this matched location: <b>1</b><br/>Call dates: 2026-07-07<br/>ZIP: 20032",
                "COL5E3428810B38E742": "1",
                "COL5E3428810B09F441": "20032"
            },
            "id": "5E34287FF6000117"
        },
        {
            "type": "Feature",
            "geometry": {
                "type": "Point",
                "coordinates": [
                    -76.9893329,
                    38.9013795,
                    0
                ]
            },
            "properties": {
                "name": "1 call — 1246 I ST NE · 20002",
                "styleUrl": "#__managed_style_074E3397174194EF9201",
                "styleMapHash": {
                    "normal": "#__managed_style_074E3397174194EF9201_normal",
                    "highlight": "#__managed_style_074E3397174194EF9201_highlight"
                },
                "description": "<b>1246 I ST NE, WASHINGTON, DC, 20002</b><br/>Calls at this matched location: <b>1</b><br/>Call dates: 2026-07-20<br/>ZIP: 20002",
                "COL5E3428810B38E742": "1",
                "COL5E3428810B09F441": "20002"
            },
            "id": "5E34287FF6000118"
        },
        {
            "type": "Feature",
            "geometry": {
                "type": "Point",
                "coordinates": [
                    -77.0107406,
                    38.8252681,
                    0
                ]
            },
            "properties": {
                "name": "1 call — 125 FORRESTER ST SW · 20032",
                "styleUrl": "#__managed_style_074E3397174194EF9201",
                "styleMapHash": {
                    "normal": "#__managed_style_074E3397174194EF9201_normal",
                    "highlight": "#__managed_style_074E3397174194EF9201_highlight"
                },
                "description": "<b>125 FORRESTER ST SW, WASHINGTON, DC, 20032</b><br/>Calls at this matched location: <b>1</b><br/>Call dates: 2026-06-09<br/>ZIP: 20032",
                "COL5E3428810B38E742": "1",
                "COL5E3428810B09F441": "20032"
            },
            "id": "5E34287FF6000119"
        },
        {
            "type": "Feature",
            "geometry": {
                "type": "Point",
                "coordinates": [
                    -77.0287015,
                    38.969868,
                    0
                ]
            },
            "properties": {
                "name": "1 call — 1250 VAN BUREN ST NW · 20012",
                "styleUrl": "#__managed_style_074E3397174194EF9201",
                "styleMapHash": {
                    "normal": "#__managed_style_074E3397174194EF9201_normal",
                    "highlight": "#__managed_style_074E3397174194EF9201_highlight"
                },
                "description": "<b>1250 VAN BUREN ST NW, WASHINGTON, DC, 20012</b><br/>Calls at this matched location: <b>1</b><br/>Call dates: 2026-05-17<br/>ZIP: 20012",
                "COL5E3428810B38E742": "1",
                "COL5E3428810B09F441": "20012"
            },
            "id": "5E34287FF600011A"
        },
        {
            "type": "Feature",
            "geometry": {
                "type": "Point",
                "coordinates": [
                    -76.9902322,
                    38.9387622,
                    0
                ]
            },
            "properties": {
                "name": "1 call — 12TH ST NE & MICHIGAN AVE NE · 20017",
                "styleUrl": "#__managed_style_074E3397174194EF9201",
                "styleMapHash": {
                    "normal": "#__managed_style_074E3397174194EF9201_normal",
                    "highlight": "#__managed_style_074E3397174194EF9201_highlight"
                },
                "description": "<b>12TH ST NE &amp; MICHIGAN AVE NE, WASHINGTON, DC, 20017</b><br/>Calls at this matched location: <b>1</b><br/>Call dates: 2026-07-31<br/>ZIP: 20017",
                "COL5E3428810B38E742": "1",
                "COL5E3428810B09F441": "20017"
            },
            "id": "5E34287FF600011B"
        },
        {
            "type": "Feature",
            "geometry": {
                "type": "Point",
                "coordinates": [
                    -76.9884169,
                    38.8431922,
                    0
                ]
            },
            "properties": {
                "name": "1 call — 1301 SAVANNAH ST SE · 20032",
                "styleUrl": "#__managed_style_074E3397174194EF9201",
                "styleMapHash": {
                    "normal": "#__managed_style_074E3397174194EF9201_normal",
                    "highlight": "#__managed_style_074E3397174194EF9201_highlight"
                },
                "description": "<b>1301 SAVANNAH ST SE, WASHINGTON, DC, 20032</b><br/>Calls at this matched location: <b>1</b><br/>Call dates: 2026-07-02<br/>ZIP: 20032",
                "COL5E3428810B38E742": "1",
                "COL5E3428810B09F441": "20032"
            },
            "id": "5E34287FF600011C"
        },
        {
            "type": "Feature",
            "geometry": {
                "type": "Point",
                "coordinates": [
                    -76.9871378,
                    38.8421308,
                    0
                ]
            },
            "properties": {
                "name": "1 call — 1307 CONGRESS ST SE · 20032",
                "styleUrl": "#__managed_style_074E3397174194EF9201",
                "styleMapHash": {
                    "normal": "#__managed_style_074E3397174194EF9201_normal",
                    "highlight": "#__managed_style_074E3397174194EF9201_highlight"
                },
                "description": "<b>1307 CONGRESS ST SE, WASHINGTON, DC, 20032</b><br/>Calls at this matched location: <b>1</b><br/>Call dates: 2026-05-24<br/>ZIP: 20032",
                "COL5E3428810B38E742": "1",
                "COL5E3428810B09F441": "20032"
            },
            "id": "5E34287FF600011D"
        },
        {
            "type": "Feature",
            "geometry": {
                "type": "Point",
                "coordinates": [
                    -76.9911218,
                    38.9056597,
                    0
                ]
            },
            "properties": {
                "name": "1 call — 1311 WEST VIRGINIA AVE NE · 20002",
                "styleUrl": "#__managed_style_074E3397174194EF9201",
                "styleMapHash": {
                    "normal": "#__managed_style_074E3397174194EF9201_normal",
                    "highlight": "#__managed_style_074E3397174194EF9201_highlight"
                },
                "description": "<b>1311 WEST VIRGINIA AVE NE, WASHINGTON, DC, 20002</b><br/>Calls at this matched location: <b>1</b><br/>Call dates: 2026-04-30<br/>ZIP: 20002",
                "COL5E3428810B38E742": "1",
                "COL5E3428810B09F441": "20002"
            },
            "id": "5E34287FF600011E"
        },
        {
            "type": "Feature",
            "geometry": {
                "type": "Point",
                "coordinates": [
                    -77.0313853,
                    38.9862275,
                    0
                ]
            },
            "properties": {
                "name": "1 call — 1320 LEEGATE RD NW · 20012",
                "styleUrl": "#__managed_style_074E3397174194EF9201",
                "styleMapHash": {
                    "normal": "#__managed_style_074E3397174194EF9201_normal",
                    "highlight": "#__managed_style_074E3397174194EF9201_highlight"
                },
                "description": "<b>1320 LEEGATE RD NW, WASHINGTON, DC, 20012</b><br/>Calls at this matched location: <b>1</b><br/>Call dates: 2026-06-25<br/>ZIP: 20012",
                "COL5E3428810B38E742": "1",
                "COL5E3428810B09F441": "20012"
            },
            "id": "5E34287FF600011F"
        },
        {
            "type": "Feature",
            "geometry": {
                "type": "Point",
                "coordinates": [
                    -76.9905831,
                    38.861085,
                    0
                ]
            },
            "properties": {
                "name": "1 call — 1322 DEXTER TER SE · 20020",
                "styleUrl": "#__managed_style_074E3397174194EF9201",
                "styleMapHash": {
                    "normal": "#__managed_style_074E3397174194EF9201_normal",
                    "highlight": "#__managed_style_074E3397174194EF9201_highlight"
                },
                "description": "<b>1322 DEXTER TER SE, WASHINGTON, DC, 20020</b><br/>Calls at this matched location: <b>1</b><br/>Call dates: 2026-06-16<br/>ZIP: 20020",
                "COL5E3428810B38E742": "1",
                "COL5E3428810B09F441": "20020"
            },
            "id": "5E34287FF6000120"
        },
        {
            "type": "Feature",
            "geometry": {
                "type": "Point",
                "coordinates": [
                    -76.9874126,
                    38.8829025,
                    0
                ]
            },
            "properties": {
                "name": "1 call — 1324 E ST SE · 20003",
                "styleUrl": "#__managed_style_074E3397174194EF9201",
                "styleMapHash": {
                    "normal": "#__managed_style_074E3397174194EF9201_normal",
                    "highlight": "#__managed_style_074E3397174194EF9201_highlight"
                },
                "description": "<b>1324 E ST SE, WASHINGTON, DC, 20003</b><br/>Calls at this matched location: <b>1</b><br/>Call dates: 2026-07-29<br/>ZIP: 20003",
                "COL5E3428810B38E742": "1",
                "COL5E3428810B09F441": "20003"
            },
            "id": "5E34287FF6000121"
        },
        {
            "type": "Feature",
            "geometry": {
                "type": "Point",
                "coordinates": [
                    -76.9838193,
                    38.9027249,
                    0
                ]
            },
            "properties": {
                "name": "1 call — 1326 HOLBROOK ST NE · 20002",
                "styleUrl": "#__managed_style_074E3397174194EF9201",
                "styleMapHash": {
                    "normal": "#__managed_style_074E3397174194EF9201_normal",
                    "highlight": "#__managed_style_074E3397174194EF9201_highlight"
                },
                "description": "<b>1326 HOLBROOK ST NE, WASHINGTON, DC, 20002</b><br/>Calls at this matched location: <b>1</b><br/>Call dates: 2026-06-03<br/>ZIP: 20002",
                "COL5E3428810B38E742": "1",
                "COL5E3428810B09F441": "20002"
            },
            "id": "5E34287FF6000122"
        },
        {
            "type": "Feature",
            "geometry": {
                "type": "Point",
                "coordinates": [
                    -76.987242,
                    38.8947219,
                    0
                ]
            },
            "properties": {
                "name": "1 call — 1327 D ST NE · 20002",
                "styleUrl": "#__managed_style_074E3397174194EF9201",
                "styleMapHash": {
                    "normal": "#__managed_style_074E3397174194EF9201_normal",
                    "highlight": "#__managed_style_074E3397174194EF9201_highlight"
                },
                "description": "<b>1327 D ST NE, WASHINGTON, DC, 20002</b><br/>Calls at this matched location: <b>1</b><br/>Call dates: 2026-08-03<br/>ZIP: 20002",
                "COL5E3428810B38E742": "1",
                "COL5E3428810B09F441": "20002"
            },
            "id": "5E34287FF6000123"
        },
        {
            "type": "Feature",
            "geometry": {
                "type": "Point",
                "coordinates": [
                    -76.9871807,
                    38.8435339,
                    0
                ]
            },
            "properties": {
                "name": "1 call — 1329 SAVANNAH ST SE · 20032",
                "styleUrl": "#__managed_style_074E3397174194EF9201",
                "styleMapHash": {
                    "normal": "#__managed_style_074E3397174194EF9201_normal",
                    "highlight": "#__managed_style_074E3397174194EF9201_highlight"
                },
                "description": "<b>1329 SAVANNAH ST SE, WASHINGTON, DC, 20032</b><br/>Calls at this matched location: <b>1</b><br/>Call dates: 2026-04-23<br/>ZIP: 20032",
                "COL5E3428810B38E742": "1",
                "COL5E3428810B09F441": "20032"
            },
            "id": "5E34287FF6000124"
        },
        {
            "type": "Feature",
            "geometry": {
                "type": "Point",
                "coordinates": [
                    -77.0112685,
                    38.8270507,
                    0
                ]
            },
            "properties": {
                "name": "1 call — 133 DARRINGTON ST SW · 20032",
                "styleUrl": "#__managed_style_074E3397174194EF9201",
                "styleMapHash": {
                    "normal": "#__managed_style_074E3397174194EF9201_normal",
                    "highlight": "#__managed_style_074E3397174194EF9201_highlight"
                },
                "description": "<b>133 DARRINGTON ST SW, WASHINGTON, DC, 20032</b><br/>Calls at this matched location: <b>1</b><br/>Call dates: 2026-04-12<br/>ZIP: 20032",
                "COL5E3428810B38E742": "1",
                "COL5E3428810B09F441": "20032"
            },
            "id": "5E34287FF6000125"
        },
        {
            "type": "Feature",
            "geometry": {
                "type": "Point",
                "coordinates": [
                    -77.0315327,
                    38.9572269,
                    0
                ]
            },
            "properties": {
                "name": "1 call — 1332 LONGFELLOW ST NW · 20011",
                "styleUrl": "#__managed_style_074E3397174194EF9201",
                "styleMapHash": {
                    "normal": "#__managed_style_074E3397174194EF9201_normal",
                    "highlight": "#__managed_style_074E3397174194EF9201_highlight"
                },
                "description": "<b>1332 LONGFELLOW ST NW, WASHINGTON, DC, 20011</b><br/>Calls at this matched location: <b>1</b><br/>Call dates: 2026-06-03<br/>ZIP: 20011",
                "COL5E3428810B38E742": "1",
                "COL5E3428810B09F441": "20011"
            },
            "id": "5E34287FF6000126"
        },
        {
            "type": "Feature",
            "geometry": {
                "type": "Point",
                "coordinates": [
                    -76.9912116,
                    38.8607969,
                    0
                ]
            },
            "properties": {
                "name": "1 call — 1336 TALBERT TER SE · 20020",
                "styleUrl": "#__managed_style_074E3397174194EF9201",
                "styleMapHash": {
                    "normal": "#__managed_style_074E3397174194EF9201_normal",
                    "highlight": "#__managed_style_074E3397174194EF9201_highlight"
                },
                "description": "<b>1336 TALBERT TER SE, WASHINGTON, DC, 20020</b><br/>Calls at this matched location: <b>1</b><br/>Call dates: 2026-06-16<br/>ZIP: 20020",
                "COL5E3428810B38E742": "1",
                "COL5E3428810B09F441": "20020"
            },
            "id": "5E34287FF6000127"
        },
        {
            "type": "Feature",
            "geometry": {
                "type": "Point",
                "coordinates": [
                    -76.9873966,
                    38.8809226,
                    0
                ]
            },
            "properties": {
                "name": "1 call — 1341 PENNSYLVANIA AVE SE · 20003",
                "styleUrl": "#__managed_style_074E3397174194EF9201",
                "styleMapHash": {
                    "normal": "#__managed_style_074E3397174194EF9201_normal",
                    "highlight": "#__managed_style_074E3397174194EF9201_highlight"
                },
                "description": "<b>1341 PENNSYLVANIA AVE SE, WASHINGTON, DC, 20003</b><br/>Calls at this matched location: <b>1</b><br/>Call dates: 2026-07-13<br/>ZIP: 20003",
                "COL5E3428810B38E742": "1",
                "COL5E3428810B09F441": "20003"
            },
            "id": "5E34287FF6000128"
        },
        {
            "type": "Feature",
            "geometry": {
                "type": "Point",
                "coordinates": [
                    -76.9866317,
                    38.9150039,
                    0
                ]
            },
            "properties": {
                "name": "1 call — 1345 NEW YORK AVE NE · 20002",
                "styleUrl": "#__managed_style_074E3397174194EF9201",
                "styleMapHash": {
                    "normal": "#__managed_style_074E3397174194EF9201_normal",
                    "highlight": "#__managed_style_074E3397174194EF9201_highlight"
                },
                "description": "<b>1345 NEW YORK AVE NE, WASHINGTON, DC, 20002</b><br/>Calls at this matched location: <b>1</b><br/>Call dates: 2026-05-28<br/>ZIP: 20002",
                "COL5E3428810B38E742": "1",
                "COL5E3428810B09F441": "20002"
            },
            "id": "5E34287FF6000129"
        },
        {
            "type": "Feature",
            "geometry": {
                "type": "Point",
                "coordinates": [
                    -77.0309488,
                    38.9256909,
                    0
                ]
            },
            "properties": {
                "name": "1 call — 1346 GIRARD ST NW · 20009",
                "styleUrl": "#__managed_style_074E3397174194EF9201",
                "styleMapHash": {
                    "normal": "#__managed_style_074E3397174194EF9201_normal",
                    "highlight": "#__managed_style_074E3397174194EF9201_highlight"
                },
                "description": "<b>1346 GIRARD ST NW, WASHINGTON, DC, 20009</b><br/>Calls at this matched location: <b>1</b><br/>Call dates: 2026-08-19<br/>ZIP: 20009",
                "COL5E3428810B38E742": "1",
                "COL5E3428810B09F441": "20009"
            },
            "id": "5E34287FF600012A"
        },
        {
            "type": "Feature",
            "geometry": {
                "type": "Point",
                "coordinates": [
                    -77.0320881,
                    38.9863995,
                    0
                ]
            },
            "properties": {
                "name": "1 call — 1346 LEEGATE RD NW · 20012",
                "styleUrl": "#__managed_style_074E3397174194EF9201",
                "styleMapHash": {
                    "normal": "#__managed_style_074E3397174194EF9201_normal",
                    "highlight": "#__managed_style_074E3397174194EF9201_highlight"
                },
                "description": "<b>1346 LEEGATE RD NW, WASHINGTON, DC, 20012</b><br/>Calls at this matched location: <b>1</b><br/>Call dates: 2026-05-16<br/>ZIP: 20012",
                "COL5E3428810B38E742": "1",
                "COL5E3428810B09F441": "20012"
            },
            "id": "5E34287FF600012B"
        },
        {
            "type": "Feature",
            "geometry": {
                "type": "Point",
                "coordinates": [
                    -76.9845536,
                    38.9199219,
                    0
                ]
            },
            "properties": {
                "name": "1 call — 1349 ADAMS ST NE · 20018",
                "styleUrl": "#__managed_style_074E3397174194EF9201",
                "styleMapHash": {
                    "normal": "#__managed_style_074E3397174194EF9201_normal",
                    "highlight": "#__managed_style_074E3397174194EF9201_highlight"
                },
                "description": "<b>1349 ADAMS ST NE, WASHINGTON, DC, 20018</b><br/>Calls at this matched location: <b>1</b><br/>Call dates: 2026-06-17<br/>ZIP: 20018",
                "COL5E3428810B38E742": "1",
                "COL5E3428810B09F441": "20018"
            },
            "id": "5E34287FF600012C"
        },
        {
            "type": "Feature",
            "geometry": {
                "type": "Point",
                "coordinates": [
                    -77.0314625,
                    38.9285799,
                    0
                ]
            },
            "properties": {
                "name": "1 call — 1358 IRVING ST NW · 20010",
                "styleUrl": "#__managed_style_074E3397174194EF9201",
                "styleMapHash": {
                    "normal": "#__managed_style_074E3397174194EF9201_normal",
                    "highlight": "#__managed_style_074E3397174194EF9201_highlight"
                },
                "description": "<b>1358 IRVING ST NW, WASHINGTON, DC, 20010</b><br/>Calls at this matched location: <b>1</b><br/>Call dates: 2026-06-29<br/>ZIP: 20010",
                "COL5E3428810B38E742": "1",
                "COL5E3428810B09F441": "20010"
            },
            "id": "5E34287FF600012D"
        },
        {
            "type": "Feature",
            "geometry": {
                "type": "Point",
                "coordinates": [
                    -76.9889513,
                    38.8611941,
                    0
                ]
            },
            "properties": {
                "name": "1 call — 1362 MORRIS RD SE · 20020",
                "styleUrl": "#__managed_style_074E3397174194EF9201",
                "styleMapHash": {
                    "normal": "#__managed_style_074E3397174194EF9201_normal",
                    "highlight": "#__managed_style_074E3397174194EF9201_highlight"
                },
                "description": "<b>1362 MORRIS RD SE, WASHINGTON, DC, 20020</b><br/>Calls at this matched location: <b>1</b><br/>Call dates: 2026-05-02<br/>ZIP: 20020",
                "COL5E3428810B38E742": "1",
                "COL5E3428810B09F441": "20020"
            },
            "id": "5E34287FF600012E"
        },
        {
            "type": "Feature",
            "geometry": {
                "type": "Point",
                "coordinates": [
                    -76.9862163,
                    38.8988924,
                    0
                ]
            },
            "properties": {
                "name": "1 call — 1363 MARYLAND AVE NE · 20002",
                "styleUrl": "#__managed_style_074E3397174194EF9201",
                "styleMapHash": {
                    "normal": "#__managed_style_074E3397174194EF9201_normal",
                    "highlight": "#__managed_style_074E3397174194EF9201_highlight"
                },
                "description": "<b>1363 MARYLAND AVE NE, WASHINGTON, DC, 20002</b><br/>Calls at this matched location: <b>1</b><br/>Call dates: 2026-08-20<br/>ZIP: 20002",
                "COL5E3428810B38E742": "1",
                "COL5E3428810B09F441": "20002"
            },
            "id": "5E34287FF600012F"
        },
        {
            "type": "Feature",
            "geometry": {
                "type": "Point",
                "coordinates": [
                    -76.9840347,
                    38.9199228,
                    0
                ]
            },
            "properties": {
                "name": "1 call — 1369 ADAMS ST NE · 20018",
                "styleUrl": "#__managed_style_074E3397174194EF9201",
                "styleMapHash": {
                    "normal": "#__managed_style_074E3397174194EF9201_normal",
                    "highlight": "#__managed_style_074E3397174194EF9201_highlight"
                },
                "description": "<b>1369 ADAMS ST NE, WASHINGTON, DC, 20018</b><br/>Calls at this matched location: <b>1</b><br/>Call dates: 2026-04-21<br/>ZIP: 20018",
                "COL5E3428810B38E742": "1",
                "COL5E3428810B09F441": "20018"
            },
            "id": "5E34287FF6000130"
        },
        {
            "type": "Feature",
            "geometry": {
                "type": "Point",
                "coordinates": [
                    -77.0324307,
                    38.9602755,
                    0
                ]
            },
            "properties": {
                "name": "1 call — 1369 NICHOLSON ST NW · 20011",
                "styleUrl": "#__managed_style_074E3397174194EF9201",
                "styleMapHash": {
                    "normal": "#__managed_style_074E3397174194EF9201_normal",
                    "highlight": "#__managed_style_074E3397174194EF9201_highlight"
                },
                "description": "<b>1369 NICHOLSON ST NW, WASHINGTON, DC, 20011</b><br/>Calls at this matched location: <b>1</b><br/>Call dates: 2026-08-06<br/>ZIP: 20011",
                "COL5E3428810B38E742": "1",
                "COL5E3428810B09F441": "20011"
            },
            "id": "5E34287FF6000131"
        },
        {
            "type": "Feature",
            "geometry": {
                "type": "Point",
                "coordinates": [
                    -77.0324162,
                    38.9857231,
                    0
                ]
            },
            "properties": {
                "name": "1 call — 1373 LOCUST RD NW · 20012",
                "styleUrl": "#__managed_style_074E3397174194EF9201",
                "styleMapHash": {
                    "normal": "#__managed_style_074E3397174194EF9201_normal",
                    "highlight": "#__managed_style_074E3397174194EF9201_highlight"
                },
                "description": "<b>1373 LOCUST RD NW, WASHINGTON, DC, 20012</b><br/>Calls at this matched location: <b>1</b><br/>Call dates: 2026-07-28<br/>ZIP: 20012",
                "COL5E3428810B38E742": "1",
                "COL5E3428810B09F441": "20012"
            },
            "id": "5E34287FF6000132"
        },
        {
            "type": "Feature",
            "geometry": {
                "type": "Point",
                "coordinates": [
                    -77.0324854,
                    38.9857377,
                    0
                ]
            },
            "properties": {
                "name": "1 call — 1375 LOCUST RD NW · 20012",
                "styleUrl": "#__managed_style_074E3397174194EF9201",
                "styleMapHash": {
                    "normal": "#__managed_style_074E3397174194EF9201_normal",
                    "highlight": "#__managed_style_074E3397174194EF9201_highlight"
                },
                "description": "<b>1375 LOCUST RD NW, WASHINGTON, DC, 20012</b><br/>Calls at this matched location: <b>1</b><br/>Call dates: 2026-06-05<br/>ZIP: 20012",
                "COL5E3428810B38E742": "1",
                "COL5E3428810B09F441": "20012"
            },
            "id": "5E34287FF6000133"
        },
        {
            "type": "Feature",
            "geometry": {
                "type": "Point",
                "coordinates": [
                    -76.9883107,
                    38.8791912,
                    0
                ]
            },
            "properties": {
                "name": "1 call — 13TH ST SE & POTOMAC AVE SE · 20003",
                "styleUrl": "#__managed_style_074E3397174194EF9201",
                "styleMapHash": {
                    "normal": "#__managed_style_074E3397174194EF9201_normal",
                    "highlight": "#__managed_style_074E3397174194EF9201_highlight"
                },
                "description": "<b>13TH ST SE &amp; POTOMAC AVE SE, WASHINGTON, DC, 20003</b><br/>Calls at this matched location: <b>1</b><br/>Call dates: 2026-06-08<br/>ZIP: 20003",
                "COL5E3428810B38E742": "1",
                "COL5E3428810B09F441": "20003"
            },
            "id": "5E34287FF6000134"
        },
        {
            "type": "Feature",
            "geometry": {
                "type": "Point",
                "coordinates": [
                    -76.9855322,
                    38.9043699,
                    0
                ]
            },
            "properties": {
                "name": "1 call — 1400 TRINIDAD AVE NE · 20002",
                "styleUrl": "#__managed_style_074E3397174194EF9201",
                "styleMapHash": {
                    "normal": "#__managed_style_074E3397174194EF9201_normal",
                    "highlight": "#__managed_style_074E3397174194EF9201_highlight"
                },
                "description": "<b>1400 TRINIDAD AVE NE, WASHINGTON, DC, 20002</b><br/>Calls at this matched location: <b>1</b><br/>Call dates: 2026-07-28<br/>ZIP: 20002",
                "COL5E3428810B38E742": "1",
                "COL5E3428810B09F441": "20002"
            },
            "id": "5E34287FF6000135"
        },
        {
            "type": "Feature",
            "geometry": {
                "type": "Point",
                "coordinates": [
                    -77.0323007,
                    38.924595,
                    0
                ]
            },
            "properties": {
                "name": "1 call — 1401 FAIRMONT ST NW · 20009",
                "styleUrl": "#__managed_style_074E3397174194EF9201",
                "styleMapHash": {
                    "normal": "#__managed_style_074E3397174194EF9201_normal",
                    "highlight": "#__managed_style_074E3397174194EF9201_highlight"
                },
                "description": "<b>1401 FAIRMONT ST NW, WASHINGTON, DC, 20009</b><br/>Calls at this matched location: <b>1</b><br/>Call dates: 2026-08-20<br/>ZIP: 20009",
                "COL5E3428810B38E742": "1",
                "COL5E3428810B09F441": "20009"
            },
            "id": "5E34287FF6000136"
        },
        {
            "type": "Feature",
            "geometry": {
                "type": "Point",
                "coordinates": [
                    -77.0488688,
                    38.9087611,
                    0
                ]
            },
            "properties": {
                "name": "1 call — 1414 22ND ST NW · 20037",
                "styleUrl": "#__managed_style_074E3397174194EF9201",
                "styleMapHash": {
                    "normal": "#__managed_style_074E3397174194EF9201_normal",
                    "highlight": "#__managed_style_074E3397174194EF9201_highlight"
                },
                "description": "<b>1414 22ND ST NW, WASHINGTON, DC, 20037</b><br/>Calls at this matched location: <b>1</b><br/>Call dates: 2026-08-15<br/>ZIP: 20037",
                "COL5E3428810B38E742": "1",
                "COL5E3428810B09F441": "20037"
            },
            "id": "5E34287FF6000137"
        },
        {
            "type": "Feature",
            "geometry": {
                "type": "Point",
                "coordinates": [
                    -76.9403435,
                    38.9087439,
                    0
                ]
            },
            "properties": {
                "name": "1 call — 1414 44TH ST NE · 20019",
                "styleUrl": "#__managed_style_074E3397174194EF9201",
                "styleMapHash": {
                    "normal": "#__managed_style_074E3397174194EF9201_normal",
                    "highlight": "#__managed_style_074E3397174194EF9201_highlight"
                },
                "description": "<b>1414 44TH ST NE, WASHINGTON, DC, 20019</b><br/>Calls at this matched location: <b>1</b><br/>Call dates: 2026-06-24<br/>ZIP: 20019",
                "COL5E3428810B38E742": "1",
                "COL5E3428810B09F441": "20019"
            },
            "id": "5E34287FF6000138"
        },
        {
            "type": "Feature",
            "geometry": {
                "type": "Point",
                "coordinates": [
                    -76.9882537,
                    38.8590792,
                    0
                ]
            },
            "properties": {
                "name": "1 call — 1418 HOWARD RD SE · 20020",
                "styleUrl": "#__managed_style_074E3397174194EF9201",
                "styleMapHash": {
                    "normal": "#__managed_style_074E3397174194EF9201_normal",
                    "highlight": "#__managed_style_074E3397174194EF9201_highlight"
                },
                "description": "<b>1418 HOWARD RD SE, WASHINGTON, DC, 20020</b><br/>Calls at this matched location: <b>1</b><br/>Call dates: 2026-08-11<br/>ZIP: 20020",
                "COL5E3428810B38E742": "1",
                "COL5E3428810B09F441": "20020"
            },
            "id": "5E34287FF6000139"
        },
        {
            "type": "Feature",
            "geometry": {
                "type": "Point",
                "coordinates": [
                    -77.0331148,
                    38.9363014,
                    0
                ]
            },
            "properties": {
                "name": "1 call — 1420 PERRY PL NW · 20010",
                "styleUrl": "#__managed_style_074E3397174194EF9201",
                "styleMapHash": {
                    "normal": "#__managed_style_074E3397174194EF9201_normal",
                    "highlight": "#__managed_style_074E3397174194EF9201_highlight"
                },
                "description": "<b>1420 PERRY PL NW, WASHINGTON, DC, 20010</b><br/>Calls at this matched location: <b>1</b><br/>Call dates: 2026-06-02<br/>ZIP: 20010",
                "COL5E3428810B38E742": "1",
                "COL5E3428810B09F441": "20010"
            },
            "id": "5E34287FF600013A"
        },
        {
            "type": "Feature",
            "geometry": {
                "type": "Point",
                "coordinates": [
                    -76.9835057,
                    38.8503799,
                    0
                ]
            },
            "properties": {
                "name": "1 call — 1425 TOBIAS DR SE · 20020",
                "styleUrl": "#__managed_style_074E3397174194EF9201",
                "styleMapHash": {
                    "normal": "#__managed_style_074E3397174194EF9201_normal",
                    "highlight": "#__managed_style_074E3397174194EF9201_highlight"
                },
                "description": "<b>1425 TOBIAS DR SE, WASHINGTON, DC, 20020</b><br/>Calls at this matched location: <b>1</b><br/>Call dates: 2026-06-08<br/>ZIP: 20020",
                "COL5E3428810B38E742": "1",
                "COL5E3428810B09F441": "20020"
            },
            "id": "5E34287FF600013B"
        },
        {
            "type": "Feature",
            "geometry": {
                "type": "Point",
                "coordinates": [
                    -76.985017,
                    38.9048666,
                    0
                ]
            },
            "properties": {
                "name": "1 call — 1425 TRINIDAD AVE NE · 20002",
                "styleUrl": "#__managed_style_074E3397174194EF9201",
                "styleMapHash": {
                    "normal": "#__managed_style_074E3397174194EF9201_normal",
                    "highlight": "#__managed_style_074E3397174194EF9201_highlight"
                },
                "description": "<b>1425 TRINIDAD AVE NE, WASHINGTON, DC, 20002</b><br/>Calls at this matched location: <b>1</b><br/>Call dates: 2026-04-28<br/>ZIP: 20002",
                "COL5E3428810B38E742": "1",
                "COL5E3428810B09F441": "20002"
            },
            "id": "5E34287FF600013C"
        },
        {
            "type": "Feature",
            "geometry": {
                "type": "Point",
                "coordinates": [
                    -76.9750901,
                    38.8729726,
                    0
                ]
            },
            "properties": {
                "name": "1 call — 1433 22ND ST SE · 20020",
                "styleUrl": "#__managed_style_074E3397174194EF9201",
                "styleMapHash": {
                    "normal": "#__managed_style_074E3397174194EF9201_normal",
                    "highlight": "#__managed_style_074E3397174194EF9201_highlight"
                },
                "description": "<b>1433 22ND ST SE, WASHINGTON, DC, 20020</b><br/>Calls at this matched location: <b>1</b><br/>Call dates: 2026-08-04<br/>ZIP: 20020",
                "COL5E3428810B38E742": "1",
                "COL5E3428810B09F441": "20020"
            },
            "id": "5E34287FF600013D"
        },
        {
            "type": "Feature",
            "geometry": {
                "type": "Point",
                "coordinates": [
                    -76.985634,
                    38.8619692,
                    0
                ]
            },
            "properties": {
                "name": "1 call — 1438 CEDAR ST SE · 20020",
                "styleUrl": "#__managed_style_074E3397174194EF9201",
                "styleMapHash": {
                    "normal": "#__managed_style_074E3397174194EF9201_normal",
                    "highlight": "#__managed_style_074E3397174194EF9201_highlight"
                },
                "description": "<b>1438 CEDAR ST SE, WASHINGTON, DC, 20020</b><br/>Calls at this matched location: <b>1</b><br/>Call dates: 2026-05-08<br/>ZIP: 20020",
                "COL5E3428810B38E742": "1",
                "COL5E3428810B09F441": "20020"
            },
            "id": "5E34287FF600013E"
        },
        {
            "type": "Feature",
            "geometry": {
                "type": "Point",
                "coordinates": [
                    -77.0340284,
                    38.9561469,
                    0
                ]
            },
            "properties": {
                "name": "1 call — 1438 KENNEDY ST NW · 20011",
                "styleUrl": "#__managed_style_074E3397174194EF9201",
                "styleMapHash": {
                    "normal": "#__managed_style_074E3397174194EF9201_normal",
                    "highlight": "#__managed_style_074E3397174194EF9201_highlight"
                },
                "description": "<b>1438 KENNEDY ST NW, WASHINGTON, DC, 20011</b><br/>Calls at this matched location: <b>1</b><br/>Call dates: 2026-07-28<br/>ZIP: 20011",
                "COL5E3428810B38E742": "1",
                "COL5E3428810B09F441": "20011"
            },
            "id": "5E34287FF600013F"
        },
        {
            "type": "Feature",
            "geometry": {
                "type": "Point",
                "coordinates": [
                    -77.034184,
                    38.9342818,
                    0
                ]
            },
            "properties": {
                "name": "1 call — 1445 OAK ST NW · 20010",
                "styleUrl": "#__managed_style_074E3397174194EF9201",
                "styleMapHash": {
                    "normal": "#__managed_style_074E3397174194EF9201_normal",
                    "highlight": "#__managed_style_074E3397174194EF9201_highlight"
                },
                "description": "<b>1445 OAK ST NW, WASHINGTON, DC, 20010</b><br/>Calls at this matched location: <b>1</b><br/>Call dates: 2026-07-15<br/>ZIP: 20010",
                "COL5E3428810B38E742": "1",
                "COL5E3428810B09F441": "20010"
            },
            "id": "5E34287FF6000140"
        },
        {
            "type": "Feature",
            "geometry": {
                "type": "Point",
                "coordinates": [
                    -77.0342808,
                    38.9264487,
                    0
                ]
            },
            "properties": {
                "name": "1 call — 1449 HARVARD ST NW · 20009",
                "styleUrl": "#__managed_style_074E3397174194EF9201",
                "styleMapHash": {
                    "normal": "#__managed_style_074E3397174194EF9201_normal",
                    "highlight": "#__managed_style_074E3397174194EF9201_highlight"
                },
                "description": "<b>1449 HARVARD ST NW, WASHINGTON, DC, 20009</b><br/>Calls at this matched location: <b>1</b><br/>Call dates: 2026-08-18<br/>ZIP: 20009",
                "COL5E3428810B38E742": "1",
                "COL5E3428810B09F441": "20009"
            },
            "id": "5E34287FF6000141"
        },
        {
            "type": "Feature",
            "geometry": {
                "type": "Point",
                "coordinates": [
                    -77.0088497,
                    38.821396,
                    0
                ]
            },
            "properties": {
                "name": "1 call — 145 IVANHOE ST SW · 20032",
                "styleUrl": "#__managed_style_074E3397174194EF9201",
                "styleMapHash": {
                    "normal": "#__managed_style_074E3397174194EF9201_normal",
                    "highlight": "#__managed_style_074E3397174194EF9201_highlight"
                },
                "description": "<b>145 IVANHOE ST SW, WASHINGTON, DC, 20032</b><br/>Calls at this matched location: <b>1</b><br/>Call dates: 2026-07-01<br/>ZIP: 20032",
                "COL5E3428810B38E742": "1",
                "COL5E3428810B09F441": "20032"
            },
            "id": "5E34287FF6000142"
        },
        {
            "type": "Feature",
            "geometry": {
                "type": "Point",
                "coordinates": [
                    -76.9872079,
                    38.8584054,
                    0
                ]
            },
            "properties": {
                "name": "1 call — 1450 HOWARD RD SE · 20020",
                "styleUrl": "#__managed_style_074E3397174194EF9201",
                "styleMapHash": {
                    "normal": "#__managed_style_074E3397174194EF9201_normal",
                    "highlight": "#__managed_style_074E3397174194EF9201_highlight"
                },
                "description": "<b>1450 HOWARD RD SE, WASHINGTON, DC, 20020</b><br/>Calls at this matched location: <b>1</b><br/>Call dates: 2026-08-20<br/>ZIP: 20020",
                "COL5E3428810B38E742": "1",
                "COL5E3428810B09F441": "20020"
            },
            "id": "5E34287FF6000143"
        },
        {
            "type": "Feature",
            "geometry": {
                "type": "Point",
                "coordinates": [
                    -76.9837715,
                    38.9232552,
                    0
                ]
            },
            "properties": {
                "name": "1 call — 1454 MONTANA AVE NE · 20018",
                "styleUrl": "#__managed_style_074E3397174194EF9201",
                "styleMapHash": {
                    "normal": "#__managed_style_074E3397174194EF9201_normal",
                    "highlight": "#__managed_style_074E3397174194EF9201_highlight"
                },
                "description": "<b>1454 MONTANA AVE NE, WASHINGTON, DC, 20018</b><br/>Calls at this matched location: <b>1</b><br/>Call dates: 2026-06-23<br/>ZIP: 20018",
                "COL5E3428810B38E742": "1",
                "COL5E3428810B09F441": "20018"
            },
            "id": "5E34287FF6000144"
        },
        {
            "type": "Feature",
            "geometry": {
                "type": "Point",
                "coordinates": [
                    -76.9833248,
                    38.8460911,
                    0
                ]
            },
            "properties": {
                "name": "1 call — 1458 ALABAMA AVE SE · 20032",
                "styleUrl": "#__managed_style_074E3397174194EF9201",
                "styleMapHash": {
                    "normal": "#__managed_style_074E3397174194EF9201_normal",
                    "highlight": "#__managed_style_074E3397174194EF9201_highlight"
                },
                "description": "<b>1458 ALABAMA AVE SE, WASHINGTON, DC, 20032</b><br/>Calls at this matched location: <b>1</b><br/>Call dates: 2026-07-20<br/>ZIP: 20032",
                "COL5E3428810B38E742": "1",
                "COL5E3428810B09F441": "20032"
            },
            "id": "5E34287FF6000145"
        },
        {
            "type": "Feature",
            "geometry": {
                "type": "Point",
                "coordinates": [
                    -76.9825193,
                    38.9232502,
                    0
                ]
            },
            "properties": {
                "name": "1 call — 1494 DOUGLAS ST NE · 20018",
                "styleUrl": "#__managed_style_074E3397174194EF9201",
                "styleMapHash": {
                    "normal": "#__managed_style_074E3397174194EF9201_normal",
                    "highlight": "#__managed_style_074E3397174194EF9201_highlight"
                },
                "description": "<b>1494 DOUGLAS ST NE, WASHINGTON, DC, 20018</b><br/>Calls at this matched location: <b>1</b><br/>Call dates: 2026-04-06<br/>ZIP: 20018",
                "COL5E3428810B38E742": "1",
                "COL5E3428810B09F441": "20018"
            },
            "id": "5E34287FF6000146"
        },
        {
            "type": "Feature",
            "geometry": {
                "type": "Point",
                "coordinates": [
                    -77.0327257,
                    38.9482662,
                    0
                ]
            },
            "properties": {
                "name": "1 call — 14TH ST NW & DECATUR ST NW · 20011",
                "styleUrl": "#__managed_style_074E3397174194EF9201",
                "styleMapHash": {
                    "normal": "#__managed_style_074E3397174194EF9201_normal",
                    "highlight": "#__managed_style_074E3397174194EF9201_highlight"
                },
                "description": "<b>14TH ST NW &amp; DECATUR ST NW, WASHINGTON, DC, 20011</b><br/>Calls at this matched location: <b>1</b><br/>Call dates: 2026-06-22<br/>ZIP: 20011",
                "COL5E3428810B38E742": "1",
                "COL5E3428810B09F441": "20011"
            },
            "id": "5E34287FF6000147"
        },
        {
            "type": "Feature",
            "geometry": {
                "type": "Point",
                "coordinates": [
                    -77.0085583,
                    38.9024619,
                    0
                ]
            },
            "properties": {
                "name": "1 call — 15 K ST NE · 20002",
                "styleUrl": "#__managed_style_074E3397174194EF9201",
                "styleMapHash": {
                    "normal": "#__managed_style_074E3397174194EF9201_normal",
                    "highlight": "#__managed_style_074E3397174194EF9201_highlight"
                },
                "description": "<b>15 K ST NE, WASHINGTON, DC, 20002</b><br/>Calls at this matched location: <b>1</b><br/>Call dates: 2026-05-02<br/>ZIP: 20002",
                "COL5E3428810B38E742": "1",
                "COL5E3428810B09F441": "20002"
            },
            "id": "5E34287FF6000148"
        },
        {
            "type": "Feature",
            "geometry": {
                "type": "Point",
                "coordinates": [
                    -76.9441592,
                    38.8686172,
                    0
                ]
            },
            "properties": {
                "name": "1 call — 1505 FORT DUPONT ST SE · 20020",
                "styleUrl": "#__managed_style_074E3397174194EF9201",
                "styleMapHash": {
                    "normal": "#__managed_style_074E3397174194EF9201_normal",
                    "highlight": "#__managed_style_074E3397174194EF9201_highlight"
                },
                "description": "<b>1505 FORT DUPONT ST SE, WASHINGTON, DC, 20020</b><br/>Calls at this matched location: <b>1</b><br/>Call dates: 2026-07-27<br/>ZIP: 20020",
                "COL5E3428810B38E742": "1",
                "COL5E3428810B09F441": "20020"
            },
            "id": "5E34287FF6000149"
        },
        {
            "type": "Feature",
            "geometry": {
                "type": "Point",
                "coordinates": [
                    -76.9835571,
                    38.8987303,
                    0
                ]
            },
            "properties": {
                "name": "1 call — 1505 GALES ST NE · 20002",
                "styleUrl": "#__managed_style_074E3397174194EF9201",
                "styleMapHash": {
                    "normal": "#__managed_style_074E3397174194EF9201_normal",
                    "highlight": "#__managed_style_074E3397174194EF9201_highlight"
                },
                "description": "<b>1505 GALES ST NE, WASHINGTON, DC, 20002</b><br/>Calls at this matched location: <b>1</b><br/>Call dates: 2026-06-02<br/>ZIP: 20002",
                "COL5E3428810B38E742": "1",
                "COL5E3428810B09F441": "20002"
            },
            "id": "5E34287FF600014A"
        },
        {
            "type": "Feature",
            "geometry": {
                "type": "Point",
                "coordinates": [
                    -76.9513038,
                    38.8709986,
                    0
                ]
            },
            "properties": {
                "name": "1 call — 1507 38TH ST SE · 20020",
                "styleUrl": "#__managed_style_074E3397174194EF9201",
                "styleMapHash": {
                    "normal": "#__managed_style_074E3397174194EF9201_normal",
                    "highlight": "#__managed_style_074E3397174194EF9201_highlight"
                },
                "description": "<b>1507 38TH ST SE, WASHINGTON, DC, 20020</b><br/>Calls at this matched location: <b>1</b><br/>Call dates: 2026-05-20<br/>ZIP: 20020",
                "COL5E3428810B38E742": "1",
                "COL5E3428810B09F441": "20020"
            },
            "id": "5E34287FF600014B"
        },
        {
            "type": "Feature",
            "geometry": {
                "type": "Point",
                "coordinates": [
                    -76.9834568,
                    38.8988304,
                    0
                ]
            },
            "properties": {
                "name": "1 call — 1508 GALES ST NE · 20002",
                "styleUrl": "#__managed_style_074E3397174194EF9201",
                "styleMapHash": {
                    "normal": "#__managed_style_074E3397174194EF9201_normal",
                    "highlight": "#__managed_style_074E3397174194EF9201_highlight"
                },
                "description": "<b>1508 GALES ST NE, WASHINGTON, DC, 20002</b><br/>Calls at this matched location: <b>1</b><br/>Call dates: 2026-07-27<br/>ZIP: 20002",
                "COL5E3428810B38E742": "1",
                "COL5E3428810B09F441": "20002"
            },
            "id": "5E34287FF600014C"
        },
        {
            "type": "Feature",
            "geometry": {
                "type": "Point",
                "coordinates": [
                    -76.9828652,
                    38.9226361,
                    0
                ]
            },
            "properties": {
                "name": "1 call — 1508 MONTANA AVE NE · 20018",
                "styleUrl": "#__managed_style_074E3397174194EF9201",
                "styleMapHash": {
                    "normal": "#__managed_style_074E3397174194EF9201_normal",
                    "highlight": "#__managed_style_074E3397174194EF9201_highlight"
                },
                "description": "<b>1508 MONTANA AVE NE, WASHINGTON, DC, 20018</b><br/>Calls at this matched location: <b>1</b><br/>Call dates: 2026-07-25<br/>ZIP: 20018",
                "COL5E3428810B38E742": "1",
                "COL5E3428810B09F441": "20018"
            },
            "id": "5E34287FF600014D"
        },
        {
            "type": "Feature",
            "geometry": {
                "type": "Point",
                "coordinates": [
                    -77.0188551,
                    38.9098074,
                    0
                ]
            },
            "properties": {
                "name": "1 call — 1509 5TH ST NW · 20001",
                "styleUrl": "#__managed_style_074E3397174194EF9201",
                "styleMapHash": {
                    "normal": "#__managed_style_074E3397174194EF9201_normal",
                    "highlight": "#__managed_style_074E3397174194EF9201_highlight"
                },
                "description": "<b>1509 5TH ST NW, WASHINGTON, DC, 20001</b><br/>Calls at this matched location: <b>1</b><br/>Call dates: 2026-06-17<br/>ZIP: 20001",
                "COL5E3428810B38E742": "1",
                "COL5E3428810B09F441": "20001"
            },
            "id": "5E34287FF600014E"
        },
        {
            "type": "Feature",
            "geometry": {
                "type": "Point",
                "coordinates": [
                    -76.9678463,
                    38.8721008,
                    0
                ]
            },
            "properties": {
                "name": "1 call — 1511 28TH ST SE · 20020",
                "styleUrl": "#__managed_style_074E3397174194EF9201",
                "styleMapHash": {
                    "normal": "#__managed_style_074E3397174194EF9201_normal",
                    "highlight": "#__managed_style_074E3397174194EF9201_highlight"
                },
                "description": "<b>1511 28TH ST SE, WASHINGTON, DC, 20020</b><br/>Calls at this matched location: <b>1</b><br/>Call dates: 2026-04-18<br/>ZIP: 20020",
                "COL5E3428810B38E742": "1",
                "COL5E3428810B09F441": "20020"
            },
            "id": "5E34287FF600014F"
        },
        {
            "type": "Feature",
            "geometry": {
                "type": "Point",
                "coordinates": [
                    -76.9513016,
                    38.8709199,
                    0
                ]
            },
            "properties": {
                "name": "1 call — 1511 38TH ST SE · 20020",
                "styleUrl": "#__managed_style_074E3397174194EF9201",
                "styleMapHash": {
                    "normal": "#__managed_style_074E3397174194EF9201_normal",
                    "highlight": "#__managed_style_074E3397174194EF9201_highlight"
                },
                "description": "<b>1511 38TH ST SE, WASHINGTON, DC, 20020</b><br/>Calls at this matched location: <b>1</b><br/>Call dates: 2026-05-26<br/>ZIP: 20020",
                "COL5E3428810B38E742": "1",
                "COL5E3428810B09F441": "20020"
            },
            "id": "5E34287FF6000150"
        },
        {
            "type": "Feature",
            "geometry": {
                "type": "Point",
                "coordinates": [
                    -76.9372263,
                    38.9112894,
                    0
                ]
            },
            "properties": {
                "name": "1 call — 1512 45TH ST NE · 20019",
                "styleUrl": "#__managed_style_074E3397174194EF9201",
                "styleMapHash": {
                    "normal": "#__managed_style_074E3397174194EF9201_normal",
                    "highlight": "#__managed_style_074E3397174194EF9201_highlight"
                },
                "description": "<b>1512 45TH ST NE, WASHINGTON, DC, 20019</b><br/>Calls at this matched location: <b>1</b><br/>Call dates: 2026-08-12<br/>ZIP: 20019",
                "COL5E3428810B38E742": "1",
                "COL5E3428810B09F441": "20019"
            },
            "id": "5E34287FF6000151"
        },
        {
            "type": "Feature",
            "geometry": {
                "type": "Point",
                "coordinates": [
                    -76.981725,
                    38.8472746,
                    0
                ]
            },
            "properties": {
                "name": "1 call — 1513 TANNER ST SE · 20020",
                "styleUrl": "#__managed_style_074E3397174194EF9201",
                "styleMapHash": {
                    "normal": "#__managed_style_074E3397174194EF9201_normal",
                    "highlight": "#__managed_style_074E3397174194EF9201_highlight"
                },
                "description": "<b>1513 TANNER ST SE, WASHINGTON, DC, 20020</b><br/>Calls at this matched location: <b>1</b><br/>Call dates: 2026-08-17<br/>ZIP: 20020",
                "COL5E3428810B38E742": "1",
                "COL5E3428810B09F441": "20020"
            },
            "id": "5E34287FF6000152"
        },
        {
            "type": "Feature",
            "geometry": {
                "type": "Point",
                "coordinates": [
                    -76.9834813,
                    38.8646061,
                    0
                ]
            },
            "properties": {
                "name": "1 call — 1515 V ST SE · 20020",
                "styleUrl": "#__managed_style_074E3397174194EF9201",
                "styleMapHash": {
                    "normal": "#__managed_style_074E3397174194EF9201_normal",
                    "highlight": "#__managed_style_074E3397174194EF9201_highlight"
                },
                "description": "<b>1515 V ST SE, WASHINGTON, DC, 20020</b><br/>Calls at this matched location: <b>1</b><br/>Call dates: 2026-06-07<br/>ZIP: 20020",
                "COL5E3428810B38E742": "1",
                "COL5E3428810B09F441": "20020"
            },
            "id": "5E34287FF6000153"
        },
        {
            "type": "Feature",
            "geometry": {
                "type": "Point",
                "coordinates": [
                    -76.9831013,
                    38.8999338,
                    0
                ]
            },
            "properties": {
                "name": "1 call — 1519 BENNING RD NE · 20002",
                "styleUrl": "#__managed_style_074E3397174194EF9201",
                "styleMapHash": {
                    "normal": "#__managed_style_074E3397174194EF9201_normal",
                    "highlight": "#__managed_style_074E3397174194EF9201_highlight"
                },
                "description": "<b>1519 BENNING RD NE, WASHINGTON, DC, 20002</b><br/>Calls at this matched location: <b>1</b><br/>Call dates: 2026-06-12<br/>ZIP: 20002",
                "COL5E3428810B38E742": "1",
                "COL5E3428810B09F441": "20002"
            },
            "id": "5E34287FF6000154"
        },
        {
            "type": "Feature",
            "geometry": {
                "type": "Point",
                "coordinates": [
                    -76.982309,
                    38.9044914,
                    0
                ]
            },
            "properties": {
                "name": "1 call — 1525 LEVIS ST NE · 20002",
                "styleUrl": "#__managed_style_074E3397174194EF9201",
                "styleMapHash": {
                    "normal": "#__managed_style_074E3397174194EF9201_normal",
                    "highlight": "#__managed_style_074E3397174194EF9201_highlight"
                },
                "description": "<b>1525 LEVIS ST NE, WASHINGTON, DC, 20002</b><br/>Calls at this matched location: <b>1</b><br/>Call dates: 2026-05-31<br/>ZIP: 20002",
                "COL5E3428810B38E742": "1",
                "COL5E3428810B09F441": "20002"
            },
            "id": "5E34287FF6000155"
        },
        {
            "type": "Feature",
            "geometry": {
                "type": "Point",
                "coordinates": [
                    -77.0336482,
                    38.8963992,
                    0
                ]
            },
            "properties": {
                "name": "1 call — 15TH ST NW & ALEXANDER HAMILTON PL NW · 20005",
                "styleUrl": "#__managed_style_074E3397174194EF9201",
                "styleMapHash": {
                    "normal": "#__managed_style_074E3397174194EF9201_normal",
                    "highlight": "#__managed_style_074E3397174194EF9201_highlight"
                },
                "description": "<b>15TH ST NW &amp; ALEXANDER HAMILTON PL NW, WASHINGTON, DC, 20005</b><br/>Calls at this matched location: <b>1</b><br/>Call dates: 2026-08-12<br/>ZIP: 20005",
                "COL5E3428810B38E742": "1",
                "COL5E3428810B09F441": "20005"
            },
            "id": "5E34287FF6000156"
        },
        {
            "type": "Feature",
            "geometry": {
                "type": "Point",
                "coordinates": [
                    -76.9821492,
                    38.86952,
                    0
                ]
            },
            "properties": {
                "name": "1 call — 1600 R ST SE · 20020",
                "styleUrl": "#__managed_style_074E3397174194EF9201",
                "styleMapHash": {
                    "normal": "#__managed_style_074E3397174194EF9201_normal",
                    "highlight": "#__managed_style_074E3397174194EF9201_highlight"
                },
                "description": "<b>1600 R ST SE, WASHINGTON, DC, 20020</b><br/>Calls at this matched location: <b>1</b><br/>Call dates: 2026-05-12<br/>ZIP: 20020",
                "COL5E3428810B38E742": "1",
                "COL5E3428810B09F441": "20020"
            },
            "id": "5E34287FF6000157"
        },
        {
            "type": "Feature",
            "geometry": {
                "type": "Point",
                "coordinates": [
                    -76.9821531,
                    38.8840479,
                    0
                ]
            },
            "properties": {
                "name": "1 call — 1601 D ST SE · 20003",
                "styleUrl": "#__managed_style_074E3397174194EF9201",
                "styleMapHash": {
                    "normal": "#__managed_style_074E3397174194EF9201_normal",
                    "highlight": "#__managed_style_074E3397174194EF9201_highlight"
                },
                "description": "<b>1601 D ST SE, WASHINGTON, DC, 20003</b><br/>Calls at this matched location: <b>1</b><br/>Call dates: 2026-05-13<br/>ZIP: 20003",
                "COL5E3428810B38E742": "1",
                "COL5E3428810B09F441": "20003"
            },
            "id": "5E34287FF6000158"
        },
        {
            "type": "Feature",
            "geometry": {
                "type": "Point",
                "coordinates": [
                    -76.98209,
                    38.867737,
                    0
                ]
            },
            "properties": {
                "name": "1 call — 1605 MINNESOTA AVE SE · 20020",
                "styleUrl": "#__managed_style_074E3397174194EF9201",
                "styleMapHash": {
                    "normal": "#__managed_style_074E3397174194EF9201_normal",
                    "highlight": "#__managed_style_074E3397174194EF9201_highlight"
                },
                "description": "<b>1605 MINNESOTA AVE SE, WASHINGTON, DC, 20020</b><br/>Calls at this matched location: <b>1</b><br/>Call dates: 2026-03-18<br/>ZIP: 20020",
                "COL5E3428810B38E742": "1",
                "COL5E3428810B09F441": "20020"
            },
            "id": "5E34287FF6000159"
        },
        {
            "type": "Feature",
            "geometry": {
                "type": "Point",
                "coordinates": [
                    -77.0369012,
                    38.987445,
                    0
                ]
            },
            "properties": {
                "name": "1 call — 1615 MYRTLE ST NW · 20012",
                "styleUrl": "#__managed_style_074E3397174194EF9201",
                "styleMapHash": {
                    "normal": "#__managed_style_074E3397174194EF9201_normal",
                    "highlight": "#__managed_style_074E3397174194EF9201_highlight"
                },
                "description": "<b>1615 MYRTLE ST NW, WASHINGTON, DC, 20012</b><br/>Calls at this matched location: <b>1</b><br/>Call dates: 2026-05-26<br/>ZIP: 20012",
                "COL5E3428810B38E742": "1",
                "COL5E3428810B09F441": "20012"
            },
            "id": "5E34287FF600015A"
        },
        {
            "type": "Feature",
            "geometry": {
                "type": "Point",
                "coordinates": [
                    -77.0375641,
                    38.9888688,
                    0
                ]
            },
            "properties": {
                "name": "1 call — 1617 PRIMROSE RD NW · 20012",
                "styleUrl": "#__managed_style_074E3397174194EF9201",
                "styleMapHash": {
                    "normal": "#__managed_style_074E3397174194EF9201_normal",
                    "highlight": "#__managed_style_074E3397174194EF9201_highlight"
                },
                "description": "<b>1617 PRIMROSE RD NW, WASHINGTON, DC, 20012</b><br/>Calls at this matched location: <b>1</b><br/>Call dates: 2026-06-21<br/>ZIP: 20012",
                "COL5E3428810B38E742": "1",
                "COL5E3428810B09F441": "20012"
            },
            "id": "5E34287FF600015B"
        },
        {
            "type": "Feature",
            "geometry": {
                "type": "Point",
                "coordinates": [
                    -76.9818483,
                    38.8714385,
                    0
                ]
            },
            "properties": {
                "name": "1 call — 1619 FAIRLAWN AVE SE · 20020",
                "styleUrl": "#__managed_style_074E3397174194EF9201",
                "styleMapHash": {
                    "normal": "#__managed_style_074E3397174194EF9201_normal",
                    "highlight": "#__managed_style_074E3397174194EF9201_highlight"
                },
                "description": "<b>1619 FAIRLAWN AVE SE, WASHINGTON, DC, 20020</b><br/>Calls at this matched location: <b>1</b><br/>Call dates: 2026-07-21<br/>ZIP: 20020",
                "COL5E3428810B38E742": "1",
                "COL5E3428810B09F441": "20020"
            },
            "id": "5E34287FF600015C"
        },
        {
            "type": "Feature",
            "geometry": {
                "type": "Point",
                "coordinates": [
                    -76.9837558,
                    38.9069143,
                    0
                ]
            },
            "properties": {
                "name": "1 call — 1638 TRINIDAD AVE NE · 20002",
                "styleUrl": "#__managed_style_074E3397174194EF9201",
                "styleMapHash": {
                    "normal": "#__managed_style_074E3397174194EF9201_normal",
                    "highlight": "#__managed_style_074E3397174194EF9201_highlight"
                },
                "description": "<b>1638 TRINIDAD AVE NE, WASHINGTON, DC, 20002</b><br/>Calls at this matched location: <b>1</b><br/>Call dates: 2026-05-15<br/>ZIP: 20002",
                "COL5E3428810B38E742": "1",
                "COL5E3428810B09F441": "20002"
            },
            "id": "5E34287FF600015D"
        },
        {
            "type": "Feature",
            "geometry": {
                "type": "Point",
                "coordinates": [
                    -76.9819956,
                    38.9441769,
                    0
                ]
            },
            "properties": {
                "name": "1 call — 1639 WEBSTER ST NE · 20017",
                "styleUrl": "#__managed_style_074E3397174194EF9201",
                "styleMapHash": {
                    "normal": "#__managed_style_074E3397174194EF9201_normal",
                    "highlight": "#__managed_style_074E3397174194EF9201_highlight"
                },
                "description": "<b>1639 WEBSTER ST NE, WASHINGTON, DC, 20017</b><br/>Calls at this matched location: <b>1</b><br/>Call dates: 2026-08-02<br/>ZIP: 20017",
                "COL5E3428810B38E742": "1",
                "COL5E3428810B09F441": "20017"
            },
            "id": "5E34287FF600015E"
        },
        {
            "type": "Feature",
            "geometry": {
                "type": "Point",
                "coordinates": [
                    -77.0374006,
                    38.9187963,
                    0
                ]
            },
            "properties": {
                "name": "1 call — 1646 FLORIDA AVE NW · 20009",
                "styleUrl": "#__managed_style_074E3397174194EF9201",
                "styleMapHash": {
                    "normal": "#__managed_style_074E3397174194EF9201_normal",
                    "highlight": "#__managed_style_074E3397174194EF9201_highlight"
                },
                "description": "<b>1646 FLORIDA AVE NW, WASHINGTON, DC, 20009</b><br/>Calls at this matched location: <b>1</b><br/>Call dates: 2026-08-19<br/>ZIP: 20009",
                "COL5E3428810B38E742": "1",
                "COL5E3428810B09F441": "20009"
            },
            "id": "5E34287FF600015F"
        },
        {
            "type": "Feature",
            "geometry": {
                "type": "Point",
                "coordinates": [
                    -76.9815074,
                    38.8633397,
                    0
                ]
            },
            "properties": {
                "name": "1 call — 1649 W ST SE · 20020",
                "styleUrl": "#__managed_style_074E3397174194EF9201",
                "styleMapHash": {
                    "normal": "#__managed_style_074E3397174194EF9201_normal",
                    "highlight": "#__managed_style_074E3397174194EF9201_highlight"
                },
                "description": "<b>1649 W ST SE, WASHINGTON, DC, 20020</b><br/>Calls at this matched location: <b>1</b><br/>Call dates: 2026-08-19<br/>ZIP: 20020",
                "COL5E3428810B38E742": "1",
                "COL5E3428810B09F441": "20020"
            },
            "id": "5E34287FF6000160"
        },
        {
            "type": "Feature",
            "geometry": {
                "type": "Point",
                "coordinates": [
                    -76.9813243,
                    38.8634241,
                    0
                ]
            },
            "properties": {
                "name": "1 call — 1656 W ST SE · 20020",
                "styleUrl": "#__managed_style_074E3397174194EF9201",
                "styleMapHash": {
                    "normal": "#__managed_style_074E3397174194EF9201_normal",
                    "highlight": "#__managed_style_074E3397174194EF9201_highlight"
                },
                "description": "<b>1656 W ST SE, WASHINGTON, DC, 20020</b><br/>Calls at this matched location: <b>1</b><br/>Call dates: 2026-08-05<br/>ZIP: 20020",
                "COL5E3428810B38E742": "1",
                "COL5E3428810B09F441": "20020"
            },
            "id": "5E34287FF6000161"
        },
        {
            "type": "Feature",
            "geometry": {
                "type": "Point",
                "coordinates": [
                    -76.9807528,
                    38.9290474,
                    0
                ]
            },
            "properties": {
                "name": "1 call — 1703 IRVING ST NE · 20018",
                "styleUrl": "#__managed_style_074E3397174194EF9201",
                "styleMapHash": {
                    "normal": "#__managed_style_074E3397174194EF9201_normal",
                    "highlight": "#__managed_style_074E3397174194EF9201_highlight"
                },
                "description": "<b>1703 IRVING ST NE, WASHINGTON, DC, 20018</b><br/>Calls at this matched location: <b>1</b><br/>Call dates: 2026-06-05<br/>ZIP: 20018",
                "COL5E3428810B38E742": "1",
                "COL5E3428810B09F441": "20018"
            },
            "id": "5E34287FF6000162"
        },
        {
            "type": "Feature",
            "geometry": {
                "type": "Point",
                "coordinates": [
                    -76.9805252,
                    38.8865859,
                    0
                ]
            },
            "properties": {
                "name": "1 call — 1711 BAY ST SE · 20003",
                "styleUrl": "#__managed_style_074E3397174194EF9201",
                "styleMapHash": {
                    "normal": "#__managed_style_074E3397174194EF9201_normal",
                    "highlight": "#__managed_style_074E3397174194EF9201_highlight"
                },
                "description": "<b>1711 BAY ST SE, WASHINGTON, DC, 20003</b><br/>Calls at this matched location: <b>1</b><br/>Call dates: 2026-04-27<br/>ZIP: 20003",
                "COL5E3428810B38E742": "1",
                "COL5E3428810B09F441": "20003"
            },
            "id": "5E34287FF6000163"
        },
        {
            "type": "Feature",
            "geometry": {
                "type": "Point",
                "coordinates": [
                    -76.9800676,
                    38.8470528,
                    0
                ]
            },
            "properties": {
                "name": "1 call — 1720 ALABAMA AVE SE · 20020",
                "styleUrl": "#__managed_style_074E3397174194EF9201",
                "styleMapHash": {
                    "normal": "#__managed_style_074E3397174194EF9201_normal",
                    "highlight": "#__managed_style_074E3397174194EF9201_highlight"
                },
                "description": "<b>1720 ALABAMA AVE SE, WASHINGTON, DC, 20020</b><br/>Calls at this matched location: <b>1</b><br/>Call dates: 2026-08-16<br/>ZIP: 20020",
                "COL5E3428810B38E742": "1",
                "COL5E3428810B09F441": "20020"
            },
            "id": "5E34287FF6000164"
        },
        {
            "type": "Feature",
            "geometry": {
                "type": "Point",
                "coordinates": [
                    -76.9688961,
                    38.8690739,
                    0
                ]
            },
            "properties": {
                "name": "1 call — 1724 27TH ST SE · 20020",
                "styleUrl": "#__managed_style_074E3397174194EF9201",
                "styleMapHash": {
                    "normal": "#__managed_style_074E3397174194EF9201_normal",
                    "highlight": "#__managed_style_074E3397174194EF9201_highlight"
                },
                "description": "<b>1724 27TH ST SE, WASHINGTON, DC, 20020</b><br/>Calls at this matched location: <b>1</b><br/>Call dates: 2026-07-16<br/>ZIP: 20020",
                "COL5E3428810B38E742": "1",
                "COL5E3428810B09F441": "20020"
            },
            "id": "5E34287FF6000165"
        },
        {
            "type": "Feature",
            "geometry": {
                "type": "Point",
                "coordinates": [
                    -76.9789176,
                    38.9037735,
                    0
                ]
            },
            "properties": {
                "name": "1 call — 1730 L ST NE · 20002",
                "styleUrl": "#__managed_style_074E3397174194EF9201",
                "styleMapHash": {
                    "normal": "#__managed_style_074E3397174194EF9201_normal",
                    "highlight": "#__managed_style_074E3397174194EF9201_highlight"
                },
                "description": "<b>1730 L ST NE, WASHINGTON, DC, 20002</b><br/>Calls at this matched location: <b>1</b><br/>Call dates: 2026-05-21<br/>ZIP: 20002",
                "COL5E3428810B38E742": "1",
                "COL5E3428810B09F441": "20002"
            },
            "id": "5E34287FF6000166"
        },
        {
            "type": "Feature",
            "geometry": {
                "type": "Point",
                "coordinates": [
                    -76.9810305,
                    38.8623961,
                    0
                ]
            },
            "properties": {
                "name": "1 call — 1734 GALEN ST SE · 20020",
                "styleUrl": "#__managed_style_074E3397174194EF9201",
                "styleMapHash": {
                    "normal": "#__managed_style_074E3397174194EF9201_normal",
                    "highlight": "#__managed_style_074E3397174194EF9201_highlight"
                },
                "description": "<b>1734 GALEN ST SE, WASHINGTON, DC, 20020</b><br/>Calls at this matched location: <b>1</b><br/>Call dates: 2026-04-07<br/>ZIP: 20020",
                "COL5E3428810B38E742": "1",
                "COL5E3428810B09F441": "20020"
            },
            "id": "5E34287FF6000167"
        },
        {
            "type": "Feature",
            "geometry": {
                "type": "Point",
                "coordinates": [
                    -76.9795007,
                    38.9330591,
                    0
                ]
            },
            "properties": {
                "name": "1 call — 1803 MONROE ST NE · 20018",
                "styleUrl": "#__managed_style_074E3397174194EF9201",
                "styleMapHash": {
                    "normal": "#__managed_style_074E3397174194EF9201_normal",
                    "highlight": "#__managed_style_074E3397174194EF9201_highlight"
                },
                "description": "<b>1803 MONROE ST NE, WASHINGTON, DC, 20018</b><br/>Calls at this matched location: <b>1</b><br/>Call dates: 2026-07-16<br/>ZIP: 20018",
                "COL5E3428810B38E742": "1",
                "COL5E3428810B09F441": "20018"
            },
            "id": "5E34287FF6000168"
        },
        {
            "type": "Feature",
            "geometry": {
                "type": "Point",
                "coordinates": [
                    -77.042687,
                    38.9252623,
                    0
                ]
            },
            "properties": {
                "name": "1 call — 1808 ONTARIO PL NW · 20009",
                "styleUrl": "#__managed_style_074E3397174194EF9201",
                "styleMapHash": {
                    "normal": "#__managed_style_074E3397174194EF9201_normal",
                    "highlight": "#__managed_style_074E3397174194EF9201_highlight"
                },
                "description": "<b>1808 ONTARIO PL NW, WASHINGTON, DC, 20009</b><br/>Calls at this matched location: <b>1</b><br/>Call dates: 2026-07-29<br/>ZIP: 20009",
                "COL5E3428810B38E742": "1",
                "COL5E3428810B09F441": "20009"
            },
            "id": "5E34287FF6000169"
        },
        {
            "type": "Feature",
            "geometry": {
                "type": "Point",
                "coordinates": [
                    -76.9844336,
                    38.9125314,
                    0
                ]
            },
            "properties": {
                "name": "1 call — 1811 PROVIDENCE ST NE · 20002",
                "styleUrl": "#__managed_style_074E3397174194EF9201",
                "styleMapHash": {
                    "normal": "#__managed_style_074E3397174194EF9201_normal",
                    "highlight": "#__managed_style_074E3397174194EF9201_highlight"
                },
                "description": "<b>1811 PROVIDENCE ST NE, WASHINGTON, DC, 20002</b><br/>Calls at this matched location: <b>1</b><br/>Call dates: 2026-05-31<br/>ZIP: 20002",
                "COL5E3428810B38E742": "1",
                "COL5E3428810B09F441": "20002"
            },
            "id": "5E34287FF600016A"
        },
        {
            "type": "Feature",
            "geometry": {
                "type": "Point",
                "coordinates": [
                    -76.9787826,
                    38.8706907,
                    0
                ]
            },
            "properties": {
                "name": "1 call — 1811 Q ST SE · 20020",
                "styleUrl": "#__managed_style_074E3397174194EF9201",
                "styleMapHash": {
                    "normal": "#__managed_style_074E3397174194EF9201_normal",
                    "highlight": "#__managed_style_074E3397174194EF9201_highlight"
                },
                "description": "<b>1811 Q ST SE, WASHINGTON, DC, 20020</b><br/>Calls at this matched location: <b>1</b><br/>Call dates: 2026-05-07<br/>ZIP: 20020",
                "COL5E3428810B38E742": "1",
                "COL5E3428810B09F441": "20020"
            },
            "id": "5E34287FF600016B"
        },
        {
            "type": "Feature",
            "geometry": {
                "type": "Point",
                "coordinates": [
                    -76.9777346,
                    38.8977151,
                    0
                ]
            },
            "properties": {
                "name": "1 call — 1813 GALES ST NE · 20002",
                "styleUrl": "#__managed_style_074E3397174194EF9201",
                "styleMapHash": {
                    "normal": "#__managed_style_074E3397174194EF9201_normal",
                    "highlight": "#__managed_style_074E3397174194EF9201_highlight"
                },
                "description": "<b>1813 GALES ST NE, WASHINGTON, DC, 20002</b><br/>Calls at this matched location: <b>1</b><br/>Call dates: 2026-06-02<br/>ZIP: 20002",
                "COL5E3428810B38E742": "1",
                "COL5E3428810B09F441": "20002"
            },
            "id": "5E34287FF600016C"
        },
        {
            "type": "Feature",
            "geometry": {
                "type": "Point",
                "coordinates": [
                    -76.977621,
                    38.8448681,
                    0
                ]
            },
            "properties": {
                "name": "1 call — 1815 TRENTON PL SE · 20020",
                "styleUrl": "#__managed_style_074E3397174194EF9201",
                "styleMapHash": {
                    "normal": "#__managed_style_074E3397174194EF9201_normal",
                    "highlight": "#__managed_style_074E3397174194EF9201_highlight"
                },
                "description": "<b>1815 TRENTON PL SE, WASHINGTON, DC, 20020</b><br/>Calls at this matched location: <b>1</b><br/>Call dates: 2026-08-12<br/>ZIP: 20020",
                "COL5E3428810B38E742": "1",
                "COL5E3428810B09F441": "20020"
            },
            "id": "5E34287FF600016D"
        },
        {
            "type": "Feature",
            "geometry": {
                "type": "Point",
                "coordinates": [
                    -76.9782981,
                    38.8482915,
                    0
                ]
            },
            "properties": {
                "name": "1 call — 1824 ALABAMA AVE SE · 20020",
                "styleUrl": "#__managed_style_074E3397174194EF9201",
                "styleMapHash": {
                    "normal": "#__managed_style_074E3397174194EF9201_normal",
                    "highlight": "#__managed_style_074E3397174194EF9201_highlight"
                },
                "description": "<b>1824 ALABAMA AVE SE, WASHINGTON, DC, 20020</b><br/>Calls at this matched location: <b>1</b><br/>Call dates: 2026-07-18<br/>ZIP: 20020",
                "COL5E3428810B38E742": "1",
                "COL5E3428810B09F441": "20020"
            },
            "id": "5E34287FF600016E"
        },
        {
            "type": "Feature",
            "geometry": {
                "type": "Point",
                "coordinates": [
                    -76.9866015,
                    38.9122692,
                    0
                ]
            },
            "properties": {
                "name": "1 call — 1862 KENDALL ST NE · 20002",
                "styleUrl": "#__managed_style_074E3397174194EF9201",
                "styleMapHash": {
                    "normal": "#__managed_style_074E3397174194EF9201_normal",
                    "highlight": "#__managed_style_074E3397174194EF9201_highlight"
                },
                "description": "<b>1862 KENDALL ST NE, WASHINGTON, DC, 20002</b><br/>Calls at this matched location: <b>1</b><br/>Call dates: 2026-06-15<br/>ZIP: 20002",
                "COL5E3428810B38E742": "1",
                "COL5E3428810B09F441": "20002"
            },
            "id": "5E34287FF600016F"
        },
        {
            "type": "Feature",
            "geometry": {
                "type": "Point",
                "coordinates": [
                    -77.0417032,
                    38.8983162,
                    0
                ]
            },
            "properties": {
                "name": "1 call — 18TH ST NW & G ST NW · 20006",
                "styleUrl": "#__managed_style_074E3397174194EF9201",
                "styleMapHash": {
                    "normal": "#__managed_style_074E3397174194EF9201_normal",
                    "highlight": "#__managed_style_074E3397174194EF9201_highlight"
                },
                "description": "<b>18TH ST NW &amp; G ST NW, WASHINGTON, DC, 20006</b><br/>Calls at this matched location: <b>1</b><br/>Call dates: 2026-07-05<br/>ZIP: 20006",
                "COL5E3428810B38E742": "1",
                "COL5E3428810B09F441": "20006"
            },
            "id": "5E34287FF6000170"
        },
        {
            "type": "Feature",
            "geometry": {
                "type": "Point",
                "coordinates": [
                    -77.0417318,
                    38.9156355,
                    0
                ]
            },
            "properties": {
                "name": "1 call — 1900 18TH ST NW · 20009",
                "styleUrl": "#__managed_style_074E3397174194EF9201",
                "styleMapHash": {
                    "normal": "#__managed_style_074E3397174194EF9201_normal",
                    "highlight": "#__managed_style_074E3397174194EF9201_highlight"
                },
                "description": "<b>1900 18TH ST NW, WASHINGTON, DC, 20009</b><br/>Calls at this matched location: <b>1</b><br/>Call dates: 2026-07-29<br/>ZIP: 20009",
                "COL5E3428810B38E742": "1",
                "COL5E3428810B09F441": "20009"
            },
            "id": "5E34287FF6000171"
        },
        {
            "type": "Feature",
            "geometry": {
                "type": "Point",
                "coordinates": [
                    -76.9943738,
                    38.8680975,
                    0
                ]
            },
            "properties": {
                "name": "1 call — 1900 ANACOSTIA DR SE · 20020",
                "styleUrl": "#__managed_style_074E3397174194EF9201",
                "styleMapHash": {
                    "normal": "#__managed_style_074E3397174194EF9201_normal",
                    "highlight": "#__managed_style_074E3397174194EF9201_highlight"
                },
                "description": "<b>1900 ANACOSTIA DR SE, WASHINGTON, DC, 20020</b><br/>Calls at this matched location: <b>1</b><br/>Call dates: 2026-06-12<br/>ZIP: 20020",
                "COL5E3428810B38E742": "1",
                "COL5E3428810B09F441": "20020"
            },
            "id": "5E34287FF6000172"
        },
        {
            "type": "Feature",
            "geometry": {
                "type": "Point",
                "coordinates": [
                    -76.9794856,
                    38.8777821,
                    0
                ]
            },
            "properties": {
                "name": "1 call — 1900 M ST SE · 20003",
                "styleUrl": "#__managed_style_074E3397174194EF9201",
                "styleMapHash": {
                    "normal": "#__managed_style_074E3397174194EF9201_normal",
                    "highlight": "#__managed_style_074E3397174194EF9201_highlight"
                },
                "description": "<b>1900 M ST SE, WASHINGTON, DC, 20003</b><br/>Calls at this matched location: <b>1</b><br/>Call dates: 2026-08-05<br/>ZIP: 20003",
                "COL5E3428810B38E742": "1",
                "COL5E3428810B09F441": "20003"
            },
            "id": "5E34287FF6000173"
        },
        {
            "type": "Feature",
            "geometry": {
                "type": "Point",
                "coordinates": [
                    -76.9734591,
                    38.8672784,
                    0
                ]
            },
            "properties": {
                "name": "1 call — 1902 23RD ST SE · 20020",
                "styleUrl": "#__managed_style_074E3397174194EF9201",
                "styleMapHash": {
                    "normal": "#__managed_style_074E3397174194EF9201_normal",
                    "highlight": "#__managed_style_074E3397174194EF9201_highlight"
                },
                "description": "<b>1902 23RD ST SE, WASHINGTON, DC, 20020</b><br/>Calls at this matched location: <b>1</b><br/>Call dates: 2026-05-16<br/>ZIP: 20020",
                "COL5E3428810B38E742": "1",
                "COL5E3428810B09F441": "20020"
            },
            "id": "5E34287FF6000174"
        },
        {
            "type": "Feature",
            "geometry": {
                "type": "Point",
                "coordinates": [
                    -76.9790784,
                    38.8670369,
                    0
                ]
            },
            "properties": {
                "name": "1 call — 1907 18TH ST SE · 20020",
                "styleUrl": "#__managed_style_074E3397174194EF9201",
                "styleMapHash": {
                    "normal": "#__managed_style_074E3397174194EF9201_normal",
                    "highlight": "#__managed_style_074E3397174194EF9201_highlight"
                },
                "description": "<b>1907 18TH ST SE, WASHINGTON, DC, 20020</b><br/>Calls at this matched location: <b>1</b><br/>Call dates: 2026-06-25<br/>ZIP: 20020",
                "COL5E3428810B38E742": "1",
                "COL5E3428810B09F441": "20020"
            },
            "id": "5E34287FF6000175"
        },
        {
            "type": "Feature",
            "geometry": {
                "type": "Point",
                "coordinates": [
                    -76.9775528,
                    38.851724,
                    0
                ]
            },
            "properties": {
                "name": "1 call — 1909 FREDERICK DOUGLAS CT SE · 20020",
                "styleUrl": "#__managed_style_074E3397174194EF9201",
                "styleMapHash": {
                    "normal": "#__managed_style_074E3397174194EF9201_normal",
                    "highlight": "#__managed_style_074E3397174194EF9201_highlight"
                },
                "description": "<b>1909 FREDERICK DOUGLAS CT SE, WASHINGTON, DC, 20020</b><br/>Calls at this matched location: <b>1</b><br/>Call dates: 2026-07-13<br/>ZIP: 20020",
                "COL5E3428810B38E742": "1",
                "COL5E3428810B09F441": "20020"
            },
            "id": "5E34287FF6000176"
        },
        {
            "type": "Feature",
            "geometry": {
                "type": "Point",
                "coordinates": [
                    -76.9771893,
                    38.8688019,
                    0
                ]
            },
            "properties": {
                "name": "1 call — 1913 RIDGE PL SE · 20020",
                "styleUrl": "#__managed_style_074E3397174194EF9201",
                "styleMapHash": {
                    "normal": "#__managed_style_074E3397174194EF9201_normal",
                    "highlight": "#__managed_style_074E3397174194EF9201_highlight"
                },
                "description": "<b>1913 RIDGE PL SE, WASHINGTON, DC, 20020</b><br/>Calls at this matched location: <b>1</b><br/>Call dates: 2026-06-14<br/>ZIP: 20020",
                "COL5E3428810B38E742": "1",
                "COL5E3428810B09F441": "20020"
            },
            "id": "5E34287FF6000177"
        },
        {
            "type": "Feature",
            "geometry": {
                "type": "Point",
                "coordinates": [
                    -76.976027,
                    38.9056815,
                    0
                ]
            },
            "properties": {
                "name": "1 call — 1916 M ST NE · 20002",
                "styleUrl": "#__managed_style_074E3397174194EF9201",
                "styleMapHash": {
                    "normal": "#__managed_style_074E3397174194EF9201_normal",
                    "highlight": "#__managed_style_074E3397174194EF9201_highlight"
                },
                "description": "<b>1916 M ST NE, WASHINGTON, DC, 20002</b><br/>Calls at this matched location: <b>1</b><br/>Call dates: 2026-04-30<br/>ZIP: 20002",
                "COL5E3428810B38E742": "1",
                "COL5E3428810B09F441": "20002"
            },
            "id": "5E34287FF6000178"
        },
        {
            "type": "Feature",
            "geometry": {
                "type": "Point",
                "coordinates": [
                    -76.9764598,
                    38.8492179,
                    0
                ]
            },
            "properties": {
                "name": "1 call — 1916 SAVANNAH PL SE · 20020",
                "styleUrl": "#__managed_style_074E3397174194EF9201",
                "styleMapHash": {
                    "normal": "#__managed_style_074E3397174194EF9201_normal",
                    "highlight": "#__managed_style_074E3397174194EF9201_highlight"
                },
                "description": "<b>1916 SAVANNAH PL SE, WASHINGTON, DC, 20020</b><br/>Calls at this matched location: <b>1</b><br/>Call dates: 2026-04-22<br/>ZIP: 20020",
                "COL5E3428810B38E742": "1",
                "COL5E3428810B09F441": "20020"
            },
            "id": "5E34287FF6000179"
        },
        {
            "type": "Feature",
            "geometry": {
                "type": "Point",
                "coordinates": [
                    -76.9887317,
                    38.8670054,
                    0
                ]
            },
            "properties": {
                "name": "1 call — 1920 M L KING JR AVE SE · 20020",
                "styleUrl": "#__managed_style_074E3397174194EF9201",
                "styleMapHash": {
                    "normal": "#__managed_style_074E3397174194EF9201_normal",
                    "highlight": "#__managed_style_074E3397174194EF9201_highlight"
                },
                "description": "<b>1920 M L KING JR AVE SE, WASHINGTON, DC, 20020</b><br/>Calls at this matched location: <b>1</b><br/>Call dates: 2026-06-04<br/>ZIP: 20020",
                "COL5E3428810B38E742": "1",
                "COL5E3428810B09F441": "20020"
            },
            "id": "5E34287FF600017A"
        },
        {
            "type": "Feature",
            "geometry": {
                "type": "Point",
                "coordinates": [
                    -76.9831933,
                    38.8661365,
                    0
                ]
            },
            "properties": {
                "name": "1 call — 1928 15TH ST SE · 20020",
                "styleUrl": "#__managed_style_074E3397174194EF9201",
                "styleMapHash": {
                    "normal": "#__managed_style_074E3397174194EF9201_normal",
                    "highlight": "#__managed_style_074E3397174194EF9201_highlight"
                },
                "description": "<b>1928 15TH ST SE, WASHINGTON, DC, 20020</b><br/>Calls at this matched location: <b>1</b><br/>Call dates: 2026-04-07<br/>ZIP: 20020",
                "COL5E3428810B38E742": "1",
                "COL5E3428810B09F441": "20020"
            },
            "id": "5E34287FF600017B"
        },
        {
            "type": "Feature",
            "geometry": {
                "type": "Point",
                "coordinates": [
                    -77.0456493,
                    38.9223855,
                    0
                ]
            },
            "properties": {
                "name": "1 call — 1929 BILTMORE ST NW · 20009",
                "styleUrl": "#__managed_style_074E3397174194EF9201",
                "styleMapHash": {
                    "normal": "#__managed_style_074E3397174194EF9201_normal",
                    "highlight": "#__managed_style_074E3397174194EF9201_highlight"
                },
                "description": "<b>1929 BILTMORE ST NW, WASHINGTON, DC, 20009</b><br/>Calls at this matched location: <b>1</b><br/>Call dates: 2026-06-19<br/>ZIP: 20009",
                "COL5E3428810B38E742": "1",
                "COL5E3428810B09F441": "20009"
            },
            "id": "5E34287FF600017C"
        },
        {
            "type": "Feature",
            "geometry": {
                "type": "Point",
                "coordinates": [
                    -76.9765385,
                    38.872552,
                    0
                ]
            },
            "properties": {
                "name": "1 call — 1936 NAYLOR RD SE · 20020",
                "styleUrl": "#__managed_style_074E3397174194EF9201",
                "styleMapHash": {
                    "normal": "#__managed_style_074E3397174194EF9201_normal",
                    "highlight": "#__managed_style_074E3397174194EF9201_highlight"
                },
                "description": "<b>1936 NAYLOR RD SE, WASHINGTON, DC, 20020</b><br/>Calls at this matched location: <b>1</b><br/>Call dates: 2026-07-02<br/>ZIP: 20020",
                "COL5E3428810B38E742": "1",
                "COL5E3428810B09F441": "20020"
            },
            "id": "5E34287FF600017D"
        },
        {
            "type": "Feature",
            "geometry": {
                "type": "Point",
                "coordinates": [
                    -76.9768576,
                    38.8681825,
                    0
                ]
            },
            "properties": {
                "name": "1 call — 1957 S ST SE · 20020",
                "styleUrl": "#__managed_style_074E3397174194EF9201",
                "styleMapHash": {
                    "normal": "#__managed_style_074E3397174194EF9201_normal",
                    "highlight": "#__managed_style_074E3397174194EF9201_highlight"
                },
                "description": "<b>1957 S ST SE, WASHINGTON, DC, 20020</b><br/>Calls at this matched location: <b>1</b><br/>Call dates: 2026-06-09<br/>ZIP: 20020",
                "COL5E3428810B38E742": "1",
                "COL5E3428810B09F441": "20020"
            },
            "id": "5E34287FF600017E"
        },
        {
            "type": "Feature",
            "geometry": {
                "type": "Point",
                "coordinates": [
                    -76.9760935,
                    38.8480872,
                    0
                ]
            },
            "properties": {
                "name": "1 call — 2001 SAVANNAH TER SE · 20020",
                "styleUrl": "#__managed_style_074E3397174194EF9201",
                "styleMapHash": {
                    "normal": "#__managed_style_074E3397174194EF9201_normal",
                    "highlight": "#__managed_style_074E3397174194EF9201_highlight"
                },
                "description": "<b>2001 SAVANNAH TER SE, WASHINGTON, DC, 20020</b><br/>Calls at this matched location: <b>1</b><br/>Call dates: 2026-05-15<br/>ZIP: 20020",
                "COL5E3428810B38E742": "1",
                "COL5E3428810B09F441": "20020"
            },
            "id": "5E34287FF600017F"
        },
        {
            "type": "Feature",
            "geometry": {
                "type": "Point",
                "coordinates": [
                    -77.0034381,
                    38.9173901,
                    0
                ]
            },
            "properties": {
                "name": "1 call — 2019 2ND ST NE · 20002",
                "styleUrl": "#__managed_style_074E3397174194EF9201",
                "styleMapHash": {
                    "normal": "#__managed_style_074E3397174194EF9201_normal",
                    "highlight": "#__managed_style_074E3397174194EF9201_highlight"
                },
                "description": "<b>2019 2ND ST NE, WASHINGTON, DC, 20002</b><br/>Calls at this matched location: <b>1</b><br/>Call dates: 2026-04-22<br/>ZIP: 20002",
                "COL5E3428810B38E742": "1",
                "COL5E3428810B09F441": "20002"
            },
            "id": "5E34287FF6000180"
        },
        {
            "type": "Feature",
            "geometry": {
                "type": "Point",
                "coordinates": [
                    -76.9746305,
                    38.9055669,
                    0
                ]
            },
            "properties": {
                "name": "1 call — 2019 M ST NE · 20002",
                "styleUrl": "#__managed_style_074E3397174194EF9201",
                "styleMapHash": {
                    "normal": "#__managed_style_074E3397174194EF9201_normal",
                    "highlight": "#__managed_style_074E3397174194EF9201_highlight"
                },
                "description": "<b>2019 M ST NE, WASHINGTON, DC, 20002</b><br/>Calls at this matched location: <b>1</b><br/>Call dates: 2026-06-29<br/>ZIP: 20002",
                "COL5E3428810B38E742": "1",
                "COL5E3428810B09F441": "20002"
            },
            "id": "5E34287FF6000181"
        },
        {
            "type": "Feature",
            "geometry": {
                "type": "Point",
                "coordinates": [
                    -76.9535215,
                    38.8644012,
                    0
                ]
            },
            "properties": {
                "name": "1 call — 2022 37TH ST SE · 20020",
                "styleUrl": "#__managed_style_074E3397174194EF9201",
                "styleMapHash": {
                    "normal": "#__managed_style_074E3397174194EF9201_normal",
                    "highlight": "#__managed_style_074E3397174194EF9201_highlight"
                },
                "description": "<b>2022 37TH ST SE, WASHINGTON, DC, 20020</b><br/>Calls at this matched location: <b>1</b><br/>Call dates: 2026-06-29<br/>ZIP: 20020",
                "COL5E3428810B38E742": "1",
                "COL5E3428810B09F441": "20020"
            },
            "id": "5E34287FF6000182"
        },
        {
            "type": "Feature",
            "geometry": {
                "type": "Point",
                "coordinates": [
                    -77.0021049,
                    38.9175425,
                    0
                ]
            },
            "properties": {
                "name": "1 call — 2022 3RD ST NE · 20002",
                "styleUrl": "#__managed_style_074E3397174194EF9201",
                "styleMapHash": {
                    "normal": "#__managed_style_074E3397174194EF9201_normal",
                    "highlight": "#__managed_style_074E3397174194EF9201_highlight"
                },
                "description": "<b>2022 3RD ST NE, WASHINGTON, DC, 20002</b><br/>Calls at this matched location: <b>1</b><br/>Call dates: 2026-06-19<br/>ZIP: 20002",
                "COL5E3428810B38E742": "1",
                "COL5E3428810B09F441": "20002"
            },
            "id": "5E34287FF6000183"
        },
        {
            "type": "Feature",
            "geometry": {
                "type": "Point",
                "coordinates": [
                    -77.0124567,
                    38.8747125,
                    0
                ]
            },
            "properties": {
                "name": "1 call — 203 N ST SW · 20024",
                "styleUrl": "#__managed_style_074E3397174194EF9201",
                "styleMapHash": {
                    "normal": "#__managed_style_074E3397174194EF9201_normal",
                    "highlight": "#__managed_style_074E3397174194EF9201_highlight"
                },
                "description": "<b>203 N ST SW, WASHINGTON, DC, 20024</b><br/>Calls at this matched location: <b>1</b><br/>Call dates: 2026-06-21<br/>ZIP: 20024",
                "COL5E3428810B38E742": "1",
                "COL5E3428810B09F441": "20024"
            },
            "id": "5E34287FF6000184"
        },
        {
            "type": "Feature",
            "geometry": {
                "type": "Point",
                "coordinates": [
                    -76.9522924,
                    38.8638627,
                    0
                ]
            },
            "properties": {
                "name": "1 call — 2035 38TH ST SE · 20020",
                "styleUrl": "#__managed_style_074E3397174194EF9201",
                "styleMapHash": {
                    "normal": "#__managed_style_074E3397174194EF9201_normal",
                    "highlight": "#__managed_style_074E3397174194EF9201_highlight"
                },
                "description": "<b>2035 38TH ST SE, WASHINGTON, DC, 20020</b><br/>Calls at this matched location: <b>1</b><br/>Call dates: 2026-07-30<br/>ZIP: 20020",
                "COL5E3428810B38E742": "1",
                "COL5E3428810B09F441": "20020"
            },
            "id": "5E34287FF6000185"
        },
        {
            "type": "Feature",
            "geometry": {
                "type": "Point",
                "coordinates": [
                    -77.0137837,
                    38.8775925,
                    0
                ]
            },
            "properties": {
                "name": "1 call — 209 L ST SW · 20024",
                "styleUrl": "#__managed_style_074E3397174194EF9201",
                "styleMapHash": {
                    "normal": "#__managed_style_074E3397174194EF9201_normal",
                    "highlight": "#__managed_style_074E3397174194EF9201_highlight"
                },
                "description": "<b>209 L ST SW, WASHINGTON, DC, 20024</b><br/>Calls at this matched location: <b>1</b><br/>Call dates: 2026-07-09<br/>ZIP: 20024",
                "COL5E3428810B38E742": "1",
                "COL5E3428810B09F441": "20024"
            },
            "id": "5E34287FF6000186"
        },
        {
            "type": "Feature",
            "geometry": {
                "type": "Point",
                "coordinates": [
                    -77.0448757,
                    38.9121132,
                    0
                ]
            },
            "properties": {
                "name": "1 call — 20TH ST NW & CONNECTICUT AVE NW · 20009",
                "styleUrl": "#__managed_style_074E3397174194EF9201",
                "styleMapHash": {
                    "normal": "#__managed_style_074E3397174194EF9201_normal",
                    "highlight": "#__managed_style_074E3397174194EF9201_highlight"
                },
                "description": "<b>20TH ST NW &amp; CONNECTICUT AVE NW, WASHINGTON, DC, 20009</b><br/>Calls at this matched location: <b>1</b><br/>Call dates: 2026-07-21<br/>ZIP: 20009",
                "COL5E3428810B38E742": "1",
                "COL5E3428810B09F441": "20009"
            },
            "id": "5E34287FF6000187"
        },
        {
            "type": "Feature",
            "geometry": {
                "type": "Point",
                "coordinates": [
                    -76.9738952,
                    38.8480318,
                    0
                ]
            },
            "properties": {
                "name": "1 call — 2101 RIDGECREST CT SE · 20020",
                "styleUrl": "#__managed_style_074E3397174194EF9201",
                "styleMapHash": {
                    "normal": "#__managed_style_074E3397174194EF9201_normal",
                    "highlight": "#__managed_style_074E3397174194EF9201_highlight"
                },
                "description": "<b>2101 RIDGECREST CT SE, WASHINGTON, DC, 20020</b><br/>Calls at this matched location: <b>1</b><br/>Call dates: 2026-07-20<br/>ZIP: 20020",
                "COL5E3428810B38E742": "1",
                "COL5E3428810B09F441": "20020"
            },
            "id": "5E34287FF6000188"
        },
        {
            "type": "Feature",
            "geometry": {
                "type": "Point",
                "coordinates": [
                    -76.9737384,
                    38.9040028,
                    0
                ]
            },
            "properties": {
                "name": "1 call — 2105 MARYLAND AVE NE · 20002",
                "styleUrl": "#__managed_style_074E3397174194EF9201",
                "styleMapHash": {
                    "normal": "#__managed_style_074E3397174194EF9201_normal",
                    "highlight": "#__managed_style_074E3397174194EF9201_highlight"
                },
                "description": "<b>2105 MARYLAND AVE NE, WASHINGTON, DC, 20002</b><br/>Calls at this matched location: <b>1</b><br/>Call dates: 2026-07-26<br/>ZIP: 20002",
                "COL5E3428810B38E742": "1",
                "COL5E3428810B09F441": "20002"
            },
            "id": "5E34287FF6000189"
        },
        {
            "type": "Feature",
            "geometry": {
                "type": "Point",
                "coordinates": [
                    -77.0025523,
                    38.8351574,
                    0
                ]
            },
            "properties": {
                "name": "1 call — 211 MISSISSIPPI AVE SE · 20032",
                "styleUrl": "#__managed_style_074E3397174194EF9201",
                "styleMapHash": {
                    "normal": "#__managed_style_074E3397174194EF9201_normal",
                    "highlight": "#__managed_style_074E3397174194EF9201_highlight"
                },
                "description": "<b>211 MISSISSIPPI AVE SE, WASHINGTON, DC, 20032</b><br/>Calls at this matched location: <b>1</b><br/>Call dates: 2026-04-05<br/>ZIP: 20032",
                "COL5E3428810B38E742": "1",
                "COL5E3428810B09F441": "20032"
            },
            "id": "5E34287FF600018A"
        },
        {
            "type": "Feature",
            "geometry": {
                "type": "Point",
                "coordinates": [
                    -77.0004951,
                    38.9183402,
                    0
                ]
            },
            "properties": {
                "name": "1 call — 2119 4TH ST NE · 20002",
                "styleUrl": "#__managed_style_074E3397174194EF9201",
                "styleMapHash": {
                    "normal": "#__managed_style_074E3397174194EF9201_normal",
                    "highlight": "#__managed_style_074E3397174194EF9201_highlight"
                },
                "description": "<b>2119 4TH ST NE, WASHINGTON, DC, 20002</b><br/>Calls at this matched location: <b>1</b><br/>Call dates: 2026-07-12<br/>ZIP: 20002",
                "COL5E3428810B38E742": "1",
                "COL5E3428810B09F441": "20002"
            },
            "id": "5E34287FF600018B"
        },
        {
            "type": "Feature",
            "geometry": {
                "type": "Point",
                "coordinates": [
                    -77.0139823,
                    38.9554975,
                    0
                ]
            },
            "properties": {
                "name": "1 call — 214 JEFFERSON ST NW · 20011",
                "styleUrl": "#__managed_style_074E3397174194EF9201",
                "styleMapHash": {
                    "normal": "#__managed_style_074E3397174194EF9201_normal",
                    "highlight": "#__managed_style_074E3397174194EF9201_highlight"
                },
                "description": "<b>214 JEFFERSON ST NW, WASHINGTON, DC, 20011</b><br/>Calls at this matched location: <b>1</b><br/>Call dates: 2026-08-06<br/>ZIP: 20011",
                "COL5E3428810B38E742": "1",
                "COL5E3428810B09F441": "20011"
            },
            "id": "5E34287FF600018C"
        },
        {
            "type": "Feature",
            "geometry": {
                "type": "Point",
                "coordinates": [
                    -76.9299638,
                    38.892511,
                    0
                ]
            },
            "properties": {
                "name": "1 call — 219 50TH ST NE · 20019",
                "styleUrl": "#__managed_style_074E3397174194EF9201",
                "styleMapHash": {
                    "normal": "#__managed_style_074E3397174194EF9201_normal",
                    "highlight": "#__managed_style_074E3397174194EF9201_highlight"
                },
                "description": "<b>219 50TH ST NE, WASHINGTON, DC, 20019</b><br/>Calls at this matched location: <b>1</b><br/>Call dates: 2026-05-13<br/>ZIP: 20019",
                "COL5E3428810B38E742": "1",
                "COL5E3428810B09F441": "20019"
            },
            "id": "5E34287FF600018D"
        },
        {
            "type": "Feature",
            "geometry": {
                "type": "Point",
                "coordinates": [
                    -77.0031938,
                    38.9180499,
                    0
                ]
            },
            "properties": {
                "name": "1 call — 219 V ST NE · 20002",
                "styleUrl": "#__managed_style_074E3397174194EF9201",
                "styleMapHash": {
                    "normal": "#__managed_style_074E3397174194EF9201_normal",
                    "highlight": "#__managed_style_074E3397174194EF9201_highlight"
                },
                "description": "<b>219 V ST NE, WASHINGTON, DC, 20002</b><br/>Calls at this matched location: <b>1</b><br/>Call dates: 2026-05-08<br/>ZIP: 20002",
                "COL5E3428810B38E742": "1",
                "COL5E3428810B09F441": "20002"
            },
            "id": "5E34287FF600018E"
        },
        {
            "type": "Feature",
            "geometry": {
                "type": "Point",
                "coordinates": [
                    -77.0289023,
                    38.9193278,
                    0
                ]
            },
            "properties": {
                "name": "1 call — 2206 12TH PL NW · 20009",
                "styleUrl": "#__managed_style_074E3397174194EF9201",
                "styleMapHash": {
                    "normal": "#__managed_style_074E3397174194EF9201_normal",
                    "highlight": "#__managed_style_074E3397174194EF9201_highlight"
                },
                "description": "<b>2206 12TH PL NW, WASHINGTON, DC, 20009</b><br/>Calls at this matched location: <b>1</b><br/>Call dates: 2026-05-12<br/>ZIP: 20009",
                "COL5E3428810B38E742": "1",
                "COL5E3428810B09F441": "20009"
            },
            "id": "5E34287FF600018F"
        },
        {
            "type": "Feature",
            "geometry": {
                "type": "Point",
                "coordinates": [
                    -76.9994466,
                    38.9194124,
                    0
                ]
            },
            "properties": {
                "name": "1 call — 2225 5TH ST NE · 20002",
                "styleUrl": "#__managed_style_074E3397174194EF9201",
                "styleMapHash": {
                    "normal": "#__managed_style_074E3397174194EF9201_normal",
                    "highlight": "#__managed_style_074E3397174194EF9201_highlight"
                },
                "description": "<b>2225 5TH ST NE, WASHINGTON, DC, 20002</b><br/>Calls at this matched location: <b>1</b><br/>Call dates: 2026-07-26<br/>ZIP: 20002",
                "COL5E3428810B38E742": "1",
                "COL5E3428810B09F441": "20002"
            },
            "id": "5E34287FF6000190"
        },
        {
            "type": "Feature",
            "geometry": {
                "type": "Point",
                "coordinates": [
                    -77.0496557,
                    38.9159312,
                    0
                ]
            },
            "properties": {
                "name": "1 call — 2225 CALIFORNIA ST NW · 20008",
                "styleUrl": "#__managed_style_074E3397174194EF9201",
                "styleMapHash": {
                    "normal": "#__managed_style_074E3397174194EF9201_normal",
                    "highlight": "#__managed_style_074E3397174194EF9201_highlight"
                },
                "description": "<b>2225 CALIFORNIA ST NW, WASHINGTON, DC, 20008</b><br/>Calls at this matched location: <b>1</b><br/>Call dates: 2026-08-07<br/>ZIP: 20008",
                "COL5E3428810B38E742": "1",
                "COL5E3428810B09F441": "20008"
            },
            "id": "5E34287FF6000191"
        },
        {
            "type": "Feature",
            "geometry": {
                "type": "Point",
                "coordinates": [
                    -76.9727555,
                    38.8495875,
                    0
                ]
            },
            "properties": {
                "name": "1 call — 2225 SAVANNAH TER SE · 20020",
                "styleUrl": "#__managed_style_074E3397174194EF9201",
                "styleMapHash": {
                    "normal": "#__managed_style_074E3397174194EF9201_normal",
                    "highlight": "#__managed_style_074E3397174194EF9201_highlight"
                },
                "description": "<b>2225 SAVANNAH TER SE, WASHINGTON, DC, 20020</b><br/>Calls at this matched location: <b>1</b><br/>Call dates: 2026-07-16<br/>ZIP: 20020",
                "COL5E3428810B38E742": "1",
                "COL5E3428810B09F441": "20020"
            },
            "id": "5E34287FF6000192"
        },
        {
            "type": "Feature",
            "geometry": {
                "type": "Point",
                "coordinates": [
                    -76.9108506,
                    38.8925927,
                    0
                ]
            },
            "properties": {
                "name": "1 call — 223 63RD ST NE · 20019",
                "styleUrl": "#__managed_style_074E3397174194EF9201",
                "styleMapHash": {
                    "normal": "#__managed_style_074E3397174194EF9201_normal",
                    "highlight": "#__managed_style_074E3397174194EF9201_highlight"
                },
                "description": "<b>223 63RD ST NE, WASHINGTON, DC, 20019</b><br/>Calls at this matched location: <b>1</b><br/>Call dates: 2026-04-26<br/>ZIP: 20019",
                "COL5E3428810B38E742": "1",
                "COL5E3428810B09F441": "20019"
            },
            "id": "5E34287FF6000193"
        },
        {
            "type": "Feature",
            "geometry": {
                "type": "Point",
                "coordinates": [
                    -77.0036386,
                    38.9435938,
                    0
                ]
            },
            "properties": {
                "name": "1 call — 223 WEBSTER ST NE · 20011",
                "styleUrl": "#__managed_style_074E3397174194EF9201",
                "styleMapHash": {
                    "normal": "#__managed_style_074E3397174194EF9201_normal",
                    "highlight": "#__managed_style_074E3397174194EF9201_highlight"
                },
                "description": "<b>223 WEBSTER ST NE, WASHINGTON, DC, 20011</b><br/>Calls at this matched location: <b>1</b><br/>Call dates: 2026-07-10<br/>ZIP: 20011",
                "COL5E3428810B38E742": "1",
                "COL5E3428810B09F441": "20011"
            },
            "id": "5E34287FF6000194"
        },
        {
            "type": "Feature",
            "geometry": {
                "type": "Point",
                "coordinates": [
                    -76.9728071,
                    38.8497124,
                    0
                ]
            },
            "properties": {
                "name": "1 call — 2234 SAVANNAH TER SE · 20020",
                "styleUrl": "#__managed_style_074E3397174194EF9201",
                "styleMapHash": {
                    "normal": "#__managed_style_074E3397174194EF9201_normal",
                    "highlight": "#__managed_style_074E3397174194EF9201_highlight"
                },
                "description": "<b>2234 SAVANNAH TER SE, WASHINGTON, DC, 20020</b><br/>Calls at this matched location: <b>1</b><br/>Call dates: 2026-07-04<br/>ZIP: 20020",
                "COL5E3428810B38E742": "1",
                "COL5E3428810B09F441": "20020"
            },
            "id": "5E34287FF6000195"
        },
        {
            "type": "Feature",
            "geometry": {
                "type": "Point",
                "coordinates": [
                    -77.0145317,
                    38.9501607,
                    0
                ]
            },
            "properties": {
                "name": "1 call — 225 EMERSON ST NW · 20011",
                "styleUrl": "#__managed_style_074E3397174194EF9201",
                "styleMapHash": {
                    "normal": "#__managed_style_074E3397174194EF9201_normal",
                    "highlight": "#__managed_style_074E3397174194EF9201_highlight"
                },
                "description": "<b>225 EMERSON ST NW, WASHINGTON, DC, 20011</b><br/>Calls at this matched location: <b>1</b><br/>Call dates: 2026-04-08<br/>ZIP: 20011",
                "COL5E3428810B38E742": "1",
                "COL5E3428810B09F441": "20011"
            },
            "id": "5E34287FF6000196"
        },
        {
            "type": "Feature",
            "geometry": {
                "type": "Point",
                "coordinates": [
                    -76.9536209,
                    38.8871596,
                    0
                ]
            },
            "properties": {
                "name": "1 call — 226 ANACOSTIA RD SE · 20019",
                "styleUrl": "#__managed_style_074E3397174194EF9201",
                "styleMapHash": {
                    "normal": "#__managed_style_074E3397174194EF9201_normal",
                    "highlight": "#__managed_style_074E3397174194EF9201_highlight"
                },
                "description": "<b>226 ANACOSTIA RD SE, WASHINGTON, DC, 20019</b><br/>Calls at this matched location: <b>1</b><br/>Call dates: 2026-08-16<br/>ZIP: 20019",
                "COL5E3428810B38E742": "1",
                "COL5E3428810B09F441": "20019"
            },
            "id": "5E34287FF6000197"
        },
        {
            "type": "Feature",
            "geometry": {
                "type": "Point",
                "coordinates": [
                    -76.9512657,
                    38.8907375,
                    0
                ]
            },
            "properties": {
                "name": "1 call — 23 ANACOSTIA RD NE · 20019",
                "styleUrl": "#__managed_style_074E3397174194EF9201",
                "styleMapHash": {
                    "normal": "#__managed_style_074E3397174194EF9201_normal",
                    "highlight": "#__managed_style_074E3397174194EF9201_highlight"
                },
                "description": "<b>23 ANACOSTIA RD NE, WASHINGTON, DC, 20019</b><br/>Calls at this matched location: <b>1</b><br/>Call dates: 2026-07-29<br/>ZIP: 20019",
                "COL5E3428810B38E742": "1",
                "COL5E3428810B09F441": "20019"
            },
            "id": "5E34287FF6000198"
        },
        {
            "type": "Feature",
            "geometry": {
                "type": "Point",
                "coordinates": [
                    -76.9936823,
                    38.9211281,
                    0
                ]
            },
            "properties": {
                "name": "1 call — 2300 WASHINGTON PL NE · 20018",
                "styleUrl": "#__managed_style_074E3397174194EF9201",
                "styleMapHash": {
                    "normal": "#__managed_style_074E3397174194EF9201_normal",
                    "highlight": "#__managed_style_074E3397174194EF9201_highlight"
                },
                "description": "<b>2300 WASHINGTON PL NE, WASHINGTON, DC, 20018</b><br/>Calls at this matched location: <b>1</b><br/>Call dates: 2026-05-11<br/>ZIP: 20018",
                "COL5E3428810B38E742": "1",
                "COL5E3428810B09F441": "20018"
            },
            "id": "5E34287FF6000199"
        },
        {
            "type": "Feature",
            "geometry": {
                "type": "Point",
                "coordinates": [
                    -76.9730353,
                    38.9294629,
                    0
                ]
            },
            "properties": {
                "name": "1 call — 2300 WOODRIDGE ST NE · 20018",
                "styleUrl": "#__managed_style_074E3397174194EF9201",
                "styleMapHash": {
                    "normal": "#__managed_style_074E3397174194EF9201_normal",
                    "highlight": "#__managed_style_074E3397174194EF9201_highlight"
                },
                "description": "<b>2300 WOODRIDGE ST NE, WASHINGTON, DC, 20018</b><br/>Calls at this matched location: <b>1</b><br/>Call dates: 2026-08-19<br/>ZIP: 20018",
                "COL5E3428810B38E742": "1",
                "COL5E3428810B09F441": "20018"
            },
            "id": "5E34287FF600019A"
        },
        {
            "type": "Feature",
            "geometry": {
                "type": "Point",
                "coordinates": [
                    -76.9901721,
                    38.8928565,
                    0
                ]
            },
            "properties": {
                "name": "1 call — 231 12TH ST NE · 20002",
                "styleUrl": "#__managed_style_074E3397174194EF9201",
                "styleMapHash": {
                    "normal": "#__managed_style_074E3397174194EF9201_normal",
                    "highlight": "#__managed_style_074E3397174194EF9201_highlight"
                },
                "description": "<b>231 12TH ST NE, WASHINGTON, DC, 20002</b><br/>Calls at this matched location: <b>1</b><br/>Call dates: 2026-06-15<br/>ZIP: 20002",
                "COL5E3428810B38E742": "1",
                "COL5E3428810B09F441": "20002"
            },
            "id": "5E34287FF600019B"
        },
        {
            "type": "Feature",
            "geometry": {
                "type": "Point",
                "coordinates": [
                    -76.9728475,
                    38.8724788,
                    0
                ]
            },
            "properties": {
                "name": "1 call — 2316 MINNESOTA AVE SE · 20020",
                "styleUrl": "#__managed_style_074E3397174194EF9201",
                "styleMapHash": {
                    "normal": "#__managed_style_074E3397174194EF9201_normal",
                    "highlight": "#__managed_style_074E3397174194EF9201_highlight"
                },
                "description": "<b>2316 MINNESOTA AVE SE, WASHINGTON, DC, 20020</b><br/>Calls at this matched location: <b>1</b><br/>Call dates: 2026-05-10<br/>ZIP: 20020",
                "COL5E3428810B38E742": "1",
                "COL5E3428810B09F441": "20020"
            },
            "id": "5E34287FF600019C"
        },
        {
            "type": "Feature",
            "geometry": {
                "type": "Point",
                "coordinates": [
                    -77.0035764,
                    38.9207049,
                    0
                ]
            },
            "properties": {
                "name": "1 call — 2318 2ND ST NE · 20002",
                "styleUrl": "#__managed_style_074E3397174194EF9201",
                "styleMapHash": {
                    "normal": "#__managed_style_074E3397174194EF9201_normal",
                    "highlight": "#__managed_style_074E3397174194EF9201_highlight"
                },
                "description": "<b>2318 2ND ST NE, WASHINGTON, DC, 20002</b><br/>Calls at this matched location: <b>1</b><br/>Call dates: 2026-04-20<br/>ZIP: 20002",
                "COL5E3428810B38E742": "1",
                "COL5E3428810B09F441": "20002"
            },
            "id": "5E34287FF600019D"
        },
        {
            "type": "Feature",
            "geometry": {
                "type": "Point",
                "coordinates": [
                    -76.9854534,
                    38.8598398,
                    0
                ]
            },
            "properties": {
                "name": "1 call — 2344 PITTS PL SE · 20020",
                "styleUrl": "#__managed_style_074E3397174194EF9201",
                "styleMapHash": {
                    "normal": "#__managed_style_074E3397174194EF9201_normal",
                    "highlight": "#__managed_style_074E3397174194EF9201_highlight"
                },
                "description": "<b>2344 PITTS PL SE, WASHINGTON, DC, 20020</b><br/>Calls at this matched location: <b>1</b><br/>Call dates: 2026-07-01<br/>ZIP: 20020",
                "COL5E3428810B38E742": "1",
                "COL5E3428810B09F441": "20020"
            },
            "id": "5E34287FF600019E"
        },
        {
            "type": "Feature",
            "geometry": {
                "type": "Point",
                "coordinates": [
                    -77.0050856,
                    38.8478049,
                    0
                ]
            },
            "properties": {
                "name": "1 call — 239 OAKWOOD ST SE · 20032",
                "styleUrl": "#__managed_style_074E3397174194EF9201",
                "styleMapHash": {
                    "normal": "#__managed_style_074E3397174194EF9201_normal",
                    "highlight": "#__managed_style_074E3397174194EF9201_highlight"
                },
                "description": "<b>239 OAKWOOD ST SE, WASHINGTON, DC, 20032</b><br/>Calls at this matched location: <b>1</b><br/>Call dates: 2026-07-26<br/>ZIP: 20032",
                "COL5E3428810B38E742": "1",
                "COL5E3428810B09F441": "20032"
            },
            "id": "5E34287FF600019F"
        },
        {
            "type": "Feature",
            "geometry": {
                "type": "Point",
                "coordinates": [
                    -76.9737577,
                    38.8510752,
                    0
                ]
            },
            "properties": {
                "name": "1 call — 23RD ST SE & ALABAMA AVE SE · 20020",
                "styleUrl": "#__managed_style_074E3397174194EF9201",
                "styleMapHash": {
                    "normal": "#__managed_style_074E3397174194EF9201_normal",
                    "highlight": "#__managed_style_074E3397174194EF9201_highlight"
                },
                "description": "<b>23RD ST SE &amp; ALABAMA AVE SE, WASHINGTON, DC, 20020</b><br/>Calls at this matched location: <b>1</b><br/>Call dates: 2026-06-01<br/>ZIP: 20020",
                "COL5E3428810B38E742": "1",
                "COL5E3428810B09F441": "20020"
            },
            "id": "5E34287FF60001A0"
        },
        {
            "type": "Feature",
            "geometry": {
                "type": "Point",
                "coordinates": [
                    -77.0514788,
                    38.9071869,
                    0
                ]
            },
            "properties": {
                "name": "1 call — 2400 N ST NW · 20037",
                "styleUrl": "#__managed_style_074E3397174194EF9201",
                "styleMapHash": {
                    "normal": "#__managed_style_074E3397174194EF9201_normal",
                    "highlight": "#__managed_style_074E3397174194EF9201_highlight"
                },
                "description": "<b>2400 N ST NW, WASHINGTON, DC, 20037</b><br/>Calls at this matched location: <b>1</b><br/>Call dates: 2026-07-29<br/>ZIP: 20037",
                "COL5E3428810B38E742": "1",
                "COL5E3428810B09F441": "20037"
            },
            "id": "5E34287FF60001A1"
        },
        {
            "type": "Feature",
            "geometry": {
                "type": "Point",
                "coordinates": [
                    -76.9929458,
                    38.8634514,
                    0
                ]
            },
            "properties": {
                "name": "1 call — 2400 SHANNON PL SE · 20020",
                "styleUrl": "#__managed_style_074E3397174194EF9201",
                "styleMapHash": {
                    "normal": "#__managed_style_074E3397174194EF9201_normal",
                    "highlight": "#__managed_style_074E3397174194EF9201_highlight"
                },
                "description": "<b>2400 SHANNON PL SE, WASHINGTON, DC, 20020</b><br/>Calls at this matched location: <b>1</b><br/>Call dates: 2026-07-29<br/>ZIP: 20020",
                "COL5E3428810B38E742": "1",
                "COL5E3428810B09F441": "20020"
            },
            "id": "5E34287FF60001A2"
        },
        {
            "type": "Feature",
            "geometry": {
                "type": "Point",
                "coordinates": [
                    -77.0526776,
                    38.9235232,
                    0
                ]
            },
            "properties": {
                "name": "1 call — 2401 CALVERT ST NW · 20008",
                "styleUrl": "#__managed_style_074E3397174194EF9201",
                "styleMapHash": {
                    "normal": "#__managed_style_074E3397174194EF9201_normal",
                    "highlight": "#__managed_style_074E3397174194EF9201_highlight"
                },
                "description": "<b>2401 CALVERT ST NW, WASHINGTON, DC, 20008</b><br/>Calls at this matched location: <b>1</b><br/>Call dates: 2026-08-18<br/>ZIP: 20008",
                "COL5E3428810B38E742": "1",
                "COL5E3428810B09F441": "20008"
            },
            "id": "5E34287FF60001A3"
        },
        {
            "type": "Feature",
            "geometry": {
                "type": "Point",
                "coordinates": [
                    -76.952689,
                    38.8870057,
                    0
                ]
            },
            "properties": {
                "name": "1 call — 241 37TH ST SE · 20019",
                "styleUrl": "#__managed_style_074E3397174194EF9201",
                "styleMapHash": {
                    "normal": "#__managed_style_074E3397174194EF9201_normal",
                    "highlight": "#__managed_style_074E3397174194EF9201_highlight"
                },
                "description": "<b>241 37TH ST SE, WASHINGTON, DC, 20019</b><br/>Calls at this matched location: <b>1</b><br/>Call dates: 2026-08-02<br/>ZIP: 20019",
                "COL5E3428810B38E742": "1",
                "COL5E3428810B09F441": "20019"
            },
            "id": "5E34287FF60001A4"
        },
        {
            "type": "Feature",
            "geometry": {
                "type": "Point",
                "coordinates": [
                    -76.978951,
                    38.8571334,
                    0
                ]
            },
            "properties": {
                "name": "1 call — 2410 18TH ST SE · 20020",
                "styleUrl": "#__managed_style_074E3397174194EF9201",
                "styleMapHash": {
                    "normal": "#__managed_style_074E3397174194EF9201_normal",
                    "highlight": "#__managed_style_074E3397174194EF9201_highlight"
                },
                "description": "<b>2410 18TH ST SE, WASHINGTON, DC, 20020</b><br/>Calls at this matched location: <b>1</b><br/>Call dates: 2026-06-18<br/>ZIP: 20020",
                "COL5E3428810B38E742": "1",
                "COL5E3428810B09F441": "20020"
            },
            "id": "5E34287FF60001A5"
        },
        {
            "type": "Feature",
            "geometry": {
                "type": "Point",
                "coordinates": [
                    -76.9865508,
                    38.8542645,
                    0
                ]
            },
            "properties": {
                "name": "1 call — 2424 ELVANS RD SE · 20020",
                "styleUrl": "#__managed_style_074E3397174194EF9201",
                "styleMapHash": {
                    "normal": "#__managed_style_074E3397174194EF9201_normal",
                    "highlight": "#__managed_style_074E3397174194EF9201_highlight"
                },
                "description": "<b>2424 ELVANS RD SE, WASHINGTON, DC, 20020</b><br/>Calls at this matched location: <b>1</b><br/>Call dates: 2026-07-13<br/>ZIP: 20020",
                "COL5E3428810B38E742": "1",
                "COL5E3428810B09F441": "20020"
            },
            "id": "5E34287FF60001A6"
        },
        {
            "type": "Feature",
            "geometry": {
                "type": "Point",
                "coordinates": [
                    -76.9526841,
                    38.9198538,
                    0
                ]
            },
            "properties": {
                "name": "1 call — 2441 MARKET ST NE · 20018",
                "styleUrl": "#__managed_style_074E3397174194EF9201",
                "styleMapHash": {
                    "normal": "#__managed_style_074E3397174194EF9201_normal",
                    "highlight": "#__managed_style_074E3397174194EF9201_highlight"
                },
                "description": "<b>2441 MARKET ST NE, WASHINGTON, DC, 20018</b><br/>Calls at this matched location: <b>1</b><br/>Call dates: 2026-07-26<br/>ZIP: 20018",
                "COL5E3428810B38E742": "1",
                "COL5E3428810B09F441": "20018"
            },
            "id": "5E34287FF60001A7"
        },
        {
            "type": "Feature",
            "geometry": {
                "type": "Point",
                "coordinates": [
                    -77.0103829,
                    38.9072925,
                    0
                ]
            },
            "properties": {
                "name": "1 call — 25 N ST NW · 20001",
                "styleUrl": "#__managed_style_074E3397174194EF9201",
                "styleMapHash": {
                    "normal": "#__managed_style_074E3397174194EF9201_normal",
                    "highlight": "#__managed_style_074E3397174194EF9201_highlight"
                },
                "description": "<b>25 N ST NW, WASHINGTON, DC, 20001</b><br/>Calls at this matched location: <b>1</b><br/>Call dates: 2026-06-11<br/>ZIP: 20001",
                "COL5E3428810B38E742": "1",
                "COL5E3428810B09F441": "20001"
            },
            "id": "5E34287FF60001A8"
        },
        {
            "type": "Feature",
            "geometry": {
                "type": "Point",
                "coordinates": [
                    -76.9912132,
                    38.8554775,
                    0
                ]
            },
            "properties": {
                "name": "1 call — 2506 POMEROY RD SE · 20020",
                "styleUrl": "#__managed_style_074E3397174194EF9201",
                "styleMapHash": {
                    "normal": "#__managed_style_074E3397174194EF9201_normal",
                    "highlight": "#__managed_style_074E3397174194EF9201_highlight"
                },
                "description": "<b>2506 POMEROY RD SE, WASHINGTON, DC, 20020</b><br/>Calls at this matched location: <b>1</b><br/>Call dates: 2026-07-09<br/>ZIP: 20020",
                "COL5E3428810B38E742": "1",
                "COL5E3428810B09F441": "20020"
            },
            "id": "5E34287FF60001A9"
        },
        {
            "type": "Feature",
            "geometry": {
                "type": "Point",
                "coordinates": [
                    -76.9187189,
                    38.8927159,
                    0
                ]
            },
            "properties": {
                "name": "1 call — 252 57TH PL NE · 20019",
                "styleUrl": "#__managed_style_074E3397174194EF9201",
                "styleMapHash": {
                    "normal": "#__managed_style_074E3397174194EF9201_normal",
                    "highlight": "#__managed_style_074E3397174194EF9201_highlight"
                },
                "description": "<b>252 57TH PL NE, WASHINGTON, DC, 20019</b><br/>Calls at this matched location: <b>1</b><br/>Call dates: 2026-03-15<br/>ZIP: 20019",
                "COL5E3428810B38E742": "1",
                "COL5E3428810B09F441": "20019"
            },
            "id": "5E34287FF60001AA"
        },
        {
            "type": "Feature",
            "geometry": {
                "type": "Point",
                "coordinates": [
                    -76.9681866,
                    38.8471278,
                    0
                ]
            },
            "properties": {
                "name": "1 call — 2528 SOUTHERN AVE SE · 20020",
                "styleUrl": "#__managed_style_074E3397174194EF9201",
                "styleMapHash": {
                    "normal": "#__managed_style_074E3397174194EF9201_normal",
                    "highlight": "#__managed_style_074E3397174194EF9201_highlight"
                },
                "description": "<b>2528 SOUTHERN AVE SE, WASHINGTON, DC, 20020</b><br/>Calls at this matched location: <b>1</b><br/>Call dates: 2026-07-10<br/>ZIP: 20020",
                "COL5E3428810B38E742": "1",
                "COL5E3428810B09F441": "20020"
            },
            "id": "5E34287FF60001AB"
        },
        {
            "type": "Feature",
            "geometry": {
                "type": "Point",
                "coordinates": [
                    -76.9708998,
                    38.8980695,
                    0
                ]
            },
            "properties": {
                "name": "1 call — 2550 BENNING RD NE · 20002",
                "styleUrl": "#__managed_style_074E3397174194EF9201",
                "styleMapHash": {
                    "normal": "#__managed_style_074E3397174194EF9201_normal",
                    "highlight": "#__managed_style_074E3397174194EF9201_highlight"
                },
                "description": "<b>2550 BENNING RD NE, WASHINGTON, DC, 20002</b><br/>Calls at this matched location: <b>1</b><br/>Call dates: 2026-08-07<br/>ZIP: 20002",
                "COL5E3428810B38E742": "1",
                "COL5E3428810B09F441": "20002"
            },
            "id": "5E34287FF60001AC"
        },
        {
            "type": "Feature",
            "geometry": {
                "type": "Point",
                "coordinates": [
                    -76.9921233,
                    38.8592142,
                    0
                ]
            },
            "properties": {
                "name": "1 call — 2607 BOWEN RD SE · 20020",
                "styleUrl": "#__managed_style_074E3397174194EF9201",
                "styleMapHash": {
                    "normal": "#__managed_style_074E3397174194EF9201_normal",
                    "highlight": "#__managed_style_074E3397174194EF9201_highlight"
                },
                "description": "<b>2607 BOWEN RD SE, WASHINGTON, DC, 20020</b><br/>Calls at this matched location: <b>1</b><br/>Call dates: 2026-07-22<br/>ZIP: 20020",
                "COL5E3428810B38E742": "1",
                "COL5E3428810B09F441": "20020"
            },
            "id": "5E34287FF60001AD"
        },
        {
            "type": "Feature",
            "geometry": {
                "type": "Point",
                "coordinates": [
                    -76.996347,
                    38.8598161,
                    0
                ]
            },
            "properties": {
                "name": "1 call — 2608 WADE RD SE · 20020",
                "styleUrl": "#__managed_style_074E3397174194EF9201",
                "styleMapHash": {
                    "normal": "#__managed_style_074E3397174194EF9201_normal",
                    "highlight": "#__managed_style_074E3397174194EF9201_highlight"
                },
                "description": "<b>2608 WADE RD SE, WASHINGTON, DC, 20020</b><br/>Calls at this matched location: <b>1</b><br/>Call dates: 2026-07-21<br/>ZIP: 20020",
                "COL5E3428810B38E742": "1",
                "COL5E3428810B09F441": "20020"
            },
            "id": "5E34287FF60001AE"
        },
        {
            "type": "Feature",
            "geometry": {
                "type": "Point",
                "coordinates": [
                    -76.9917474,
                    38.8593032,
                    0
                ]
            },
            "properties": {
                "name": "1 call — 2611 BOWEN RD SE · 20020",
                "styleUrl": "#__managed_style_074E3397174194EF9201",
                "styleMapHash": {
                    "normal": "#__managed_style_074E3397174194EF9201_normal",
                    "highlight": "#__managed_style_074E3397174194EF9201_highlight"
                },
                "description": "<b>2611 BOWEN RD SE, WASHINGTON, DC, 20020</b><br/>Calls at this matched location: <b>1</b><br/>Call dates: 2026-05-29<br/>ZIP: 20020",
                "COL5E3428810B38E742": "1",
                "COL5E3428810B09F441": "20020"
            },
            "id": "5E34287FF60001AF"
        },
        {
            "type": "Feature",
            "geometry": {
                "type": "Point",
                "coordinates": [
                    -76.9693406,
                    38.8517649,
                    0
                ]
            },
            "properties": {
                "name": "1 call — 2618 JASPER ST SE · 20020",
                "styleUrl": "#__managed_style_074E3397174194EF9201",
                "styleMapHash": {
                    "normal": "#__managed_style_074E3397174194EF9201_normal",
                    "highlight": "#__managed_style_074E3397174194EF9201_highlight"
                },
                "description": "<b>2618 JASPER ST SE, WASHINGTON, DC, 20020</b><br/>Calls at this matched location: <b>1</b><br/>Call dates: 2026-07-02<br/>ZIP: 20020",
                "COL5E3428810B38E742": "1",
                "COL5E3428810B09F441": "20020"
            },
            "id": "5E34287FF60001B0"
        },
        {
            "type": "Feature",
            "geometry": {
                "type": "Point",
                "coordinates": [
                    -76.991673,
                    38.8594406,
                    0
                ]
            },
            "properties": {
                "name": "1 call — 2620 BOWEN RD SE · 20020",
                "styleUrl": "#__managed_style_074E3397174194EF9201",
                "styleMapHash": {
                    "normal": "#__managed_style_074E3397174194EF9201_normal",
                    "highlight": "#__managed_style_074E3397174194EF9201_highlight"
                },
                "description": "<b>2620 BOWEN RD SE, WASHINGTON, DC, 20020</b><br/>Calls at this matched location: <b>1</b><br/>Call dates: 2026-08-15<br/>ZIP: 20020",
                "COL5E3428810B38E742": "1",
                "COL5E3428810B09F441": "20020"
            },
            "id": "5E34287FF60001B1"
        },
        {
            "type": "Feature",
            "geometry": {
                "type": "Point",
                "coordinates": [
                    -76.9908897,
                    38.8596866,
                    0
                ]
            },
            "properties": {
                "name": "1 call — 2625 BOWEN RD SE · 20020",
                "styleUrl": "#__managed_style_074E3397174194EF9201",
                "styleMapHash": {
                    "normal": "#__managed_style_074E3397174194EF9201_normal",
                    "highlight": "#__managed_style_074E3397174194EF9201_highlight"
                },
                "description": "<b>2625 BOWEN RD SE, WASHINGTON, DC, 20020</b><br/>Calls at this matched location: <b>1</b><br/>Call dates: 2026-05-17<br/>ZIP: 20020",
                "COL5E3428810B38E742": "1",
                "COL5E3428810B09F441": "20020"
            },
            "id": "5E34287FF60001B2"
        },
        {
            "type": "Feature",
            "geometry": {
                "type": "Point",
                "coordinates": [
                    -76.9701774,
                    38.8630479,
                    0
                ]
            },
            "properties": {
                "name": "1 call — 2625 NAYLOR RD SE · 20020",
                "styleUrl": "#__managed_style_074E3397174194EF9201",
                "styleMapHash": {
                    "normal": "#__managed_style_074E3397174194EF9201_normal",
                    "highlight": "#__managed_style_074E3397174194EF9201_highlight"
                },
                "description": "<b>2625 NAYLOR RD SE, WASHINGTON, DC, 20020</b><br/>Calls at this matched location: <b>1</b><br/>Call dates: 2026-08-05<br/>ZIP: 20020",
                "COL5E3428810B38E742": "1",
                "COL5E3428810B09F441": "20020"
            },
            "id": "5E34287FF60001B3"
        },
        {
            "type": "Feature",
            "geometry": {
                "type": "Point",
                "coordinates": [
                    -76.9968611,
                    38.8595063,
                    0
                ]
            },
            "properties": {
                "name": "1 call — 2637 WADE RD SE · 20020",
                "styleUrl": "#__managed_style_074E3397174194EF9201",
                "styleMapHash": {
                    "normal": "#__managed_style_074E3397174194EF9201_normal",
                    "highlight": "#__managed_style_074E3397174194EF9201_highlight"
                },
                "description": "<b>2637 WADE RD SE, WASHINGTON, DC, 20020</b><br/>Calls at this matched location: <b>1</b><br/>Call dates: 2026-05-17<br/>ZIP: 20020",
                "COL5E3428810B38E742": "1",
                "COL5E3428810B09F441": "20020"
            },
            "id": "5E34287FF60001B4"
        },
        {
            "type": "Feature",
            "geometry": {
                "type": "Point",
                "coordinates": [
                    -76.9910599,
                    38.8584131,
                    0
                ]
            },
            "properties": {
                "name": "1 call — 2641 STANTON RD SE · 20020",
                "styleUrl": "#__managed_style_074E3397174194EF9201",
                "styleMapHash": {
                    "normal": "#__managed_style_074E3397174194EF9201_normal",
                    "highlight": "#__managed_style_074E3397174194EF9201_highlight"
                },
                "description": "<b>2641 STANTON RD SE, WASHINGTON, DC, 20020</b><br/>Calls at this matched location: <b>1</b><br/>Call dates: 2026-04-09<br/>ZIP: 20020",
                "COL5E3428810B38E742": "1",
                "COL5E3428810B09F441": "20020"
            },
            "id": "5E34287FF60001B5"
        },
        {
            "type": "Feature",
            "geometry": {
                "type": "Point",
                "coordinates": [
                    -76.969397,
                    38.9301342,
                    0
                ]
            },
            "properties": {
                "name": "1 call — 2649 MYRTLE AVE NE · 20018",
                "styleUrl": "#__managed_style_074E3397174194EF9201",
                "styleMapHash": {
                    "normal": "#__managed_style_074E3397174194EF9201_normal",
                    "highlight": "#__managed_style_074E3397174194EF9201_highlight"
                },
                "description": "<b>2649 MYRTLE AVE NE, WASHINGTON, DC, 20018</b><br/>Calls at this matched location: <b>1</b><br/>Call dates: 2026-06-25<br/>ZIP: 20018",
                "COL5E3428810B38E742": "1",
                "COL5E3428810B09F441": "20018"
            },
            "id": "5E34287FF60001B6"
        },
        {
            "type": "Feature",
            "geometry": {
                "type": "Point",
                "coordinates": [
                    -76.9897864,
                    38.8564571,
                    0
                ]
            },
            "properties": {
                "name": "1 call — 2653 DOUGLAS RD SE · 20020",
                "styleUrl": "#__managed_style_074E3397174194EF9201",
                "styleMapHash": {
                    "normal": "#__managed_style_074E3397174194EF9201_normal",
                    "highlight": "#__managed_style_074E3397174194EF9201_highlight"
                },
                "description": "<b>2653 DOUGLAS RD SE, WASHINGTON, DC, 20020</b><br/>Calls at this matched location: <b>1</b><br/>Call dates: 2026-08-15<br/>ZIP: 20020",
                "COL5E3428810B38E742": "1",
                "COL5E3428810B09F441": "20020"
            },
            "id": "5E34287FF60001B7"
        },
        {
            "type": "Feature",
            "geometry": {
                "type": "Point",
                "coordinates": [
                    -76.9273178,
                    38.8939337,
                    0
                ]
            },
            "properties": {
                "name": "1 call — 266 DIVISION AVE NE · 20019",
                "styleUrl": "#__managed_style_074E3397174194EF9201",
                "styleMapHash": {
                    "normal": "#__managed_style_074E3397174194EF9201_normal",
                    "highlight": "#__managed_style_074E3397174194EF9201_highlight"
                },
                "description": "<b>266 DIVISION AVE NE, WASHINGTON, DC, 20019</b><br/>Calls at this matched location: <b>1</b><br/>Call dates: 2026-08-15<br/>ZIP: 20019",
                "COL5E3428810B38E742": "1",
                "COL5E3428810B09F441": "20019"
            },
            "id": "5E34287FF60001B8"
        },
        {
            "type": "Feature",
            "geometry": {
                "type": "Point",
                "coordinates": [
                    -77.0547532,
                    38.9041302,
                    0
                ]
            },
            "properties": {
                "name": "1 call — 26TH ST NW & PENNSYLVANIA AVE NW · 20037",
                "styleUrl": "#__managed_style_074E3397174194EF9201",
                "styleMapHash": {
                    "normal": "#__managed_style_074E3397174194EF9201_normal",
                    "highlight": "#__managed_style_074E3397174194EF9201_highlight"
                },
                "description": "<b>26TH ST NW &amp; PENNSYLVANIA AVE NW, WASHINGTON, DC, 20037</b><br/>Calls at this matched location: <b>1</b><br/>Call dates: 2026-08-01<br/>ZIP: 20037",
                "COL5E3428810B38E742": "1",
                "COL5E3428810B09F441": "20037"
            },
            "id": "5E34287FF60001B9"
        },
        {
            "type": "Feature",
            "geometry": {
                "type": "Point",
                "coordinates": [
                    -76.9341068,
                    38.8892396,
                    0
                ]
            },
            "properties": {
                "name": "1 call — 27 47TH ST SE · 20019",
                "styleUrl": "#__managed_style_074E3397174194EF9201",
                "styleMapHash": {
                    "normal": "#__managed_style_074E3397174194EF9201_normal",
                    "highlight": "#__managed_style_074E3397174194EF9201_highlight"
                },
                "description": "<b>27 47TH ST SE, WASHINGTON, DC, 20019</b><br/>Calls at this matched location: <b>1</b><br/>Call dates: 2026-05-17<br/>ZIP: 20019",
                "COL5E3428810B38E742": "1",
                "COL5E3428810B09F441": "20019"
            },
            "id": "5E34287FF60001BA"
        },
        {
            "type": "Feature",
            "geometry": {
                "type": "Point",
                "coordinates": [
                    -76.9883886,
                    38.8517937,
                    0
                ]
            },
            "properties": {
                "name": "1 call — 2713 ROBINSON PL SE · 20020",
                "styleUrl": "#__managed_style_074E3397174194EF9201",
                "styleMapHash": {
                    "normal": "#__managed_style_074E3397174194EF9201_normal",
                    "highlight": "#__managed_style_074E3397174194EF9201_highlight"
                },
                "description": "<b>2713 ROBINSON PL SE, WASHINGTON, DC, 20020</b><br/>Calls at this matched location: <b>1</b><br/>Call dates: 2026-08-06<br/>ZIP: 20020",
                "COL5E3428810B38E742": "1",
                "COL5E3428810B09F441": "20020"
            },
            "id": "5E34287FF60001BB"
        },
        {
            "type": "Feature",
            "geometry": {
                "type": "Point",
                "coordinates": [
                    -76.9883534,
                    38.8517729,
                    0
                ]
            },
            "properties": {
                "name": "1 call — 2715 ROBINSON PL SE · 20020",
                "styleUrl": "#__managed_style_074E3397174194EF9201",
                "styleMapHash": {
                    "normal": "#__managed_style_074E3397174194EF9201_normal",
                    "highlight": "#__managed_style_074E3397174194EF9201_highlight"
                },
                "description": "<b>2715 ROBINSON PL SE, WASHINGTON, DC, 20020</b><br/>Calls at this matched location: <b>1</b><br/>Call dates: 2026-08-15<br/>ZIP: 20020",
                "COL5E3428810B38E742": "1",
                "COL5E3428810B09F441": "20020"
            },
            "id": "5E34287FF60001BC"
        },
        {
            "type": "Feature",
            "geometry": {
                "type": "Point",
                "coordinates": [
                    -76.969129,
                    38.8515398,
                    0
                ]
            },
            "properties": {
                "name": "1 call — 2719 JASPER ST SE · 20020",
                "styleUrl": "#__managed_style_074E3397174194EF9201",
                "styleMapHash": {
                    "normal": "#__managed_style_074E3397174194EF9201_normal",
                    "highlight": "#__managed_style_074E3397174194EF9201_highlight"
                },
                "description": "<b>2719 JASPER ST SE, WASHINGTON, DC, 20020</b><br/>Calls at this matched location: <b>1</b><br/>Call dates: 2026-06-08<br/>ZIP: 20020",
                "COL5E3428810B38E742": "1",
                "COL5E3428810B09F441": "20020"
            },
            "id": "5E34287FF60001BD"
        },
        {
            "type": "Feature",
            "geometry": {
                "type": "Point",
                "coordinates": [
                    -76.9690418,
                    38.8514824,
                    0
                ]
            },
            "properties": {
                "name": "1 call — 2727 JASPER ST SE · 20020",
                "styleUrl": "#__managed_style_074E3397174194EF9201",
                "styleMapHash": {
                    "normal": "#__managed_style_074E3397174194EF9201_normal",
                    "highlight": "#__managed_style_074E3397174194EF9201_highlight"
                },
                "description": "<b>2727 JASPER ST SE, WASHINGTON, DC, 20020</b><br/>Calls at this matched location: <b>1</b><br/>Call dates: 2026-06-04<br/>ZIP: 20020",
                "COL5E3428810B38E742": "1",
                "COL5E3428810B09F441": "20020"
            },
            "id": "5E34287FF60001BE"
        },
        {
            "type": "Feature",
            "geometry": {
                "type": "Point",
                "coordinates": [
                    -76.9678681,
                    38.8562845,
                    0
                ]
            },
            "properties": {
                "name": "1 call — 2800 BUENA VISTA TER SE · 20020",
                "styleUrl": "#__managed_style_074E3397174194EF9201",
                "styleMapHash": {
                    "normal": "#__managed_style_074E3397174194EF9201_normal",
                    "highlight": "#__managed_style_074E3397174194EF9201_highlight"
                },
                "description": "<b>2800 BUENA VISTA TER SE, WASHINGTON, DC, 20020</b><br/>Calls at this matched location: <b>1</b><br/>Call dates: 2026-04-28<br/>ZIP: 20020",
                "COL5E3428810B38E742": "1",
                "COL5E3428810B09F441": "20020"
            },
            "id": "5E34287FF60001BF"
        },
        {
            "type": "Feature",
            "geometry": {
                "type": "Point",
                "coordinates": [
                    -77.0322698,
                    38.9258,
                    0
                ]
            },
            "properties": {
                "name": "1 call — 2801 14TH ST NW · 20009",
                "styleUrl": "#__managed_style_074E3397174194EF9201",
                "styleMapHash": {
                    "normal": "#__managed_style_074E3397174194EF9201_normal",
                    "highlight": "#__managed_style_074E3397174194EF9201_highlight"
                },
                "description": "<b>2801 14TH ST NW, WASHINGTON, DC, 20009</b><br/>Calls at this matched location: <b>1</b><br/>Call dates: 2026-06-15<br/>ZIP: 20009",
                "COL5E3428810B38E742": "1",
                "COL5E3428810B09F441": "20009"
            },
            "id": "5E34287FF60001C0"
        },
        {
            "type": "Feature",
            "geometry": {
                "type": "Point",
                "coordinates": [
                    -76.9637855,
                    38.8553432,
                    0
                ]
            },
            "properties": {
                "name": "1 call — 2810 TERRACE RD SE · 20020",
                "styleUrl": "#__managed_style_074E3397174194EF9201",
                "styleMapHash": {
                    "normal": "#__managed_style_074E3397174194EF9201_normal",
                    "highlight": "#__managed_style_074E3397174194EF9201_highlight"
                },
                "description": "<b>2810 TERRACE RD SE, WASHINGTON, DC, 20020</b><br/>Calls at this matched location: <b>1</b><br/>Call dates: 2026-06-10<br/>ZIP: 20020",
                "COL5E3428810B38E742": "1",
                "COL5E3428810B09F441": "20020"
            },
            "id": "5E34287FF60001C1"
        },
        {
            "type": "Feature",
            "geometry": {
                "type": "Point",
                "coordinates": [
                    -76.9676448,
                    38.8721887,
                    0
                ]
            },
            "properties": {
                "name": "1 call — 2813 PENNSYLVANIA AVE SE · 20020",
                "styleUrl": "#__managed_style_074E3397174194EF9201",
                "styleMapHash": {
                    "normal": "#__managed_style_074E3397174194EF9201_normal",
                    "highlight": "#__managed_style_074E3397174194EF9201_highlight"
                },
                "description": "<b>2813 PENNSYLVANIA AVE SE, WASHINGTON, DC, 20020</b><br/>Calls at this matched location: <b>1</b><br/>Call dates: 2026-07-29<br/>ZIP: 20020",
                "COL5E3428810B38E742": "1",
                "COL5E3428810B09F441": "20020"
            },
            "id": "5E34287FF60001C2"
        },
        {
            "type": "Feature",
            "geometry": {
                "type": "Point",
                "coordinates": [
                    -76.9687606,
                    38.8551039,
                    0
                ]
            },
            "properties": {
                "name": "1 call — 2819 GAINESVILLE ST SE · 20020",
                "styleUrl": "#__managed_style_074E3397174194EF9201",
                "styleMapHash": {
                    "normal": "#__managed_style_074E3397174194EF9201_normal",
                    "highlight": "#__managed_style_074E3397174194EF9201_highlight"
                },
                "description": "<b>2819 GAINESVILLE ST SE, WASHINGTON, DC, 20020</b><br/>Calls at this matched location: <b>1</b><br/>Call dates: 2026-07-12<br/>ZIP: 20020",
                "COL5E3428810B38E742": "1",
                "COL5E3428810B09F441": "20020"
            },
            "id": "5E34287FF60001C3"
        },
        {
            "type": "Feature",
            "geometry": {
                "type": "Point",
                "coordinates": [
                    -76.9681384,
                    38.8562331,
                    0
                ]
            },
            "properties": {
                "name": "1 call — 2825 28TH ST SE · 20020",
                "styleUrl": "#__managed_style_074E3397174194EF9201",
                "styleMapHash": {
                    "normal": "#__managed_style_074E3397174194EF9201_normal",
                    "highlight": "#__managed_style_074E3397174194EF9201_highlight"
                },
                "description": "<b>2825 28TH ST SE, WASHINGTON, DC, 20020</b><br/>Calls at this matched location: <b>1</b><br/>Call dates: 2026-07-22<br/>ZIP: 20020",
                "COL5E3428810B38E742": "1",
                "COL5E3428810B09F441": "20020"
            },
            "id": "5E34287FF60001C4"
        },
        {
            "type": "Feature",
            "geometry": {
                "type": "Point",
                "coordinates": [
                    -76.9676062,
                    38.8559116,
                    0
                ]
            },
            "properties": {
                "name": "1 call — 2834 BUENA VISTA TER SE · 20020",
                "styleUrl": "#__managed_style_074E3397174194EF9201",
                "styleMapHash": {
                    "normal": "#__managed_style_074E3397174194EF9201_normal",
                    "highlight": "#__managed_style_074E3397174194EF9201_highlight"
                },
                "description": "<b>2834 BUENA VISTA TER SE, WASHINGTON, DC, 20020</b><br/>Calls at this matched location: <b>1</b><br/>Call dates: 2026-04-29<br/>ZIP: 20020",
                "COL5E3428810B38E742": "1",
                "COL5E3428810B09F441": "20020"
            },
            "id": "5E34287FF60001C5"
        },
        {
            "type": "Feature",
            "geometry": {
                "type": "Point",
                "coordinates": [
                    -77.0563715,
                    38.9277217,
                    0
                ]
            },
            "properties": {
                "name": "1 call — 2835 28TH ST NW · 20008",
                "styleUrl": "#__managed_style_074E3397174194EF9201",
                "styleMapHash": {
                    "normal": "#__managed_style_074E3397174194EF9201_normal",
                    "highlight": "#__managed_style_074E3397174194EF9201_highlight"
                },
                "description": "<b>2835 28TH ST NW, WASHINGTON, DC, 20008</b><br/>Calls at this matched location: <b>1</b><br/>Call dates: 2026-05-26<br/>ZIP: 20008",
                "COL5E3428810B38E742": "1",
                "COL5E3428810B09F441": "20008"
            },
            "id": "5E34287FF60001C6"
        },
        {
            "type": "Feature",
            "geometry": {
                "type": "Point",
                "coordinates": [
                    -76.968129,
                    38.8545075,
                    0
                ]
            },
            "properties": {
                "name": "1 call — 2838 HARTFORD ST SE · 20020",
                "styleUrl": "#__managed_style_074E3397174194EF9201",
                "styleMapHash": {
                    "normal": "#__managed_style_074E3397174194EF9201_normal",
                    "highlight": "#__managed_style_074E3397174194EF9201_highlight"
                },
                "description": "<b>2838 HARTFORD ST SE, WASHINGTON, DC, 20020</b><br/>Calls at this matched location: <b>1</b><br/>Call dates: 2026-05-06<br/>ZIP: 20020",
                "COL5E3428810B38E742": "1",
                "COL5E3428810B09F441": "20020"
            },
            "id": "5E34287FF60001C7"
        },
        {
            "type": "Feature",
            "geometry": {
                "type": "Point",
                "coordinates": [
                    -76.9684777,
                    38.8559184,
                    0
                ]
            },
            "properties": {
                "name": "1 call — 2849 28TH ST SE · 20020",
                "styleUrl": "#__managed_style_074E3397174194EF9201",
                "styleMapHash": {
                    "normal": "#__managed_style_074E3397174194EF9201_normal",
                    "highlight": "#__managed_style_074E3397174194EF9201_highlight"
                },
                "description": "<b>2849 28TH ST SE, WASHINGTON, DC, 20020</b><br/>Calls at this matched location: <b>1</b><br/>Call dates: 2026-06-15<br/>ZIP: 20020",
                "COL5E3428810B38E742": "1",
                "COL5E3428810B09F441": "20020"
            },
            "id": "5E34287FF60001C8"
        },
        {
            "type": "Feature",
            "geometry": {
                "type": "Point",
                "coordinates": [
                    -76.9685896,
                    38.8558125,
                    0
                ]
            },
            "properties": {
                "name": "1 call — 2857 28TH ST SE · 20020",
                "styleUrl": "#__managed_style_074E3397174194EF9201",
                "styleMapHash": {
                    "normal": "#__managed_style_074E3397174194EF9201_normal",
                    "highlight": "#__managed_style_074E3397174194EF9201_highlight"
                },
                "description": "<b>2857 28TH ST SE, WASHINGTON, DC, 20020</b><br/>Calls at this matched location: <b>1</b><br/>Call dates: 2026-05-14<br/>ZIP: 20020",
                "COL5E3428810B38E742": "1",
                "COL5E3428810B09F441": "20020"
            },
            "id": "5E34287FF60001C9"
        },
        {
            "type": "Feature",
            "geometry": {
                "type": "Point",
                "coordinates": [
                    -77.0564407,
                    38.9260182,
                    0
                ]
            },
            "properties": {
                "name": "1 call — 28TH ST NW & WOODLEY RD NW · 20008",
                "styleUrl": "#__managed_style_074E3397174194EF9201",
                "styleMapHash": {
                    "normal": "#__managed_style_074E3397174194EF9201_normal",
                    "highlight": "#__managed_style_074E3397174194EF9201_highlight"
                },
                "description": "<b>28TH ST NW &amp; WOODLEY RD NW, WASHINGTON, DC, 20008</b><br/>Calls at this matched location: <b>1</b><br/>Call dates: 2026-07-01<br/>ZIP: 20008",
                "COL5E3428810B38E742": "1",
                "COL5E3428810B09F441": "20008"
            },
            "id": "5E34287FF60001CA"
        },
        {
            "type": "Feature",
            "geometry": {
                "type": "Point",
                "coordinates": [
                    -76.9960206,
                    38.8566736,
                    0
                ]
            },
            "properties": {
                "name": "1 call — 2900 POMEROY RD SE · 20020",
                "styleUrl": "#__managed_style_074E3397174194EF9201",
                "styleMapHash": {
                    "normal": "#__managed_style_074E3397174194EF9201_normal",
                    "highlight": "#__managed_style_074E3397174194EF9201_highlight"
                },
                "description": "<b>2900 POMEROY RD SE, WASHINGTON, DC, 20020</b><br/>Calls at this matched location: <b>1</b><br/>Call dates: 2026-06-13<br/>ZIP: 20020",
                "COL5E3428810B38E742": "1",
                "COL5E3428810B09F441": "20020"
            },
            "id": "5E34287FF60001CB"
        },
        {
            "type": "Feature",
            "geometry": {
                "type": "Point",
                "coordinates": [
                    -76.9663446,
                    38.8745529,
                    0
                ]
            },
            "properties": {
                "name": "1 call — 2901 N ST SE · 20019",
                "styleUrl": "#__managed_style_074E3397174194EF9201",
                "styleMapHash": {
                    "normal": "#__managed_style_074E3397174194EF9201_normal",
                    "highlight": "#__managed_style_074E3397174194EF9201_highlight"
                },
                "description": "<b>2901 N ST SE, WASHINGTON, DC, 20019</b><br/>Calls at this matched location: <b>1</b><br/>Call dates: 2026-08-09<br/>ZIP: 20019",
                "COL5E3428810B38E742": "1",
                "COL5E3428810B09F441": "20019"
            },
            "id": "5E34287FF60001CC"
        },
        {
            "type": "Feature",
            "geometry": {
                "type": "Point",
                "coordinates": [
                    -77.0054535,
                    38.8475592,
                    0
                ]
            },
            "properties": {
                "name": "1 call — 2908 2ND ST SE · 20032",
                "styleUrl": "#__managed_style_074E3397174194EF9201",
                "styleMapHash": {
                    "normal": "#__managed_style_074E3397174194EF9201_normal",
                    "highlight": "#__managed_style_074E3397174194EF9201_highlight"
                },
                "description": "<b>2908 2ND ST SE, WASHINGTON, DC, 20032</b><br/>Calls at this matched location: <b>1</b><br/>Call dates: 2026-04-06<br/>ZIP: 20032",
                "COL5E3428810B38E742": "1",
                "COL5E3428810B09F441": "20032"
            },
            "id": "5E34287FF60001CD"
        },
        {
            "type": "Feature",
            "geometry": {
                "type": "Point",
                "coordinates": [
                    -76.9670374,
                    38.8633275,
                    0
                ]
            },
            "properties": {
                "name": "1 call — 2910 W ST SE · 20020",
                "styleUrl": "#__managed_style_074E3397174194EF9201",
                "styleMapHash": {
                    "normal": "#__managed_style_074E3397174194EF9201_normal",
                    "highlight": "#__managed_style_074E3397174194EF9201_highlight"
                },
                "description": "<b>2910 W ST SE, WASHINGTON, DC, 20020</b><br/>Calls at this matched location: <b>1</b><br/>Call dates: 2026-08-04<br/>ZIP: 20020",
                "COL5E3428810B38E742": "1",
                "COL5E3428810B09F441": "20020"
            },
            "id": "5E34287FF60001CE"
        },
        {
            "type": "Feature",
            "geometry": {
                "type": "Point",
                "coordinates": [
                    -77.056554,
                    38.9288758,
                    0
                ]
            },
            "properties": {
                "name": "1 call — 2915 28TH ST NW · 20008",
                "styleUrl": "#__managed_style_074E3397174194EF9201",
                "styleMapHash": {
                    "normal": "#__managed_style_074E3397174194EF9201_normal",
                    "highlight": "#__managed_style_074E3397174194EF9201_highlight"
                },
                "description": "<b>2915 28TH ST NW, WASHINGTON, DC, 20008</b><br/>Calls at this matched location: <b>1</b><br/>Call dates: 2026-05-16<br/>ZIP: 20008",
                "COL5E3428810B38E742": "1",
                "COL5E3428810B09F441": "20008"
            },
            "id": "5E34287FF60001CF"
        },
        {
            "type": "Feature",
            "geometry": {
                "type": "Point",
                "coordinates": [
                    -77.0568216,
                    38.9290678,
                    0
                ]
            },
            "properties": {
                "name": "1 call — 2928 28TH ST NW · 20008",
                "styleUrl": "#__managed_style_074E3397174194EF9201",
                "styleMapHash": {
                    "normal": "#__managed_style_074E3397174194EF9201_normal",
                    "highlight": "#__managed_style_074E3397174194EF9201_highlight"
                },
                "description": "<b>2928 28TH ST NW, WASHINGTON, DC, 20008</b><br/>Calls at this matched location: <b>1</b><br/>Call dates: 2026-06-16<br/>ZIP: 20008",
                "COL5E3428810B38E742": "1",
                "COL5E3428810B09F441": "20008"
            },
            "id": "5E34287FF60001D0"
        },
        {
            "type": "Feature",
            "geometry": {
                "type": "Point",
                "coordinates": [
                    -77.0136885,
                    38.8834617,
                    0
                ]
            },
            "properties": {
                "name": "1 call — 2ND ST SW & E ST SW · 20515",
                "styleUrl": "#__managed_style_074E3397174194EF9201",
                "styleMapHash": {
                    "normal": "#__managed_style_074E3397174194EF9201_normal",
                    "highlight": "#__managed_style_074E3397174194EF9201_highlight"
                },
                "description": "<b>2ND ST SW &amp; E ST SW, WASHINGTON, DC, 20515</b><br/>Calls at this matched location: <b>1</b><br/>Call dates: 2026-07-10<br/>ZIP: 20515",
                "COL5E3428810B38E742": "1",
                "COL5E3428810B09F441": "20515"
            },
            "id": "5E34287FF60001D1"
        },
        {
            "type": "Feature",
            "geometry": {
                "type": "Point",
                "coordinates": [
                    -77.0102721,
                    38.9068086,
                    0
                ]
            },
            "properties": {
                "name": "1 call — 30 NEW YORK AVE NW · 20001",
                "styleUrl": "#__managed_style_074E3397174194EF9201",
                "styleMapHash": {
                    "normal": "#__managed_style_074E3397174194EF9201_normal",
                    "highlight": "#__managed_style_074E3397174194EF9201_highlight"
                },
                "description": "<b>30 NEW YORK AVE NW, WASHINGTON, DC, 20001</b><br/>Calls at this matched location: <b>1</b><br/>Call dates: 2026-06-06<br/>ZIP: 20001",
                "COL5E3428810B38E742": "1",
                "COL5E3428810B09F441": "20001"
            },
            "id": "5E34287FF60001D2"
        },
        {
            "type": "Feature",
            "geometry": {
                "type": "Point",
                "coordinates": [
                    -77.0617678,
                    38.9446251,
                    0
                ]
            },
            "properties": {
                "name": "1 call — 3001 VEAZEY TER NW · 20008",
                "styleUrl": "#__managed_style_074E3397174194EF9201",
                "styleMapHash": {
                    "normal": "#__managed_style_074E3397174194EF9201_normal",
                    "highlight": "#__managed_style_074E3397174194EF9201_highlight"
                },
                "description": "<b>3001 VEAZEY TER NW, WASHINGTON, DC, 20008</b><br/>Calls at this matched location: <b>1</b><br/>Call dates: 2026-05-20<br/>ZIP: 20008",
                "COL5E3428810B38E742": "1",
                "COL5E3428810B09F441": "20008"
            },
            "id": "5E34287FF60001D3"
        },
        {
            "type": "Feature",
            "geometry": {
                "type": "Point",
                "coordinates": [
                    -76.9710786,
                    38.9278847,
                    0
                ]
            },
            "properties": {
                "name": "1 call — 3009 25TH ST NE · 20018",
                "styleUrl": "#__managed_style_074E3397174194EF9201",
                "styleMapHash": {
                    "normal": "#__managed_style_074E3397174194EF9201_normal",
                    "highlight": "#__managed_style_074E3397174194EF9201_highlight"
                },
                "description": "<b>3009 25TH ST NE, WASHINGTON, DC, 20018</b><br/>Calls at this matched location: <b>1</b><br/>Call dates: 2026-07-31<br/>ZIP: 20018",
                "COL5E3428810B38E742": "1",
                "COL5E3428810B09F441": "20018"
            },
            "id": "5E34287FF60001D4"
        },
        {
            "type": "Feature",
            "geometry": {
                "type": "Point",
                "coordinates": [
                    -76.9713027,
                    38.8539275,
                    0
                ]
            },
            "properties": {
                "name": "1 call — 3011 24TH PL SE · 20020",
                "styleUrl": "#__managed_style_074E3397174194EF9201",
                "styleMapHash": {
                    "normal": "#__managed_style_074E3397174194EF9201_normal",
                    "highlight": "#__managed_style_074E3397174194EF9201_highlight"
                },
                "description": "<b>3011 24TH PL SE, WASHINGTON, DC, 20020</b><br/>Calls at this matched location: <b>1</b><br/>Call dates: 2026-04-23<br/>ZIP: 20020",
                "COL5E3428810B38E742": "1",
                "COL5E3428810B09F441": "20020"
            },
            "id": "5E34287FF60001D5"
        },
        {
            "type": "Feature",
            "geometry": {
                "type": "Point",
                "coordinates": [
                    -77.0599618,
                    38.9188779,
                    0
                ]
            },
            "properties": {
                "name": "1 call — 3018 MASSACHUSETTS AVE NW · 20008",
                "styleUrl": "#__managed_style_074E3397174194EF9201",
                "styleMapHash": {
                    "normal": "#__managed_style_074E3397174194EF9201_normal",
                    "highlight": "#__managed_style_074E3397174194EF9201_highlight"
                },
                "description": "<b>3018 MASSACHUSETTS AVE NW, WASHINGTON, DC, 20008</b><br/>Calls at this matched location: <b>1</b><br/>Call dates: 2026-07-02<br/>ZIP: 20008",
                "COL5E3428810B38E742": "1",
                "COL5E3428810B09F441": "20008"
            },
            "id": "5E34287FF60001D6"
        },
        {
            "type": "Feature",
            "geometry": {
                "type": "Point",
                "coordinates": [
                    -77.0019309,
                    38.8309029,
                    0
                ]
            },
            "properties": {
                "name": "1 call — 303 ATLANTIC ST SE · 20032",
                "styleUrl": "#__managed_style_074E3397174194EF9201",
                "styleMapHash": {
                    "normal": "#__managed_style_074E3397174194EF9201_normal",
                    "highlight": "#__managed_style_074E3397174194EF9201_highlight"
                },
                "description": "<b>303 ATLANTIC ST SE, WASHINGTON, DC, 20032</b><br/>Calls at this matched location: <b>1</b><br/>Call dates: 2026-04-07<br/>ZIP: 20032",
                "COL5E3428810B38E742": "1",
                "COL5E3428810B09F441": "20032"
            },
            "id": "5E34287FF60001D7"
        },
        {
            "type": "Feature",
            "geometry": {
                "type": "Point",
                "coordinates": [
                    -76.9628314,
                    38.8703573,
                    0
                ]
            },
            "properties": {
                "name": "1 call — 3106 PENNSYLVANIA AVE SE · 20020",
                "styleUrl": "#__managed_style_074E3397174194EF9201",
                "styleMapHash": {
                    "normal": "#__managed_style_074E3397174194EF9201_normal",
                    "highlight": "#__managed_style_074E3397174194EF9201_highlight"
                },
                "description": "<b>3106 PENNSYLVANIA AVE SE, WASHINGTON, DC, 20020</b><br/>Calls at this matched location: <b>1</b><br/>Call dates: 2026-08-18<br/>ZIP: 20020",
                "COL5E3428810B38E742": "1",
                "COL5E3428810B09F441": "20020"
            },
            "id": "5E34287FF60001D8"
        },
        {
            "type": "Feature",
            "geometry": {
                "type": "Point",
                "coordinates": [
                    -77.0365465,
                    38.9294294,
                    0
                ]
            },
            "properties": {
                "name": "1 call — 3132 16TH ST NW · 20010",
                "styleUrl": "#__managed_style_074E3397174194EF9201",
                "styleMapHash": {
                    "normal": "#__managed_style_074E3397174194EF9201_normal",
                    "highlight": "#__managed_style_074E3397174194EF9201_highlight"
                },
                "description": "<b>3132 16TH ST NW, WASHINGTON, DC, 20010</b><br/>Calls at this matched location: <b>1</b><br/>Call dates: 2026-06-22<br/>ZIP: 20010",
                "COL5E3428810B38E742": "1",
                "COL5E3428810B09F441": "20010"
            },
            "id": "5E34287FF60001D9"
        },
        {
            "type": "Feature",
            "geometry": {
                "type": "Point",
                "coordinates": [
                    -77.0166028,
                    38.9724012,
                    0
                ]
            },
            "properties": {
                "name": "1 call — 315 ASPEN ST NW · 20012",
                "styleUrl": "#__managed_style_074E3397174194EF9201",
                "styleMapHash": {
                    "normal": "#__managed_style_074E3397174194EF9201_normal",
                    "highlight": "#__managed_style_074E3397174194EF9201_highlight"
                },
                "description": "<b>315 ASPEN ST NW, WASHINGTON, DC, 20012</b><br/>Calls at this matched location: <b>1</b><br/>Call dates: 2026-05-24<br/>ZIP: 20012",
                "COL5E3428810B38E742": "1",
                "COL5E3428810B09F441": "20012"
            },
            "id": "5E34287FF60001DA"
        },
        {
            "type": "Feature",
            "geometry": {
                "type": "Point",
                "coordinates": [
                    -77.038779,
                    38.9301059,
                    0
                ]
            },
            "properties": {
                "name": "1 call — 3151 17TH ST NW · 20010",
                "styleUrl": "#__managed_style_074E3397174194EF9201",
                "styleMapHash": {
                    "normal": "#__managed_style_074E3397174194EF9201_normal",
                    "highlight": "#__managed_style_074E3397174194EF9201_highlight"
                },
                "description": "<b>3151 17TH ST NW, WASHINGTON, DC, 20010</b><br/>Calls at this matched location: <b>1</b><br/>Call dates: 2026-04-05<br/>ZIP: 20010",
                "COL5E3428810B38E742": "1",
                "COL5E3428810B09F441": "20010"
            },
            "id": "5E34287FF60001DB"
        },
        {
            "type": "Feature",
            "geometry": {
                "type": "Point",
                "coordinates": [
                    -77.0018625,
                    38.826461,
                    0
                ]
            },
            "properties": {
                "name": "1 call — 319 LIVINGSTON TER SE · 20032",
                "styleUrl": "#__managed_style_074E3397174194EF9201",
                "styleMapHash": {
                    "normal": "#__managed_style_074E3397174194EF9201_normal",
                    "highlight": "#__managed_style_074E3397174194EF9201_highlight"
                },
                "description": "<b>319 LIVINGSTON TER SE, WASHINGTON, DC, 20032</b><br/>Calls at this matched location: <b>1</b><br/>Call dates: 2026-05-12<br/>ZIP: 20032",
                "COL5E3428810B38E742": "1",
                "COL5E3428810B09F441": "20032"
            },
            "id": "5E34287FF60001DC"
        },
        {
            "type": "Feature",
            "geometry": {
                "type": "Point",
                "coordinates": [
                    -77.0611837,
                    38.9051922,
                    0
                ]
            },
            "properties": {
                "name": "1 call — 31ST ST NW & M ST NW · 20007",
                "styleUrl": "#__managed_style_074E3397174194EF9201",
                "styleMapHash": {
                    "normal": "#__managed_style_074E3397174194EF9201_normal",
                    "highlight": "#__managed_style_074E3397174194EF9201_highlight"
                },
                "description": "<b>31ST ST NW &amp; M ST NW, WASHINGTON, DC, 20007</b><br/>Calls at this matched location: <b>1</b><br/>Call dates: 2026-08-08<br/>ZIP: 20007",
                "COL5E3428810B38E742": "1",
                "COL5E3428810B09F441": "20007"
            },
            "id": "5E34287FF60001DD"
        },
        {
            "type": "Feature",
            "geometry": {
                "type": "Point",
                "coordinates": [
                    -77.0099119,
                    38.9078349,
                    0
                ]
            },
            "properties": {
                "name": "1 call — 32 HANOVER PL NW · 20001",
                "styleUrl": "#__managed_style_074E3397174194EF9201",
                "styleMapHash": {
                    "normal": "#__managed_style_074E3397174194EF9201_normal",
                    "highlight": "#__managed_style_074E3397174194EF9201_highlight"
                },
                "description": "<b>32 HANOVER PL NW, WASHINGTON, DC, 20001</b><br/>Calls at this matched location: <b>1</b><br/>Call dates: 2026-06-29<br/>ZIP: 20001",
                "COL5E3428810B38E742": "1",
                "COL5E3428810B09F441": "20001"
            },
            "id": "5E34287FF60001DE"
        },
        {
            "type": "Feature",
            "geometry": {
                "type": "Point",
                "coordinates": [
                    -77.0633581,
                    38.9039155,
                    0
                ]
            },
            "properties": {
                "name": "1 call — 3210 GRACE ST NW · 20007",
                "styleUrl": "#__managed_style_074E3397174194EF9201",
                "styleMapHash": {
                    "normal": "#__managed_style_074E3397174194EF9201_normal",
                    "highlight": "#__managed_style_074E3397174194EF9201_highlight"
                },
                "description": "<b>3210 GRACE ST NW, WASHINGTON, DC, 20007</b><br/>Calls at this matched location: <b>1</b><br/>Call dates: 2026-06-29<br/>ZIP: 20007",
                "COL5E3428810B38E742": "1",
                "COL5E3428810B09F441": "20007"
            },
            "id": "5E34287FF60001DF"
        },
        {
            "type": "Feature",
            "geometry": {
                "type": "Point",
                "coordinates": [
                    -77.0007502,
                    38.8428432,
                    0
                ]
            },
            "properties": {
                "name": "1 call — 3214 M L KING JR AVE SE · 20032",
                "styleUrl": "#__managed_style_074E3397174194EF9201",
                "styleMapHash": {
                    "normal": "#__managed_style_074E3397174194EF9201_normal",
                    "highlight": "#__managed_style_074E3397174194EF9201_highlight"
                },
                "description": "<b>3214 M L KING JR AVE SE, WASHINGTON, DC, 20032</b><br/>Calls at this matched location: <b>1</b><br/>Call dates: 2026-07-12<br/>ZIP: 20032",
                "COL5E3428810B38E742": "1",
                "COL5E3428810B09F441": "20032"
            },
            "id": "5E34287FF60001E0"
        },
        {
            "type": "Feature",
            "geometry": {
                "type": "Point",
                "coordinates": [
                    -76.9905953,
                    38.8439372,
                    0
                ]
            },
            "properties": {
                "name": "1 call — 3225 12TH ST SE · 20032",
                "styleUrl": "#__managed_style_074E3397174194EF9201",
                "styleMapHash": {
                    "normal": "#__managed_style_074E3397174194EF9201_normal",
                    "highlight": "#__managed_style_074E3397174194EF9201_highlight"
                },
                "description": "<b>3225 12TH ST SE, WASHINGTON, DC, 20032</b><br/>Calls at this matched location: <b>1</b><br/>Call dates: 2026-07-06<br/>ZIP: 20032",
                "COL5E3428810B38E742": "1",
                "COL5E3428810B09F441": "20032"
            },
            "id": "5E34287FF60001E1"
        },
        {
            "type": "Feature",
            "geometry": {
                "type": "Point",
                "coordinates": [
                    -76.9731731,
                    38.8505429,
                    0
                ]
            },
            "properties": {
                "name": "1 call — 3245 23RD ST SE · 20020",
                "styleUrl": "#__managed_style_074E3397174194EF9201",
                "styleMapHash": {
                    "normal": "#__managed_style_074E3397174194EF9201_normal",
                    "highlight": "#__managed_style_074E3397174194EF9201_highlight"
                },
                "description": "<b>3245 23RD ST SE, WASHINGTON, DC, 20020</b><br/>Calls at this matched location: <b>1</b><br/>Call dates: 2026-08-05<br/>ZIP: 20020",
                "COL5E3428810B38E742": "1",
                "COL5E3428810B09F441": "20020"
            },
            "id": "5E34287FF60001E2"
        },
        {
            "type": "Feature",
            "geometry": {
                "type": "Point",
                "coordinates": [
                    -76.9844976,
                    38.8939201,
                    0
                ]
            },
            "properties": {
                "name": "1 call — 327 14TH PL NE · 20002",
                "styleUrl": "#__managed_style_074E3397174194EF9201",
                "styleMapHash": {
                    "normal": "#__managed_style_074E3397174194EF9201_normal",
                    "highlight": "#__managed_style_074E3397174194EF9201_highlight"
                },
                "description": "<b>327 14TH PL NE, WASHINGTON, DC, 20002</b><br/>Calls at this matched location: <b>1</b><br/>Call dates: 2026-05-09<br/>ZIP: 20002",
                "COL5E3428810B38E742": "1",
                "COL5E3428810B09F441": "20002"
            },
            "id": "5E34287FF60001E3"
        },
        {
            "type": "Feature",
            "geometry": {
                "type": "Point",
                "coordinates": [
                    -76.9587268,
                    38.8875394,
                    0
                ]
            },
            "properties": {
                "name": "1 call — 3301 B ST SE · 20019",
                "styleUrl": "#__managed_style_074E3397174194EF9201",
                "styleMapHash": {
                    "normal": "#__managed_style_074E3397174194EF9201_normal",
                    "highlight": "#__managed_style_074E3397174194EF9201_highlight"
                },
                "description": "<b>3301 B ST SE, WASHINGTON, DC, 20019</b><br/>Calls at this matched location: <b>1</b><br/>Call dates: 2026-08-08<br/>ZIP: 20019",
                "COL5E3428810B38E742": "1",
                "COL5E3428810B09F441": "20019"
            },
            "id": "5E34287FF60001E4"
        },
        {
            "type": "Feature",
            "geometry": {
                "type": "Point",
                "coordinates": [
                    -76.9590861,
                    38.8867389,
                    0
                ]
            },
            "properties": {
                "name": "1 call — 3301 CROFFUT PL SE · 20019",
                "styleUrl": "#__managed_style_074E3397174194EF9201",
                "styleMapHash": {
                    "normal": "#__managed_style_074E3397174194EF9201_normal",
                    "highlight": "#__managed_style_074E3397174194EF9201_highlight"
                },
                "description": "<b>3301 CROFFUT PL SE, WASHINGTON, DC, 20019</b><br/>Calls at this matched location: <b>1</b><br/>Call dates: 2026-04-21<br/>ZIP: 20019",
                "COL5E3428810B38E742": "1",
                "COL5E3428810B09F441": "20019"
            },
            "id": "5E34287FF60001E5"
        },
        {
            "type": "Feature",
            "geometry": {
                "type": "Point",
                "coordinates": [
                    -76.9741026,
                    38.9312858,
                    0
                ]
            },
            "properties": {
                "name": "1 call — 3311 22ND ST NE · 20018",
                "styleUrl": "#__managed_style_074E3397174194EF9201",
                "styleMapHash": {
                    "normal": "#__managed_style_074E3397174194EF9201_normal",
                    "highlight": "#__managed_style_074E3397174194EF9201_highlight"
                },
                "description": "<b>3311 22ND ST NE, WASHINGTON, DC, 20018</b><br/>Calls at this matched location: <b>1</b><br/>Call dates: 2026-04-18<br/>ZIP: 20018",
                "COL5E3428810B38E742": "1",
                "COL5E3428810B09F441": "20018"
            },
            "id": "5E34287FF60001E6"
        },
        {
            "type": "Feature",
            "geometry": {
                "type": "Point",
                "coordinates": [
                    -77.0020211,
                    38.8425463,
                    0
                ]
            },
            "properties": {
                "name": "1 call — 3318 M L KING JR AVE SE · 20032",
                "styleUrl": "#__managed_style_074E3397174194EF9201",
                "styleMapHash": {
                    "normal": "#__managed_style_074E3397174194EF9201_normal",
                    "highlight": "#__managed_style_074E3397174194EF9201_highlight"
                },
                "description": "<b>3318 M L KING JR AVE SE, WASHINGTON, DC, 20032</b><br/>Calls at this matched location: <b>1</b><br/>Call dates: 2026-08-14<br/>ZIP: 20032",
                "COL5E3428810B38E742": "1",
                "COL5E3428810B09F441": "20032"
            },
            "id": "5E34287FF60001E7"
        },
        {
            "type": "Feature",
            "geometry": {
                "type": "Point",
                "coordinates": [
                    -77.0007756,
                    38.9422132,
                    0
                ]
            },
            "properties": {
                "name": "1 call — 332 HAWAII AVE NE · 20011",
                "styleUrl": "#__managed_style_074E3397174194EF9201",
                "styleMapHash": {
                    "normal": "#__managed_style_074E3397174194EF9201_normal",
                    "highlight": "#__managed_style_074E3397174194EF9201_highlight"
                },
                "description": "<b>332 HAWAII AVE NE, WASHINGTON, DC, 20011</b><br/>Calls at this matched location: <b>1</b><br/>Call dates: 2026-06-28<br/>ZIP: 20011",
                "COL5E3428810B38E742": "1",
                "COL5E3428810B09F441": "20011"
            },
            "id": "5E34287FF60001E8"
        },
        {
            "type": "Feature",
            "geometry": {
                "type": "Point",
                "coordinates": [
                    -76.9592849,
                    38.8836945,
                    0
                ]
            },
            "properties": {
                "name": "1 call — 3320 ELY PL SE · 20019",
                "styleUrl": "#__managed_style_074E3397174194EF9201",
                "styleMapHash": {
                    "normal": "#__managed_style_074E3397174194EF9201_normal",
                    "highlight": "#__managed_style_074E3397174194EF9201_highlight"
                },
                "description": "<b>3320 ELY PL SE, WASHINGTON, DC, 20019</b><br/>Calls at this matched location: <b>1</b><br/>Call dates: 2026-07-20<br/>ZIP: 20019",
                "COL5E3428810B38E742": "1",
                "COL5E3428810B09F441": "20019"
            },
            "id": "5E34287FF60001E9"
        },
        {
            "type": "Feature",
            "geometry": {
                "type": "Point",
                "coordinates": [
                    -76.9885778,
                    38.8428956,
                    0
                ]
            },
            "properties": {
                "name": "1 call — 3323 13TH ST SE · 20032",
                "styleUrl": "#__managed_style_074E3397174194EF9201",
                "styleMapHash": {
                    "normal": "#__managed_style_074E3397174194EF9201_normal",
                    "highlight": "#__managed_style_074E3397174194EF9201_highlight"
                },
                "description": "<b>3323 13TH ST SE, WASHINGTON, DC, 20032</b><br/>Calls at this matched location: <b>1</b><br/>Call dates: 2026-08-07<br/>ZIP: 20032",
                "COL5E3428810B38E742": "1",
                "COL5E3428810B09F441": "20032"
            },
            "id": "5E34287FF60001EA"
        },
        {
            "type": "Feature",
            "geometry": {
                "type": "Point",
                "coordinates": [
                    -77.0027237,
                    38.8432599,
                    0
                ]
            },
            "properties": {
                "name": "1 call — 3325 BROTHERS PL SE · 20032",
                "styleUrl": "#__managed_style_074E3397174194EF9201",
                "styleMapHash": {
                    "normal": "#__managed_style_074E3397174194EF9201_normal",
                    "highlight": "#__managed_style_074E3397174194EF9201_highlight"
                },
                "description": "<b>3325 BROTHERS PL SE, WASHINGTON, DC, 20032</b><br/>Calls at this matched location: <b>1</b><br/>Call dates: 2026-06-27<br/>ZIP: 20032",
                "COL5E3428810B38E742": "1",
                "COL5E3428810B09F441": "20032"
            },
            "id": "5E34287FF60001EB"
        },
        {
            "type": "Feature",
            "geometry": {
                "type": "Point",
                "coordinates": [
                    -76.9589457,
                    38.8852695,
                    0
                ]
            },
            "properties": {
                "name": "1 call — 3336 DUBOIS PL SE · 20019",
                "styleUrl": "#__managed_style_074E3397174194EF9201",
                "styleMapHash": {
                    "normal": "#__managed_style_074E3397174194EF9201_normal",
                    "highlight": "#__managed_style_074E3397174194EF9201_highlight"
                },
                "description": "<b>3336 DUBOIS PL SE, WASHINGTON, DC, 20019</b><br/>Calls at this matched location: <b>1</b><br/>Call dates: 2026-04-21<br/>ZIP: 20019",
                "COL5E3428810B38E742": "1",
                "COL5E3428810B09F441": "20019"
            },
            "id": "5E34287FF60001EC"
        },
        {
            "type": "Feature",
            "geometry": {
                "type": "Point",
                "coordinates": [
                    -76.9542385,
                    38.8856179,
                    0
                ]
            },
            "properties": {
                "name": "1 call — 334 ANACOSTIA RD SE · 20019",
                "styleUrl": "#__managed_style_074E3397174194EF9201",
                "styleMapHash": {
                    "normal": "#__managed_style_074E3397174194EF9201_normal",
                    "highlight": "#__managed_style_074E3397174194EF9201_highlight"
                },
                "description": "<b>334 ANACOSTIA RD SE, WASHINGTON, DC, 20019</b><br/>Calls at this matched location: <b>1</b><br/>Call dates: 2026-07-10<br/>ZIP: 20019",
                "COL5E3428810B38E742": "1",
                "COL5E3428810B09F441": "20019"
            },
            "id": "5E34287FF60001ED"
        },
        {
            "type": "Feature",
            "geometry": {
                "type": "Point",
                "coordinates": [
                    -76.9588433,
                    38.8836927,
                    0
                ]
            },
            "properties": {
                "name": "1 call — 3340 ELY PL SE · 20019",
                "styleUrl": "#__managed_style_074E3397174194EF9201",
                "styleMapHash": {
                    "normal": "#__managed_style_074E3397174194EF9201_normal",
                    "highlight": "#__managed_style_074E3397174194EF9201_highlight"
                },
                "description": "<b>3340 ELY PL SE, WASHINGTON, DC, 20019</b><br/>Calls at this matched location: <b>1</b><br/>Call dates: 2026-07-17<br/>ZIP: 20019",
                "COL5E3428810B38E742": "1",
                "COL5E3428810B09F441": "20019"
            },
            "id": "5E34287FF60001EE"
        },
        {
            "type": "Feature",
            "geometry": {
                "type": "Point",
                "coordinates": [
                    -76.9579297,
                    38.8710227,
                    0
                ]
            },
            "properties": {
                "name": "1 call — 3343 HIGHWOOD DR SE · 20020",
                "styleUrl": "#__managed_style_074E3397174194EF9201",
                "styleMapHash": {
                    "normal": "#__managed_style_074E3397174194EF9201_normal",
                    "highlight": "#__managed_style_074E3397174194EF9201_highlight"
                },
                "description": "<b>3343 HIGHWOOD DR SE, WASHINGTON, DC, 20020</b><br/>Calls at this matched location: <b>1</b><br/>Call dates: 2026-08-04<br/>ZIP: 20020",
                "COL5E3428810B38E742": "1",
                "COL5E3428810B09F441": "20020"
            },
            "id": "5E34287FF60001EF"
        },
        {
            "type": "Feature",
            "geometry": {
                "type": "Point",
                "coordinates": [
                    -76.9574391,
                    38.8876455,
                    0
                ]
            },
            "properties": {
                "name": "1 call — 3400 B ST SE · 20019",
                "styleUrl": "#__managed_style_074E3397174194EF9201",
                "styleMapHash": {
                    "normal": "#__managed_style_074E3397174194EF9201_normal",
                    "highlight": "#__managed_style_074E3397174194EF9201_highlight"
                },
                "description": "<b>3400 B ST SE, WASHINGTON, DC, 20019</b><br/>Calls at this matched location: <b>1</b><br/>Call dates: 2026-07-03<br/>ZIP: 20019",
                "COL5E3428810B38E742": "1",
                "COL5E3428810B09F441": "20019"
            },
            "id": "5E34287FF60001F0"
        },
        {
            "type": "Feature",
            "geometry": {
                "type": "Point",
                "coordinates": [
                    -76.9606963,
                    38.927406,
                    0
                ]
            },
            "properties": {
                "name": "1 call — 3400 BANNEKER DR NE · 20018",
                "styleUrl": "#__managed_style_074E3397174194EF9201",
                "styleMapHash": {
                    "normal": "#__managed_style_074E3397174194EF9201_normal",
                    "highlight": "#__managed_style_074E3397174194EF9201_highlight"
                },
                "description": "<b>3400 BANNEKER DR NE, WASHINGTON, DC, 20018</b><br/>Calls at this matched location: <b>1</b><br/>Call dates: 2026-05-20<br/>ZIP: 20018",
                "COL5E3428810B38E742": "1",
                "COL5E3428810B09F441": "20018"
            },
            "id": "5E34287FF60001F1"
        },
        {
            "type": "Feature",
            "geometry": {
                "type": "Point",
                "coordinates": [
                    -76.9794604,
                    38.8456244,
                    0
                ]
            },
            "properties": {
                "name": "1 call — 3410 STANTON RD SE · 20020",
                "styleUrl": "#__managed_style_074E3397174194EF9201",
                "styleMapHash": {
                    "normal": "#__managed_style_074E3397174194EF9201_normal",
                    "highlight": "#__managed_style_074E3397174194EF9201_highlight"
                },
                "description": "<b>3410 STANTON RD SE, WASHINGTON, DC, 20020</b><br/>Calls at this matched location: <b>1</b><br/>Call dates: 2026-06-24<br/>ZIP: 20020",
                "COL5E3428810B38E742": "1",
                "COL5E3428810B09F441": "20020"
            },
            "id": "5E34287FF60001F2"
        },
        {
            "type": "Feature",
            "geometry": {
                "type": "Point",
                "coordinates": [
                    -76.9717208,
                    38.8468436,
                    0
                ]
            },
            "properties": {
                "name": "1 call — 3439 23RD ST SE · 20020",
                "styleUrl": "#__managed_style_074E3397174194EF9201",
                "styleMapHash": {
                    "normal": "#__managed_style_074E3397174194EF9201_normal",
                    "highlight": "#__managed_style_074E3397174194EF9201_highlight"
                },
                "description": "<b>3439 23RD ST SE, WASHINGTON, DC, 20020</b><br/>Calls at this matched location: <b>1</b><br/>Call dates: 2026-04-29<br/>ZIP: 20020",
                "COL5E3428810B38E742": "1",
                "COL5E3428810B09F441": "20020"
            },
            "id": "5E34287FF60001F3"
        },
        {
            "type": "Feature",
            "geometry": {
                "type": "Point",
                "coordinates": [
                    -76.9715638,
                    38.846497,
                    0
                ]
            },
            "properties": {
                "name": "1 call — 3448 23RD ST SE · 20020",
                "styleUrl": "#__managed_style_074E3397174194EF9201",
                "styleMapHash": {
                    "normal": "#__managed_style_074E3397174194EF9201_normal",
                    "highlight": "#__managed_style_074E3397174194EF9201_highlight"
                },
                "description": "<b>3448 23RD ST SE, WASHINGTON, DC, 20020</b><br/>Calls at this matched location: <b>1</b><br/>Call dates: 2026-08-18<br/>ZIP: 20020",
                "COL5E3428810B38E742": "1",
                "COL5E3428810B09F441": "20020"
            },
            "id": "5E34287FF60001F4"
        },
        {
            "type": "Feature",
            "geometry": {
                "type": "Point",
                "coordinates": [
                    -76.9708498,
                    38.8463858,
                    0
                ]
            },
            "properties": {
                "name": "1 call — 3465 24TH ST SE · 20020",
                "styleUrl": "#__managed_style_074E3397174194EF9201",
                "styleMapHash": {
                    "normal": "#__managed_style_074E3397174194EF9201_normal",
                    "highlight": "#__managed_style_074E3397174194EF9201_highlight"
                },
                "description": "<b>3465 24TH ST SE, WASHINGTON, DC, 20020</b><br/>Calls at this matched location: <b>1</b><br/>Call dates: 2026-07-02<br/>ZIP: 20020",
                "COL5E3428810B38E742": "1",
                "COL5E3428810B09F441": "20020"
            },
            "id": "5E34287FF60001F5"
        },
        {
            "type": "Feature",
            "geometry": {
                "type": "Point",
                "coordinates": [
                    -76.9727338,
                    38.8465757,
                    0
                ]
            },
            "properties": {
                "name": "1 call — 3468 22ND ST SE · 20020",
                "styleUrl": "#__managed_style_074E3397174194EF9201",
                "styleMapHash": {
                    "normal": "#__managed_style_074E3397174194EF9201_normal",
                    "highlight": "#__managed_style_074E3397174194EF9201_highlight"
                },
                "description": "<b>3468 22ND ST SE, WASHINGTON, DC, 20020</b><br/>Calls at this matched location: <b>1</b><br/>Call dates: 2026-04-10<br/>ZIP: 20020",
                "COL5E3428810B38E742": "1",
                "COL5E3428810B09F441": "20020"
            },
            "id": "5E34287FF60001F6"
        },
        {
            "type": "Feature",
            "geometry": {
                "type": "Point",
                "coordinates": [
                    -76.9544332,
                    38.8854284,
                    0
                ]
            },
            "properties": {
                "name": "1 call — 350 ANACOSTIA RD SE · 20019",
                "styleUrl": "#__managed_style_074E3397174194EF9201",
                "styleMapHash": {
                    "normal": "#__managed_style_074E3397174194EF9201_normal",
                    "highlight": "#__managed_style_074E3397174194EF9201_highlight"
                },
                "description": "<b>350 ANACOSTIA RD SE, WASHINGTON, DC, 20019</b><br/>Calls at this matched location: <b>1</b><br/>Call dates: 2026-08-17<br/>ZIP: 20019",
                "COL5E3428810B38E742": "1",
                "COL5E3428810B09F441": "20019"
            },
            "id": "5E34287FF60001F7"
        },
        {
            "type": "Feature",
            "geometry": {
                "type": "Point",
                "coordinates": [
                    -77.0297979,
                    38.9325058,
                    0
                ]
            },
            "properties": {
                "name": "1 call — 3504 13TH ST NW · 20010",
                "styleUrl": "#__managed_style_074E3397174194EF9201",
                "styleMapHash": {
                    "normal": "#__managed_style_074E3397174194EF9201_normal",
                    "highlight": "#__managed_style_074E3397174194EF9201_highlight"
                },
                "description": "<b>3504 13TH ST NW, WASHINGTON, DC, 20010</b><br/>Calls at this matched location: <b>1</b><br/>Call dates: 2026-08-19<br/>ZIP: 20010",
                "COL5E3428810B38E742": "1",
                "COL5E3428810B09F441": "20010"
            },
            "id": "5E34287FF60001F8"
        },
        {
            "type": "Feature",
            "geometry": {
                "type": "Point",
                "coordinates": [
                    -76.9741653,
                    38.8448744,
                    0
                ]
            },
            "properties": {
                "name": "1 call — 3533 21ST ST SE · 20020",
                "styleUrl": "#__managed_style_074E3397174194EF9201",
                "styleMapHash": {
                    "normal": "#__managed_style_074E3397174194EF9201_normal",
                    "highlight": "#__managed_style_074E3397174194EF9201_highlight"
                },
                "description": "<b>3533 21ST ST SE, WASHINGTON, DC, 20020</b><br/>Calls at this matched location: <b>1</b><br/>Call dates: 2026-05-14<br/>ZIP: 20020",
                "COL5E3428810B38E742": "1",
                "COL5E3428810B09F441": "20020"
            },
            "id": "5E34287FF60001F9"
        },
        {
            "type": "Feature",
            "geometry": {
                "type": "Point",
                "coordinates": [
                    -76.9741515,
                    38.8448469,
                    0
                ]
            },
            "properties": {
                "name": "1 call — 3535 21ST ST SE · 20020",
                "styleUrl": "#__managed_style_074E3397174194EF9201",
                "styleMapHash": {
                    "normal": "#__managed_style_074E3397174194EF9201_normal",
                    "highlight": "#__managed_style_074E3397174194EF9201_highlight"
                },
                "description": "<b>3535 21ST ST SE, WASHINGTON, DC, 20020</b><br/>Calls at this matched location: <b>1</b><br/>Call dates: 2026-05-26<br/>ZIP: 20020",
                "COL5E3428810B38E742": "1",
                "COL5E3428810B09F441": "20020"
            },
            "id": "5E34287FF60001FA"
        },
        {
            "type": "Feature",
            "geometry": {
                "type": "Point",
                "coordinates": [
                    -76.9550268,
                    38.8888425,
                    0
                ]
            },
            "properties": {
                "name": "1 call — 3546 A ST SE · 20019",
                "styleUrl": "#__managed_style_074E3397174194EF9201",
                "styleMapHash": {
                    "normal": "#__managed_style_074E3397174194EF9201_normal",
                    "highlight": "#__managed_style_074E3397174194EF9201_highlight"
                },
                "description": "<b>3546 A ST SE, WASHINGTON, DC, 20019</b><br/>Calls at this matched location: <b>1</b><br/>Call dates: 2026-06-04<br/>ZIP: 20019",
                "COL5E3428810B38E742": "1",
                "COL5E3428810B09F441": "20019"
            },
            "id": "5E34287FF60001FB"
        },
        {
            "type": "Feature",
            "geometry": {
                "type": "Point",
                "coordinates": [
                    -76.9726815,
                    38.8451586,
                    0
                ]
            },
            "properties": {
                "name": "1 call — 3594 22ND ST SE · 20020",
                "styleUrl": "#__managed_style_074E3397174194EF9201",
                "styleMapHash": {
                    "normal": "#__managed_style_074E3397174194EF9201_normal",
                    "highlight": "#__managed_style_074E3397174194EF9201_highlight"
                },
                "description": "<b>3594 22ND ST SE, WASHINGTON, DC, 20020</b><br/>Calls at this matched location: <b>1</b><br/>Call dates: 2026-06-01<br/>ZIP: 20020",
                "COL5E3428810B38E742": "1",
                "COL5E3428810B09F441": "20020"
            },
            "id": "5E34287FF60001FC"
        },
        {
            "type": "Feature",
            "geometry": {
                "type": "Point",
                "coordinates": [
                    -76.9559152,
                    38.8898202,
                    0
                ]
            },
            "properties": {
                "name": "1 call — 35TH ST NE & E CAPITOL ST NE · 20019",
                "styleUrl": "#__managed_style_074E3397174194EF9201",
                "styleMapHash": {
                    "normal": "#__managed_style_074E3397174194EF9201_normal",
                    "highlight": "#__managed_style_074E3397174194EF9201_highlight"
                },
                "description": "<b>35TH ST NE &amp; E CAPITOL ST NE, WASHINGTON, DC, 20019</b><br/>Calls at this matched location: <b>1</b><br/>Call dates: 2026-06-22<br/>ZIP: 20019",
                "COL5E3428810B38E742": "1",
                "COL5E3428810B09F441": "20019"
            },
            "id": "5E34287FF60001FD"
        },
        {
            "type": "Feature",
            "geometry": {
                "type": "Point",
                "coordinates": [
                    -77.0059202,
                    38.8398933,
                    0
                ]
            },
            "properties": {
                "name": "1 call — 3600 BROTHERS PL SE · 20032",
                "styleUrl": "#__managed_style_074E3397174194EF9201",
                "styleMapHash": {
                    "normal": "#__managed_style_074E3397174194EF9201_normal",
                    "highlight": "#__managed_style_074E3397174194EF9201_highlight"
                },
                "description": "<b>3600 BROTHERS PL SE, WASHINGTON, DC, 20032</b><br/>Calls at this matched location: <b>1</b><br/>Call dates: 2026-06-12<br/>ZIP: 20032",
                "COL5E3428810B38E742": "1",
                "COL5E3428810B09F441": "20032"
            },
            "id": "5E34287FF60001FE"
        },
        {
            "type": "Feature",
            "geometry": {
                "type": "Point",
                "coordinates": [
                    -76.9547031,
                    38.8836855,
                    0
                ]
            },
            "properties": {
                "name": "1 call — 3600 ELY PL SE · 20019",
                "styleUrl": "#__managed_style_074E3397174194EF9201",
                "styleMapHash": {
                    "normal": "#__managed_style_074E3397174194EF9201_normal",
                    "highlight": "#__managed_style_074E3397174194EF9201_highlight"
                },
                "description": "<b>3600 ELY PL SE, WASHINGTON, DC, 20019</b><br/>Calls at this matched location: <b>1</b><br/>Call dates: 2026-04-22<br/>ZIP: 20019",
                "COL5E3428810B38E742": "1",
                "COL5E3428810B09F441": "20019"
            },
            "id": "5E34287FF60001FF"
        },
        {
            "type": "Feature",
            "geometry": {
                "type": "Point",
                "coordinates": [
                    -77.0707619,
                    38.908624,
                    0
                ]
            },
            "properties": {
                "name": "1 call — 3624 P ST NW · 20007",
                "styleUrl": "#__managed_style_074E3397174194EF9201",
                "styleMapHash": {
                    "normal": "#__managed_style_074E3397174194EF9201_normal",
                    "highlight": "#__managed_style_074E3397174194EF9201_highlight"
                },
                "description": "<b>3624 P ST NW, WASHINGTON, DC, 20007</b><br/>Calls at this matched location: <b>1</b><br/>Call dates: 2026-07-13<br/>ZIP: 20007",
                "COL5E3428810B38E742": "1",
                "COL5E3428810B09F441": "20007"
            },
            "id": "5E34287FF6000200"
        },
        {
            "type": "Feature",
            "geometry": {
                "type": "Point",
                "coordinates": [
                    -76.9551814,
                    38.8642744,
                    0
                ]
            },
            "properties": {
                "name": "1 call — 3660 ALABAMA AVE SE · 20020",
                "styleUrl": "#__managed_style_074E3397174194EF9201",
                "styleMapHash": {
                    "normal": "#__managed_style_074E3397174194EF9201_normal",
                    "highlight": "#__managed_style_074E3397174194EF9201_highlight"
                },
                "description": "<b>3660 ALABAMA AVE SE, WASHINGTON, DC, 20020</b><br/>Calls at this matched location: <b>1</b><br/>Call dates: 2026-06-29<br/>ZIP: 20020",
                "COL5E3428810B38E742": "1",
                "COL5E3428810B09F441": "20020"
            },
            "id": "5E34287FF6000201"
        },
        {
            "type": "Feature",
            "geometry": {
                "type": "Point",
                "coordinates": [
                    -76.9515559,
                    38.9043069,
                    0
                ]
            },
            "properties": {
                "name": "1 call — 3692 HAYES ST NE · 20019",
                "styleUrl": "#__managed_style_074E3397174194EF9201",
                "styleMapHash": {
                    "normal": "#__managed_style_074E3397174194EF9201_normal",
                    "highlight": "#__managed_style_074E3397174194EF9201_highlight"
                },
                "description": "<b>3692 HAYES ST NE, WASHINGTON, DC, 20019</b><br/>Calls at this matched location: <b>1</b><br/>Call dates: 2026-08-06<br/>ZIP: 20019",
                "COL5E3428810B38E742": "1",
                "COL5E3428810B09F441": "20019"
            },
            "id": "5E34287FF6000202"
        },
        {
            "type": "Feature",
            "geometry": {
                "type": "Point",
                "coordinates": [
                    -77.0099734,
                    38.9079495,
                    0
                ]
            },
            "properties": {
                "name": "1 call — 37 HANOVER PL NW · 20001",
                "styleUrl": "#__managed_style_074E3397174194EF9201",
                "styleMapHash": {
                    "normal": "#__managed_style_074E3397174194EF9201_normal",
                    "highlight": "#__managed_style_074E3397174194EF9201_highlight"
                },
                "description": "<b>37 HANOVER PL NW, WASHINGTON, DC, 20001</b><br/>Calls at this matched location: <b>1</b><br/>Call dates: 2026-08-10<br/>ZIP: 20001",
                "COL5E3428810B38E742": "1",
                "COL5E3428810B09F441": "20001"
            },
            "id": "5E34287FF6000203"
        },
        {
            "type": "Feature",
            "geometry": {
                "type": "Point",
                "coordinates": [
                    -76.9722401,
                    38.9352972,
                    0
                ]
            },
            "properties": {
                "name": "1 call — 3716 24TH ST NE · 20018",
                "styleUrl": "#__managed_style_074E3397174194EF9201",
                "styleMapHash": {
                    "normal": "#__managed_style_074E3397174194EF9201_normal",
                    "highlight": "#__managed_style_074E3397174194EF9201_highlight"
                },
                "description": "<b>3716 24TH ST NE, WASHINGTON, DC, 20018</b><br/>Calls at this matched location: <b>1</b><br/>Call dates: 2026-07-09<br/>ZIP: 20018",
                "COL5E3428810B38E742": "1",
                "COL5E3428810B09F441": "20018"
            },
            "id": "5E34287FF6000204"
        },
        {
            "type": "Feature",
            "geometry": {
                "type": "Point",
                "coordinates": [
                    -77.0294784,
                    38.9370206,
                    0
                ]
            },
            "properties": {
                "name": "1 call — 3725 KANSAS AVE NW · 20010",
                "styleUrl": "#__managed_style_074E3397174194EF9201",
                "styleMapHash": {
                    "normal": "#__managed_style_074E3397174194EF9201_normal",
                    "highlight": "#__managed_style_074E3397174194EF9201_highlight"
                },
                "description": "<b>3725 KANSAS AVE NW, WASHINGTON, DC, 20010</b><br/>Calls at this matched location: <b>1</b><br/>Call dates: 2026-08-18<br/>ZIP: 20010",
                "COL5E3428810B38E742": "1",
                "COL5E3428810B09F441": "20010"
            },
            "id": "5E34287FF6000205"
        },
        {
            "type": "Feature",
            "geometry": {
                "type": "Point",
                "coordinates": [
                    -76.948742,
                    38.9019342,
                    0
                ]
            },
            "properties": {
                "name": "1 call — 3780 HAYES ST NE · 20019",
                "styleUrl": "#__managed_style_074E3397174194EF9201",
                "styleMapHash": {
                    "normal": "#__managed_style_074E3397174194EF9201_normal",
                    "highlight": "#__managed_style_074E3397174194EF9201_highlight"
                },
                "description": "<b>3780 HAYES ST NE, WASHINGTON, DC, 20019</b><br/>Calls at this matched location: <b>1</b><br/>Call dates: 2026-04-24<br/>ZIP: 20019",
                "COL5E3428810B38E742": "1",
                "COL5E3428810B09F441": "20019"
            },
            "id": "5E34287FF6000206"
        },
        {
            "type": "Feature",
            "geometry": {
                "type": "Point",
                "coordinates": [
                    -77.0009973,
                    38.9407995,
                    0
                ]
            },
            "properties": {
                "name": "1 call — 380 TAYLOR ST NE · 20017",
                "styleUrl": "#__managed_style_074E3397174194EF9201",
                "styleMapHash": {
                    "normal": "#__managed_style_074E3397174194EF9201_normal",
                    "highlight": "#__managed_style_074E3397174194EF9201_highlight"
                },
                "description": "<b>380 TAYLOR ST NE, WASHINGTON, DC, 20017</b><br/>Calls at this matched location: <b>1</b><br/>Call dates: 2026-05-29<br/>ZIP: 20017",
                "COL5E3428810B38E742": "1",
                "COL5E3428810B09F441": "20017"
            },
            "id": "5E34287FF6000207"
        },
        {
            "type": "Feature",
            "geometry": {
                "type": "Point",
                "coordinates": [
                    -77.0072078,
                    38.8334715,
                    0
                ]
            },
            "properties": {
                "name": "1 call — 3857 HALLEY TER SE · 20032",
                "styleUrl": "#__managed_style_074E3397174194EF9201",
                "styleMapHash": {
                    "normal": "#__managed_style_074E3397174194EF9201_normal",
                    "highlight": "#__managed_style_074E3397174194EF9201_highlight"
                },
                "description": "<b>3857 HALLEY TER SE, WASHINGTON, DC, 20032</b><br/>Calls at this matched location: <b>1</b><br/>Call dates: 2026-06-23<br/>ZIP: 20032",
                "COL5E3428810B38E742": "1",
                "COL5E3428810B09F441": "20032"
            },
            "id": "5E34287FF6000208"
        },
        {
            "type": "Feature",
            "geometry": {
                "type": "Point",
                "coordinates": [
                    -77.0231245,
                    38.9388939,
                    0
                ]
            },
            "properties": {
                "name": "1 call — 3913 8TH ST NW · 20011",
                "styleUrl": "#__managed_style_074E3397174194EF9201",
                "styleMapHash": {
                    "normal": "#__managed_style_074E3397174194EF9201_normal",
                    "highlight": "#__managed_style_074E3397174194EF9201_highlight"
                },
                "description": "<b>3913 8TH ST NW, WASHINGTON, DC, 20011</b><br/>Calls at this matched location: <b>1</b><br/>Call dates: 2026-04-18<br/>ZIP: 20011",
                "COL5E3428810B38E742": "1",
                "COL5E3428810B09F441": "20011"
            },
            "id": "5E34287FF6000209"
        },
        {
            "type": "Feature",
            "geometry": {
                "type": "Point",
                "coordinates": [
                    -76.9492534,
                    38.8918383,
                    0
                ]
            },
            "properties": {
                "name": "1 call — 3935 BLAINE ST NE · 20019",
                "styleUrl": "#__managed_style_074E3397174194EF9201",
                "styleMapHash": {
                    "normal": "#__managed_style_074E3397174194EF9201_normal",
                    "highlight": "#__managed_style_074E3397174194EF9201_highlight"
                },
                "description": "<b>3935 BLAINE ST NE, WASHINGTON, DC, 20019</b><br/>Calls at this matched location: <b>1</b><br/>Call dates: 2026-05-31<br/>ZIP: 20019",
                "COL5E3428810B38E742": "1",
                "COL5E3428810B09F441": "20019"
            },
            "id": "5E34287FF600020A"
        },
        {
            "type": "Feature",
            "geometry": {
                "type": "Point",
                "coordinates": [
                    -76.9476781,
                    38.886111,
                    0
                ]
            },
            "properties": {
                "name": "1 call — 3956 C ST SE · 20019",
                "styleUrl": "#__managed_style_074E3397174194EF9201",
                "styleMapHash": {
                    "normal": "#__managed_style_074E3397174194EF9201_normal",
                    "highlight": "#__managed_style_074E3397174194EF9201_highlight"
                },
                "description": "<b>3956 C ST SE, WASHINGTON, DC, 20019</b><br/>Calls at this matched location: <b>1</b><br/>Call dates: 2026-08-11<br/>ZIP: 20019",
                "COL5E3428810B38E742": "1",
                "COL5E3428810B09F441": "20019"
            },
            "id": "5E34287FF600020B"
        },
        {
            "type": "Feature",
            "geometry": {
                "type": "Point",
                "coordinates": [
                    -76.9481688,
                    38.8898795,
                    0
                ]
            },
            "properties": {
                "name": "1 call — 3958 E CAPITOL ST NE · 20019",
                "styleUrl": "#__managed_style_074E3397174194EF9201",
                "styleMapHash": {
                    "normal": "#__managed_style_074E3397174194EF9201_normal",
                    "highlight": "#__managed_style_074E3397174194EF9201_highlight"
                },
                "description": "<b>3958 E CAPITOL ST NE, WASHINGTON, DC, 20019</b><br/>Calls at this matched location: <b>1</b><br/>Call dates: 2026-05-11<br/>ZIP: 20019",
                "COL5E3428810B38E742": "1",
                "COL5E3428810B09F441": "20019"
            },
            "id": "5E34287FF600020C"
        },
        {
            "type": "Feature",
            "geometry": {
                "type": "Point",
                "coordinates": [
                    -77.0770552,
                    38.9206812,
                    0
                ]
            },
            "properties": {
                "name": "1 call — 39TH ST NW & BENTON ST NW · 20007",
                "styleUrl": "#__managed_style_074E3397174194EF9201",
                "styleMapHash": {
                    "normal": "#__managed_style_074E3397174194EF9201_normal",
                    "highlight": "#__managed_style_074E3397174194EF9201_highlight"
                },
                "description": "<b>39TH ST NW &amp; BENTON ST NW, WASHINGTON, DC, 20007</b><br/>Calls at this matched location: <b>1</b><br/>Call dates: 2026-04-26<br/>ZIP: 20007",
                "COL5E3428810B38E742": "1",
                "COL5E3428810B09F441": "20007"
            },
            "id": "5E34287FF600020D"
        },
        {
            "type": "Feature",
            "geometry": {
                "type": "Point",
                "coordinates": [
                    -77.0134266,
                    38.8148006,
                    0
                ]
            },
            "properties": {
                "name": "1 call — 4 DC VILLAGE LN SW · 20032",
                "styleUrl": "#__managed_style_074E3397174194EF9201",
                "styleMapHash": {
                    "normal": "#__managed_style_074E3397174194EF9201_normal",
                    "highlight": "#__managed_style_074E3397174194EF9201_highlight"
                },
                "description": "<b>4 DC VILLAGE LN SW, WASHINGTON, DC, 20032</b><br/>Calls at this matched location: <b>1</b><br/>Call dates: 2026-04-23<br/>ZIP: 20032",
                "COL5E3428810B38E742": "1",
                "COL5E3428810B09F441": "20032"
            },
            "id": "5E34287FF600020E"
        },
        {
            "type": "Feature",
            "geometry": {
                "type": "Point",
                "coordinates": [
                    -76.9308889,
                    38.8838862,
                    0
                ]
            },
            "properties": {
                "name": "1 call — 400 50TH ST SE · 20019",
                "styleUrl": "#__managed_style_074E3397174194EF9201",
                "styleMapHash": {
                    "normal": "#__managed_style_074E3397174194EF9201_normal",
                    "highlight": "#__managed_style_074E3397174194EF9201_highlight"
                },
                "description": "<b>400 50TH ST SE, WASHINGTON, DC, 20019</b><br/>Calls at this matched location: <b>1</b><br/>Call dates: 2026-08-17<br/>ZIP: 20019",
                "COL5E3428810B38E742": "1",
                "COL5E3428810B09F441": "20019"
            },
            "id": "5E34287FF600020F"
        },
        {
            "type": "Feature",
            "geometry": {
                "type": "Point",
                "coordinates": [
                    -77.0007846,
                    38.9407995,
                    0
                ]
            },
            "properties": {
                "name": "1 call — 400 TAYLOR ST NE · 20017",
                "styleUrl": "#__managed_style_074E3397174194EF9201",
                "styleMapHash": {
                    "normal": "#__managed_style_074E3397174194EF9201_normal",
                    "highlight": "#__managed_style_074E3397174194EF9201_highlight"
                },
                "description": "<b>400 TAYLOR ST NE, WASHINGTON, DC, 20017</b><br/>Calls at this matched location: <b>1</b><br/>Call dates: 2026-08-17<br/>ZIP: 20017",
                "COL5E3428810B38E742": "1",
                "COL5E3428810B09F441": "20017"
            },
            "id": "5E34287FF6000210"
        },
        {
            "type": "Feature",
            "geometry": {
                "type": "Point",
                "coordinates": [
                    -76.9509074,
                    38.8844533,
                    0
                ]
            },
            "properties": {
                "name": "1 call — 403 37TH PL SE · 20019",
                "styleUrl": "#__managed_style_074E3397174194EF9201",
                "styleMapHash": {
                    "normal": "#__managed_style_074E3397174194EF9201_normal",
                    "highlight": "#__managed_style_074E3397174194EF9201_highlight"
                },
                "description": "<b>403 37TH PL SE, WASHINGTON, DC, 20019</b><br/>Calls at this matched location: <b>1</b><br/>Call dates: 2026-06-18<br/>ZIP: 20019",
                "COL5E3428810B38E742": "1",
                "COL5E3428810B09F441": "20019"
            },
            "id": "5E34287FF6000211"
        },
        {
            "type": "Feature",
            "geometry": {
                "type": "Point",
                "coordinates": [
                    -76.9955468,
                    38.9397391,
                    0
                ]
            },
            "properties": {
                "name": "1 call — 4030 7TH ST NE · 20017",
                "styleUrl": "#__managed_style_074E3397174194EF9201",
                "styleMapHash": {
                    "normal": "#__managed_style_074E3397174194EF9201_normal",
                    "highlight": "#__managed_style_074E3397174194EF9201_highlight"
                },
                "description": "<b>4030 7TH ST NE, WASHINGTON, DC, 20017</b><br/>Calls at this matched location: <b>1</b><br/>Call dates: 2026-08-08<br/>ZIP: 20017",
                "COL5E3428810B38E742": "1",
                "COL5E3428810B09F441": "20017"
            },
            "id": "5E34287FF6000212"
        },
        {
            "type": "Feature",
            "geometry": {
                "type": "Point",
                "coordinates": [
                    -76.9463656,
                    38.8837059,
                    0
                ]
            },
            "properties": {
                "name": "1 call — 4043 ELY PL SE · 20019",
                "styleUrl": "#__managed_style_074E3397174194EF9201",
                "styleMapHash": {
                    "normal": "#__managed_style_074E3397174194EF9201_normal",
                    "highlight": "#__managed_style_074E3397174194EF9201_highlight"
                },
                "description": "<b>4043 ELY PL SE, WASHINGTON, DC, 20019</b><br/>Calls at this matched location: <b>1</b><br/>Call dates: 2026-06-14<br/>ZIP: 20019",
                "COL5E3428810B38E742": "1",
                "COL5E3428810B09F441": "20019"
            },
            "id": "5E34287FF6000213"
        },
        {
            "type": "Feature",
            "geometry": {
                "type": "Point",
                "coordinates": [
                    -76.9481696,
                    38.8847672,
                    0
                ]
            },
            "properties": {
                "name": "1 call — 405 RIDGE RD SE · 20019",
                "styleUrl": "#__managed_style_074E3397174194EF9201",
                "styleMapHash": {
                    "normal": "#__managed_style_074E3397174194EF9201_normal",
                    "highlight": "#__managed_style_074E3397174194EF9201_highlight"
                },
                "description": "<b>405 RIDGE RD SE, WASHINGTON, DC, 20019</b><br/>Calls at this matched location: <b>1</b><br/>Call dates: 2026-07-12<br/>ZIP: 20019",
                "COL5E3428810B38E742": "1",
                "COL5E3428810B09F441": "20019"
            },
            "id": "5E34287FF6000214"
        },
        {
            "type": "Feature",
            "geometry": {
                "type": "Point",
                "coordinates": [
                    -76.9469699,
                    38.8973724,
                    0
                ]
            },
            "properties": {
                "name": "1 call — 4089 MINNESOTA AVE NE · 20019",
                "styleUrl": "#__managed_style_074E3397174194EF9201",
                "styleMapHash": {
                    "normal": "#__managed_style_074E3397174194EF9201_normal",
                    "highlight": "#__managed_style_074E3397174194EF9201_highlight"
                },
                "description": "<b>4089 MINNESOTA AVE NE, WASHINGTON, DC, 20019</b><br/>Calls at this matched location: <b>1</b><br/>Call dates: 2026-06-08<br/>ZIP: 20019",
                "COL5E3428810B38E742": "1",
                "COL5E3428810B09F441": "20019"
            },
            "id": "5E34287FF6000215"
        },
        {
            "type": "Feature",
            "geometry": {
                "type": "Point",
                "coordinates": [
                    -77.0107033,
                    38.9104335,
                    0
                ]
            },
            "properties": {
                "name": "1 call — 41 BATES ST NW · 20001",
                "styleUrl": "#__managed_style_074E3397174194EF9201",
                "styleMapHash": {
                    "normal": "#__managed_style_074E3397174194EF9201_normal",
                    "highlight": "#__managed_style_074E3397174194EF9201_highlight"
                },
                "description": "<b>41 BATES ST NW, WASHINGTON, DC, 20001</b><br/>Calls at this matched location: <b>1</b><br/>Call dates: 2026-04-21<br/>ZIP: 20001",
                "COL5E3428810B38E742": "1",
                "COL5E3428810B09F441": "20001"
            },
            "id": "5E34287FF6000216"
        },
        {
            "type": "Feature",
            "geometry": {
                "type": "Point",
                "coordinates": [
                    -77.0171633,
                    38.9412394,
                    0
                ]
            },
            "properties": {
                "name": "1 call — 4114 4TH ST NW · 20011",
                "styleUrl": "#__managed_style_074E3397174194EF9201",
                "styleMapHash": {
                    "normal": "#__managed_style_074E3397174194EF9201_normal",
                    "highlight": "#__managed_style_074E3397174194EF9201_highlight"
                },
                "description": "<b>4114 4TH ST NW, WASHINGTON, DC, 20011</b><br/>Calls at this matched location: <b>1</b><br/>Call dates: 2026-05-20<br/>ZIP: 20011",
                "COL5E3428810B38E742": "1",
                "COL5E3428810B09F441": "20011"
            },
            "id": "5E34287FF6000217"
        },
        {
            "type": "Feature",
            "geometry": {
                "type": "Point",
                "coordinates": [
                    -77.0178132,
                    38.9499448,
                    0
                ]
            },
            "properties": {
                "name": "1 call — 412 EMERSON ST NW · 20011",
                "styleUrl": "#__managed_style_074E3397174194EF9201",
                "styleMapHash": {
                    "normal": "#__managed_style_074E3397174194EF9201_normal",
                    "highlight": "#__managed_style_074E3397174194EF9201_highlight"
                },
                "description": "<b>412 EMERSON ST NW, WASHINGTON, DC, 20011</b><br/>Calls at this matched location: <b>1</b><br/>Call dates: 2026-07-29<br/>ZIP: 20011",
                "COL5E3428810B38E742": "1",
                "COL5E3428810B09F441": "20011"
            },
            "id": "5E34287FF6000218"
        },
        {
            "type": "Feature",
            "geometry": {
                "type": "Point",
                "coordinates": [
                    -77.0182376,
                    38.956436,
                    0
                ]
            },
            "properties": {
                "name": "1 call — 418 KENNEDY ST NW · 20011",
                "styleUrl": "#__managed_style_074E3397174194EF9201",
                "styleMapHash": {
                    "normal": "#__managed_style_074E3397174194EF9201_normal",
                    "highlight": "#__managed_style_074E3397174194EF9201_highlight"
                },
                "description": "<b>418 KENNEDY ST NW, WASHINGTON, DC, 20011</b><br/>Calls at this matched location: <b>1</b><br/>Call dates: 2026-08-10<br/>ZIP: 20011",
                "COL5E3428810B38E742": "1",
                "COL5E3428810B09F441": "20011"
            },
            "id": "5E34287FF6000219"
        },
        {
            "type": "Feature",
            "geometry": {
                "type": "Point",
                "coordinates": [
                    -77.0174437,
                    38.9421621,
                    0
                ]
            },
            "properties": {
                "name": "1 call — 419 UPSHUR ST NW · 20011",
                "styleUrl": "#__managed_style_074E3397174194EF9201",
                "styleMapHash": {
                    "normal": "#__managed_style_074E3397174194EF9201_normal",
                    "highlight": "#__managed_style_074E3397174194EF9201_highlight"
                },
                "description": "<b>419 UPSHUR ST NW, WASHINGTON, DC, 20011</b><br/>Calls at this matched location: <b>1</b><br/>Call dates: 2026-06-09<br/>ZIP: 20011",
                "COL5E3428810B38E742": "1",
                "COL5E3428810B09F441": "20011"
            },
            "id": "5E34287FF600021A"
        },
        {
            "type": "Feature",
            "geometry": {
                "type": "Point",
                "coordinates": [
                    -77.0006402,
                    38.8284493,
                    0
                ]
            },
            "properties": {
                "name": "1 call — 4219 4TH ST SE · 20032",
                "styleUrl": "#__managed_style_074E3397174194EF9201",
                "styleMapHash": {
                    "normal": "#__managed_style_074E3397174194EF9201_normal",
                    "highlight": "#__managed_style_074E3397174194EF9201_highlight"
                },
                "description": "<b>4219 4TH ST SE, WASHINGTON, DC, 20032</b><br/>Calls at this matched location: <b>1</b><br/>Call dates: 2026-07-22<br/>ZIP: 20032",
                "COL5E3428810B38E742": "1",
                "COL5E3428810B09F441": "20032"
            },
            "id": "5E34287FF600021B"
        },
        {
            "type": "Feature",
            "geometry": {
                "type": "Point",
                "coordinates": [
                    -76.9998111,
                    38.8317627,
                    0
                ]
            },
            "properties": {
                "name": "1 call — 422 CONDON TER SE · 20032",
                "styleUrl": "#__managed_style_074E3397174194EF9201",
                "styleMapHash": {
                    "normal": "#__managed_style_074E3397174194EF9201_normal",
                    "highlight": "#__managed_style_074E3397174194EF9201_highlight"
                },
                "description": "<b>422 CONDON TER SE, WASHINGTON, DC, 20032</b><br/>Calls at this matched location: <b>1</b><br/>Call dates: 2026-07-24<br/>ZIP: 20032",
                "COL5E3428810B38E742": "1",
                "COL5E3428810B09F441": "20032"
            },
            "id": "5E34287FF600021C"
        },
        {
            "type": "Feature",
            "geometry": {
                "type": "Point",
                "coordinates": [
                    -76.9742499,
                    38.9410353,
                    0
                ]
            },
            "properties": {
                "name": "1 call — 4226 22ND ST NE · 20018",
                "styleUrl": "#__managed_style_074E3397174194EF9201",
                "styleMapHash": {
                    "normal": "#__managed_style_074E3397174194EF9201_normal",
                    "highlight": "#__managed_style_074E3397174194EF9201_highlight"
                },
                "description": "<b>4226 22ND ST NE, WASHINGTON, DC, 20018</b><br/>Calls at this matched location: <b>1</b><br/>Call dates: 2026-06-24<br/>ZIP: 20018",
                "COL5E3428810B38E742": "1",
                "COL5E3428810B09F441": "20018"
            },
            "id": "5E34287FF600021D"
        },
        {
            "type": "Feature",
            "geometry": {
                "type": "Point",
                "coordinates": [
                    -76.9418303,
                    38.8984275,
                    0
                ]
            },
            "properties": {
                "name": "1 call — 4242 GRANT ST NE · 20019",
                "styleUrl": "#__managed_style_074E3397174194EF9201",
                "styleMapHash": {
                    "normal": "#__managed_style_074E3397174194EF9201_normal",
                    "highlight": "#__managed_style_074E3397174194EF9201_highlight"
                },
                "description": "<b>4242 GRANT ST NE, WASHINGTON, DC, 20019</b><br/>Calls at this matched location: <b>1</b><br/>Call dates: 2026-05-14<br/>ZIP: 20019",
                "COL5E3428810B38E742": "1",
                "COL5E3428810B09F441": "20019"
            },
            "id": "5E34287FF600021E"
        },
        {
            "type": "Feature",
            "geometry": {
                "type": "Point",
                "coordinates": [
                    -77.017519,
                    38.9389448,
                    0
                ]
            },
            "properties": {
                "name": "1 call — 425 RANDOLPH ST NW · 20011",
                "styleUrl": "#__managed_style_074E3397174194EF9201",
                "styleMapHash": {
                    "normal": "#__managed_style_074E3397174194EF9201_normal",
                    "highlight": "#__managed_style_074E3397174194EF9201_highlight"
                },
                "description": "<b>425 RANDOLPH ST NW, WASHINGTON, DC, 20011</b><br/>Calls at this matched location: <b>1</b><br/>Call dates: 2026-05-01<br/>ZIP: 20011",
                "COL5E3428810B38E742": "1",
                "COL5E3428810B09F441": "20011"
            },
            "id": "5E34287FF600021F"
        },
        {
            "type": "Feature",
            "geometry": {
                "type": "Point",
                "coordinates": [
                    -77.0001348,
                    38.8263381,
                    0
                ]
            },
            "properties": {
                "name": "1 call — 4254 4TH ST SE · 20032",
                "styleUrl": "#__managed_style_074E3397174194EF9201",
                "styleMapHash": {
                    "normal": "#__managed_style_074E3397174194EF9201_normal",
                    "highlight": "#__managed_style_074E3397174194EF9201_highlight"
                },
                "description": "<b>4254 4TH ST SE, WASHINGTON, DC, 20032</b><br/>Calls at this matched location: <b>1</b><br/>Call dates: 2026-06-29<br/>ZIP: 20032",
                "COL5E3428810B38E742": "1",
                "COL5E3428810B09F441": "20032"
            },
            "id": "5E34287FF6000220"
        },
        {
            "type": "Feature",
            "geometry": {
                "type": "Point",
                "coordinates": [
                    -77.0004655,
                    38.9407995,
                    0
                ]
            },
            "properties": {
                "name": "1 call — 430 TAYLOR ST NE · 20017",
                "styleUrl": "#__managed_style_074E3397174194EF9201",
                "styleMapHash": {
                    "normal": "#__managed_style_074E3397174194EF9201_normal",
                    "highlight": "#__managed_style_074E3397174194EF9201_highlight"
                },
                "description": "<b>430 TAYLOR ST NE, WASHINGTON, DC, 20017</b><br/>Calls at this matched location: <b>1</b><br/>Call dates: 2026-07-14<br/>ZIP: 20017",
                "COL5E3428810B38E742": "1",
                "COL5E3428810B09F441": "20017"
            },
            "id": "5E34287FF6000221"
        },
        {
            "type": "Feature",
            "geometry": {
                "type": "Point",
                "coordinates": [
                    -76.9413363,
                    38.9112192,
                    0
                ]
            },
            "properties": {
                "name": "1 call — 4301 DOUGLAS ST NE · 20019",
                "styleUrl": "#__managed_style_074E3397174194EF9201",
                "styleMapHash": {
                    "normal": "#__managed_style_074E3397174194EF9201_normal",
                    "highlight": "#__managed_style_074E3397174194EF9201_highlight"
                },
                "description": "<b>4301 DOUGLAS ST NE, WASHINGTON, DC, 20019</b><br/>Calls at this matched location: <b>1</b><br/>Call dates: 2026-06-03<br/>ZIP: 20019",
                "COL5E3428810B38E742": "1",
                "COL5E3428810B09F441": "20019"
            },
            "id": "5E34287FF6000222"
        },
        {
            "type": "Feature",
            "geometry": {
                "type": "Point",
                "coordinates": [
                    -77.0077478,
                    38.8277349,
                    0
                ]
            },
            "properties": {
                "name": "1 call — 4301 S CAPITOL ST SW · 20032",
                "styleUrl": "#__managed_style_074E3397174194EF9201",
                "styleMapHash": {
                    "normal": "#__managed_style_074E3397174194EF9201_normal",
                    "highlight": "#__managed_style_074E3397174194EF9201_highlight"
                },
                "description": "<b>4301 S CAPITOL ST SW, WASHINGTON, DC, 20032</b><br/>Calls at this matched location: <b>1</b><br/>Call dates: 2026-04-11<br/>ZIP: 20032",
                "COL5E3428810B38E742": "1",
                "COL5E3428810B09F441": "20032"
            },
            "id": "5E34287FF6000223"
        },
        {
            "type": "Feature",
            "geometry": {
                "type": "Point",
                "coordinates": [
                    -77.0066576,
                    38.8277004,
                    0
                ]
            },
            "properties": {
                "name": "1 call — 4302 HALLEY TER SE · 20032",
                "styleUrl": "#__managed_style_074E3397174194EF9201",
                "styleMapHash": {
                    "normal": "#__managed_style_074E3397174194EF9201_normal",
                    "highlight": "#__managed_style_074E3397174194EF9201_highlight"
                },
                "description": "<b>4302 HALLEY TER SE, WASHINGTON, DC, 20032</b><br/>Calls at this matched location: <b>1</b><br/>Call dates: 2026-03-03<br/>ZIP: 20032",
                "COL5E3428810B38E742": "1",
                "COL5E3428810B09F441": "20032"
            },
            "id": "5E34287FF6000224"
        },
        {
            "type": "Feature",
            "geometry": {
                "type": "Point",
                "coordinates": [
                    -76.9435018,
                    38.8857555,
                    0
                ]
            },
            "properties": {
                "name": "1 call — 4330 DUBOIS PL SE · 20019",
                "styleUrl": "#__managed_style_074E3397174194EF9201",
                "styleMapHash": {
                    "normal": "#__managed_style_074E3397174194EF9201_normal",
                    "highlight": "#__managed_style_074E3397174194EF9201_highlight"
                },
                "description": "<b>4330 DUBOIS PL SE, WASHINGTON, DC, 20019</b><br/>Calls at this matched location: <b>1</b><br/>Call dates: 2026-04-28<br/>ZIP: 20019",
                "COL5E3428810B38E742": "1",
                "COL5E3428810B09F441": "20019"
            },
            "id": "5E34287FF6000225"
        },
        {
            "type": "Feature",
            "geometry": {
                "type": "Point",
                "coordinates": [
                    -76.9404788,
                    38.8822969,
                    0
                ]
            },
            "properties": {
                "name": "1 call — 4334 CHAPLIN ST SE · 20019",
                "styleUrl": "#__managed_style_074E3397174194EF9201",
                "styleMapHash": {
                    "normal": "#__managed_style_074E3397174194EF9201_normal",
                    "highlight": "#__managed_style_074E3397174194EF9201_highlight"
                },
                "description": "<b>4334 CHAPLIN ST SE, WASHINGTON, DC, 20019</b><br/>Calls at this matched location: <b>1</b><br/>Call dates: 2026-04-03<br/>ZIP: 20019",
                "COL5E3428810B38E742": "1",
                "COL5E3428810B09F441": "20019"
            },
            "id": "5E34287FF6000226"
        },
        {
            "type": "Feature",
            "geometry": {
                "type": "Point",
                "coordinates": [
                    -77.0003592,
                    38.9407995,
                    0
                ]
            },
            "properties": {
                "name": "1 call — 440 TAYLOR ST NE · 20017",
                "styleUrl": "#__managed_style_074E3397174194EF9201",
                "styleMapHash": {
                    "normal": "#__managed_style_074E3397174194EF9201_normal",
                    "highlight": "#__managed_style_074E3397174194EF9201_highlight"
                },
                "description": "<b>440 TAYLOR ST NE, WASHINGTON, DC, 20017</b><br/>Calls at this matched location: <b>1</b><br/>Call dates: 2026-06-29<br/>ZIP: 20017",
                "COL5E3428810B38E742": "1",
                "COL5E3428810B09F441": "20017"
            },
            "id": "5E34287FF6000227"
        },
        {
            "type": "Feature",
            "geometry": {
                "type": "Point",
                "coordinates": [
                    -76.9393009,
                    38.8823001,
                    0
                ]
            },
            "properties": {
                "name": "1 call — 4400 FALLS TER SE · 20019",
                "styleUrl": "#__managed_style_074E3397174194EF9201",
                "styleMapHash": {
                    "normal": "#__managed_style_074E3397174194EF9201_normal",
                    "highlight": "#__managed_style_074E3397174194EF9201_highlight"
                },
                "description": "<b>4400 FALLS TER SE, WASHINGTON, DC, 20019</b><br/>Calls at this matched location: <b>1</b><br/>Call dates: 2026-05-19<br/>ZIP: 20019",
                "COL5E3428810B38E742": "1",
                "COL5E3428810B09F441": "20019"
            },
            "id": "5E34287FF6000228"
        },
        {
            "type": "Feature",
            "geometry": {
                "type": "Point",
                "coordinates": [
                    -77.0200923,
                    38.9443338,
                    0
                ]
            },
            "properties": {
                "name": "1 call — 4414 ILLINOIS AVE NW · 20011",
                "styleUrl": "#__managed_style_074E3397174194EF9201",
                "styleMapHash": {
                    "normal": "#__managed_style_074E3397174194EF9201_normal",
                    "highlight": "#__managed_style_074E3397174194EF9201_highlight"
                },
                "description": "<b>4414 ILLINOIS AVE NW, WASHINGTON, DC, 20011</b><br/>Calls at this matched location: <b>1</b><br/>Call dates: 2026-05-19<br/>ZIP: 20011",
                "COL5E3428810B38E742": "1",
                "COL5E3428810B09F441": "20011"
            },
            "id": "5E34287FF6000229"
        },
        {
            "type": "Feature",
            "geometry": {
                "type": "Point",
                "coordinates": [
                    -76.9386905,
                    38.8822627,
                    0
                ]
            },
            "properties": {
                "name": "1 call — 4417 FALLS TER SE · 20019",
                "styleUrl": "#__managed_style_074E3397174194EF9201",
                "styleMapHash": {
                    "normal": "#__managed_style_074E3397174194EF9201_normal",
                    "highlight": "#__managed_style_074E3397174194EF9201_highlight"
                },
                "description": "<b>4417 FALLS TER SE, WASHINGTON, DC, 20019</b><br/>Calls at this matched location: <b>1</b><br/>Call dates: 2026-06-24<br/>ZIP: 20019",
                "COL5E3428810B38E742": "1",
                "COL5E3428810B09F441": "20019"
            },
            "id": "5E34287FF600022A"
        },
        {
            "type": "Feature",
            "geometry": {
                "type": "Point",
                "coordinates": [
                    -76.9413396,
                    38.8836775,
                    0
                ]
            },
            "properties": {
                "name": "1 call — 4417 TEXAS AVE SE · 20019",
                "styleUrl": "#__managed_style_074E3397174194EF9201",
                "styleMapHash": {
                    "normal": "#__managed_style_074E3397174194EF9201_normal",
                    "highlight": "#__managed_style_074E3397174194EF9201_highlight"
                },
                "description": "<b>4417 TEXAS AVE SE, WASHINGTON, DC, 20019</b><br/>Calls at this matched location: <b>1</b><br/>Call dates: 2026-08-09<br/>ZIP: 20019",
                "COL5E3428810B38E742": "1",
                "COL5E3428810B09F441": "20019"
            },
            "id": "5E34287FF600022B"
        },
        {
            "type": "Feature",
            "geometry": {
                "type": "Point",
                "coordinates": [
                    -76.9362782,
                    38.8834619,
                    0
                ]
            },
            "properties": {
                "name": "1 call — 4444 E ST SE · 20019",
                "styleUrl": "#__managed_style_074E3397174194EF9201",
                "styleMapHash": {
                    "normal": "#__managed_style_074E3397174194EF9201_normal",
                    "highlight": "#__managed_style_074E3397174194EF9201_highlight"
                },
                "description": "<b>4444 E ST SE, WASHINGTON, DC, 20019</b><br/>Calls at this matched location: <b>1</b><br/>Call dates: 2026-05-23<br/>ZIP: 20019",
                "COL5E3428810B38E742": "1",
                "COL5E3428810B09F441": "20019"
            },
            "id": "5E34287FF600022C"
        },
        {
            "type": "Feature",
            "geometry": {
                "type": "Point",
                "coordinates": [
                    -77.0174275,
                    38.9005445,
                    0
                ]
            },
            "properties": {
                "name": "1 call — 450 MASSACHUSETTS AVE NW · 20001",
                "styleUrl": "#__managed_style_074E3397174194EF9201",
                "styleMapHash": {
                    "normal": "#__managed_style_074E3397174194EF9201_normal",
                    "highlight": "#__managed_style_074E3397174194EF9201_highlight"
                },
                "description": "<b>450 MASSACHUSETTS AVE NW, WASHINGTON, DC, 20001</b><br/>Calls at this matched location: <b>1</b><br/>Call dates: 2026-07-21<br/>ZIP: 20001",
                "COL5E3428810B38E742": "1",
                "COL5E3428810B09F441": "20001"
            },
            "id": "5E34287FF600022D"
        },
        {
            "type": "Feature",
            "geometry": {
                "type": "Point",
                "coordinates": [
                    -77.0015099,
                    38.8250528,
                    0
                ]
            },
            "properties": {
                "name": "1 call — 4501 3RD ST SE · 20032",
                "styleUrl": "#__managed_style_074E3397174194EF9201",
                "styleMapHash": {
                    "normal": "#__managed_style_074E3397174194EF9201_normal",
                    "highlight": "#__managed_style_074E3397174194EF9201_highlight"
                },
                "description": "<b>4501 3RD ST SE, WASHINGTON, DC, 20032</b><br/>Calls at this matched location: <b>1</b><br/>Call dates: 2026-04-18<br/>ZIP: 20032",
                "COL5E3428810B38E742": "1",
                "COL5E3428810B09F441": "20032"
            },
            "id": "5E34287FF600022E"
        },
        {
            "type": "Feature",
            "geometry": {
                "type": "Point",
                "coordinates": [
                    -76.9371115,
                    38.8765664,
                    0
                ]
            },
            "properties": {
                "name": "1 call — 4501 ALABAMA AVE SE · 20019",
                "styleUrl": "#__managed_style_074E3397174194EF9201",
                "styleMapHash": {
                    "normal": "#__managed_style_074E3397174194EF9201_normal",
                    "highlight": "#__managed_style_074E3397174194EF9201_highlight"
                },
                "description": "<b>4501 ALABAMA AVE SE, WASHINGTON, DC, 20019</b><br/>Calls at this matched location: <b>1</b><br/>Call dates: 2026-08-17<br/>ZIP: 20019",
                "COL5E3428810B38E742": "1",
                "COL5E3428810B09F441": "20019"
            },
            "id": "5E34287FF600022F"
        },
        {
            "type": "Feature",
            "geometry": {
                "type": "Point",
                "coordinates": [
                    -76.9375162,
                    38.8945495,
                    0
                ]
            },
            "properties": {
                "name": "1 call — 4515 DIX ST NE · 20019",
                "styleUrl": "#__managed_style_074E3397174194EF9201",
                "styleMapHash": {
                    "normal": "#__managed_style_074E3397174194EF9201_normal",
                    "highlight": "#__managed_style_074E3397174194EF9201_highlight"
                },
                "description": "<b>4515 DIX ST NE, WASHINGTON, DC, 20019</b><br/>Calls at this matched location: <b>1</b><br/>Call dates: 2026-08-18<br/>ZIP: 20019",
                "COL5E3428810B38E742": "1",
                "COL5E3428810B09F441": "20019"
            },
            "id": "5E34287FF6000230"
        },
        {
            "type": "Feature",
            "geometry": {
                "type": "Point",
                "coordinates": [
                    -76.9375107,
                    38.8938617,
                    0
                ]
            },
            "properties": {
                "name": "1 call — 4517 CLAY ST NE · 20019",
                "styleUrl": "#__managed_style_074E3397174194EF9201",
                "styleMapHash": {
                    "normal": "#__managed_style_074E3397174194EF9201_normal",
                    "highlight": "#__managed_style_074E3397174194EF9201_highlight"
                },
                "description": "<b>4517 CLAY ST NE, WASHINGTON, DC, 20019</b><br/>Calls at this matched location: <b>1</b><br/>Call dates: 2026-06-12<br/>ZIP: 20019",
                "COL5E3428810B38E742": "1",
                "COL5E3428810B09F441": "20019"
            },
            "id": "5E34287FF6000231"
        },
        {
            "type": "Feature",
            "geometry": {
                "type": "Point",
                "coordinates": [
                    -76.9374883,
                    38.8945461,
                    0
                ]
            },
            "properties": {
                "name": "1 call — 4517 DIX ST NE · 20019",
                "styleUrl": "#__managed_style_074E3397174194EF9201",
                "styleMapHash": {
                    "normal": "#__managed_style_074E3397174194EF9201_normal",
                    "highlight": "#__managed_style_074E3397174194EF9201_highlight"
                },
                "description": "<b>4517 DIX ST NE, WASHINGTON, DC, 20019</b><br/>Calls at this matched location: <b>1</b><br/>Call dates: 2026-05-01<br/>ZIP: 20019",
                "COL5E3428810B38E742": "1",
                "COL5E3428810B09F441": "20019"
            },
            "id": "5E34287FF6000232"
        },
        {
            "type": "Feature",
            "geometry": {
                "type": "Point",
                "coordinates": [
                    -77.0207856,
                    38.9454447,
                    0
                ]
            },
            "properties": {
                "name": "1 call — 4520 ILLINOIS AVE NW · 20011",
                "styleUrl": "#__managed_style_074E3397174194EF9201",
                "styleMapHash": {
                    "normal": "#__managed_style_074E3397174194EF9201_normal",
                    "highlight": "#__managed_style_074E3397174194EF9201_highlight"
                },
                "description": "<b>4520 ILLINOIS AVE NW, WASHINGTON, DC, 20011</b><br/>Calls at this matched location: <b>1</b><br/>Call dates: 2026-06-08<br/>ZIP: 20011",
                "COL5E3428810B38E742": "1",
                "COL5E3428810B09F441": "20011"
            },
            "id": "5E34287FF6000233"
        },
        {
            "type": "Feature",
            "geometry": {
                "type": "Point",
                "coordinates": [
                    -77.0662952,
                    38.9491036,
                    0
                ]
            },
            "properties": {
                "name": "1 call — 4545 CONNECTICUT AVE NW · 20008",
                "styleUrl": "#__managed_style_074E3397174194EF9201",
                "styleMapHash": {
                    "normal": "#__managed_style_074E3397174194EF9201_normal",
                    "highlight": "#__managed_style_074E3397174194EF9201_highlight"
                },
                "description": "<b>4545 CONNECTICUT AVE NW, WASHINGTON, DC, 20008</b><br/>Calls at this matched location: <b>1</b><br/>Call dates: 2026-07-26<br/>ZIP: 20008",
                "COL5E3428810B38E742": "1",
                "COL5E3428810B09F441": "20008"
            },
            "id": "5E34287FF6000234"
        },
        {
            "type": "Feature",
            "geometry": {
                "type": "Point",
                "coordinates": [
                    -76.9358722,
                    38.9116013,
                    0
                ]
            },
            "properties": {
                "name": "1 call — 4556 QUARLES ST NE · 20019",
                "styleUrl": "#__managed_style_074E3397174194EF9201",
                "styleMapHash": {
                    "normal": "#__managed_style_074E3397174194EF9201_normal",
                    "highlight": "#__managed_style_074E3397174194EF9201_highlight"
                },
                "description": "<b>4556 QUARLES ST NE, WASHINGTON, DC, 20019</b><br/>Calls at this matched location: <b>1</b><br/>Call dates: 2026-08-13<br/>ZIP: 20019",
                "COL5E3428810B38E742": "1",
                "COL5E3428810B09F441": "20019"
            },
            "id": "5E34287FF6000235"
        },
        {
            "type": "Feature",
            "geometry": {
                "type": "Point",
                "coordinates": [
                    -76.9368268,
                    38.8995506,
                    0
                ]
            },
            "properties": {
                "name": "1 call — 4561 NANNIE HELEN BURROUGHS AVE NE · 20019",
                "styleUrl": "#__managed_style_074E3397174194EF9201",
                "styleMapHash": {
                    "normal": "#__managed_style_074E3397174194EF9201_normal",
                    "highlight": "#__managed_style_074E3397174194EF9201_highlight"
                },
                "description": "<b>4561 NANNIE HELEN BURROUGHS AVE NE, WASHINGTON, DC, 20019</b><br/>Calls at this matched location: <b>1</b><br/>Call dates: 2026-05-06<br/>ZIP: 20019",
                "COL5E3428810B38E742": "1",
                "COL5E3428810B09F441": "20019"
            },
            "id": "5E34287FF6000236"
        },
        {
            "type": "Feature",
            "geometry": {
                "type": "Point",
                "coordinates": [
                    -76.9365078,
                    38.8875434,
                    0
                ]
            },
            "properties": {
                "name": "1 call — 4600 BENNING RD SE · 20019",
                "styleUrl": "#__managed_style_074E3397174194EF9201",
                "styleMapHash": {
                    "normal": "#__managed_style_074E3397174194EF9201_normal",
                    "highlight": "#__managed_style_074E3397174194EF9201_highlight"
                },
                "description": "<b>4600 BENNING RD SE, WASHINGTON, DC, 20019</b><br/>Calls at this matched location: <b>1</b><br/>Call dates: 2026-08-14<br/>ZIP: 20019",
                "COL5E3428810B38E742": "1",
                "COL5E3428810B09F441": "20019"
            },
            "id": "5E34287FF6000237"
        },
        {
            "type": "Feature",
            "geometry": {
                "type": "Point",
                "coordinates": [
                    -76.9353486,
                    38.8789271,
                    0
                ]
            },
            "properties": {
                "name": "1 call — 4600 HANNA PL SE · 20019",
                "styleUrl": "#__managed_style_074E3397174194EF9201",
                "styleMapHash": {
                    "normal": "#__managed_style_074E3397174194EF9201_normal",
                    "highlight": "#__managed_style_074E3397174194EF9201_highlight"
                },
                "description": "<b>4600 HANNA PL SE, WASHINGTON, DC, 20019</b><br/>Calls at this matched location: <b>1</b><br/>Call dates: 2026-08-14<br/>ZIP: 20019",
                "COL5E3428810B38E742": "1",
                "COL5E3428810B09F441": "20019"
            },
            "id": "5E34287FF6000238"
        },
        {
            "type": "Feature",
            "geometry": {
                "type": "Point",
                "coordinates": [
                    -77.0124289,
                    38.8246634,
                    0
                ]
            },
            "properties": {
                "name": "1 call — 4601 MARTIN LUTHER KING JR AVE SW · 20032",
                "styleUrl": "#__managed_style_074E3397174194EF9201",
                "styleMapHash": {
                    "normal": "#__managed_style_074E3397174194EF9201_normal",
                    "highlight": "#__managed_style_074E3397174194EF9201_highlight"
                },
                "description": "<b>4601 MARTIN LUTHER KING JR AVE SW, WASHINGTON, DC, 20032</b><br/>Calls at this matched location: <b>1</b><br/>Call dates: 2026-06-11<br/>ZIP: 20032",
                "COL5E3428810B38E742": "1",
                "COL5E3428810B09F441": "20032"
            },
            "id": "5E34287FF6000239"
        },
        {
            "type": "Feature",
            "geometry": {
                "type": "Point",
                "coordinates": [
                    -76.9358039,
                    38.88031,
                    0
                ]
            },
            "properties": {
                "name": "1 call — 4611 G ST SE · 20019",
                "styleUrl": "#__managed_style_074E3397174194EF9201",
                "styleMapHash": {
                    "normal": "#__managed_style_074E3397174194EF9201_normal",
                    "highlight": "#__managed_style_074E3397174194EF9201_highlight"
                },
                "description": "<b>4611 G ST SE, WASHINGTON, DC, 20019</b><br/>Calls at this matched location: <b>1</b><br/>Call dates: 2026-06-29<br/>ZIP: 20019",
                "COL5E3428810B38E742": "1",
                "COL5E3428810B09F441": "20019"
            },
            "id": "5E34287FF600023A"
        },
        {
            "type": "Feature",
            "geometry": {
                "type": "Point",
                "coordinates": [
                    -76.9335954,
                    38.8765395,
                    0
                ]
            },
            "properties": {
                "name": "1 call — 4614 HILLSIDE RD SE · 20019",
                "styleUrl": "#__managed_style_074E3397174194EF9201",
                "styleMapHash": {
                    "normal": "#__managed_style_074E3397174194EF9201_normal",
                    "highlight": "#__managed_style_074E3397174194EF9201_highlight"
                },
                "description": "<b>4614 HILLSIDE RD SE, WASHINGTON, DC, 20019</b><br/>Calls at this matched location: <b>1</b><br/>Call dates: 2026-07-31<br/>ZIP: 20019",
                "COL5E3428810B38E742": "1",
                "COL5E3428810B09F441": "20019"
            },
            "id": "5E34287FF600023B"
        },
        {
            "type": "Feature",
            "geometry": {
                "type": "Point",
                "coordinates": [
                    -76.9997606,
                    38.82365,
                    0
                ]
            },
            "properties": {
                "name": "1 call — 4621 6TH ST SE · 20032",
                "styleUrl": "#__managed_style_074E3397174194EF9201",
                "styleMapHash": {
                    "normal": "#__managed_style_074E3397174194EF9201_normal",
                    "highlight": "#__managed_style_074E3397174194EF9201_highlight"
                },
                "description": "<b>4621 6TH ST SE, WASHINGTON, DC, 20032</b><br/>Calls at this matched location: <b>1</b><br/>Call dates: 2026-05-22<br/>ZIP: 20032",
                "COL5E3428810B38E742": "1",
                "COL5E3428810B09F441": "20032"
            },
            "id": "5E34287FF600023C"
        },
        {
            "type": "Feature",
            "geometry": {
                "type": "Point",
                "coordinates": [
                    -76.935816,
                    38.88556,
                    0
                ]
            },
            "properties": {
                "name": "1 call — 4625 BENNING RD SE · 20019",
                "styleUrl": "#__managed_style_074E3397174194EF9201",
                "styleMapHash": {
                    "normal": "#__managed_style_074E3397174194EF9201_normal",
                    "highlight": "#__managed_style_074E3397174194EF9201_highlight"
                },
                "description": "<b>4625 BENNING RD SE, WASHINGTON, DC, 20019</b><br/>Calls at this matched location: <b>1</b><br/>Call dates: 2026-05-08<br/>ZIP: 20019",
                "COL5E3428810B38E742": "1",
                "COL5E3428810B09F441": "20019"
            },
            "id": "5E34287FF600023D"
        },
        {
            "type": "Feature",
            "geometry": {
                "type": "Point",
                "coordinates": [
                    -77.0018531,
                    38.8232801,
                    0
                ]
            },
            "properties": {
                "name": "1 call — 4632 LIVINGSTON RD SE · 20032",
                "styleUrl": "#__managed_style_074E3397174194EF9201",
                "styleMapHash": {
                    "normal": "#__managed_style_074E3397174194EF9201_normal",
                    "highlight": "#__managed_style_074E3397174194EF9201_highlight"
                },
                "description": "<b>4632 LIVINGSTON RD SE, WASHINGTON, DC, 20032</b><br/>Calls at this matched location: <b>1</b><br/>Call dates: 2026-05-09<br/>ZIP: 20032",
                "COL5E3428810B38E742": "1",
                "COL5E3428810B09F441": "20032"
            },
            "id": "5E34287FF600023E"
        },
        {
            "type": "Feature",
            "geometry": {
                "type": "Point",
                "coordinates": [
                    -76.9354689,
                    38.8896459,
                    0
                ]
            },
            "properties": {
                "name": "1 call — 4635 E CAPITOL ST SE · 20019",
                "styleUrl": "#__managed_style_074E3397174194EF9201",
                "styleMapHash": {
                    "normal": "#__managed_style_074E3397174194EF9201_normal",
                    "highlight": "#__managed_style_074E3397174194EF9201_highlight"
                },
                "description": "<b>4635 E CAPITOL ST SE, WASHINGTON, DC, 20019</b><br/>Calls at this matched location: <b>1</b><br/>Call dates: 2026-04-09<br/>ZIP: 20019",
                "COL5E3428810B38E742": "1",
                "COL5E3428810B09F441": "20019"
            },
            "id": "5E34287FF600023F"
        },
        {
            "type": "Feature",
            "geometry": {
                "type": "Point",
                "coordinates": [
                    -76.9353384,
                    38.8896459,
                    0
                ]
            },
            "properties": {
                "name": "1 call — 4643 E CAPITOL ST SE · 20019",
                "styleUrl": "#__managed_style_074E3397174194EF9201",
                "styleMapHash": {
                    "normal": "#__managed_style_074E3397174194EF9201_normal",
                    "highlight": "#__managed_style_074E3397174194EF9201_highlight"
                },
                "description": "<b>4643 E CAPITOL ST SE, WASHINGTON, DC, 20019</b><br/>Calls at this matched location: <b>1</b><br/>Call dates: 2026-04-11<br/>ZIP: 20019",
                "COL5E3428810B38E742": "1",
                "COL5E3428810B09F441": "20019"
            },
            "id": "5E34287FF6000240"
        },
        {
            "type": "Feature",
            "geometry": {
                "type": "Point",
                "coordinates": [
                    -76.9350732,
                    38.8807398,
                    0
                ]
            },
            "properties": {
                "name": "1 call — 4648 G ST SE · 20019",
                "styleUrl": "#__managed_style_074E3397174194EF9201",
                "styleMapHash": {
                    "normal": "#__managed_style_074E3397174194EF9201_normal",
                    "highlight": "#__managed_style_074E3397174194EF9201_highlight"
                },
                "description": "<b>4648 G ST SE, WASHINGTON, DC, 20019</b><br/>Calls at this matched location: <b>1</b><br/>Call dates: 2026-05-12<br/>ZIP: 20019",
                "COL5E3428810B38E742": "1",
                "COL5E3428810B09F441": "20019"
            },
            "id": "5E34287FF6000241"
        },
        {
            "type": "Feature",
            "geometry": {
                "type": "Point",
                "coordinates": [
                    -76.9354029,
                    38.8859762,
                    0
                ]
            },
            "properties": {
                "name": "1 call — 4730 C ST SE · 20019",
                "styleUrl": "#__managed_style_074E3397174194EF9201",
                "styleMapHash": {
                    "normal": "#__managed_style_074E3397174194EF9201_normal",
                    "highlight": "#__managed_style_074E3397174194EF9201_highlight"
                },
                "description": "<b>4730 C ST SE, WASHINGTON, DC, 20019</b><br/>Calls at this matched location: <b>1</b><br/>Call dates: 2026-03-04<br/>ZIP: 20019",
                "COL5E3428810B38E742": "1",
                "COL5E3428810B09F441": "20019"
            },
            "id": "5E34287FF6000242"
        },
        {
            "type": "Feature",
            "geometry": {
                "type": "Point",
                "coordinates": [
                    -77.0073035,
                    38.8209464,
                    0
                ]
            },
            "properties": {
                "name": "1 call — 4769 S CAPITOL TER SW · 20032",
                "styleUrl": "#__managed_style_074E3397174194EF9201",
                "styleMapHash": {
                    "normal": "#__managed_style_074E3397174194EF9201_normal",
                    "highlight": "#__managed_style_074E3397174194EF9201_highlight"
                },
                "description": "<b>4769 S CAPITOL TER SW, WASHINGTON, DC, 20032</b><br/>Calls at this matched location: <b>1</b><br/>Call dates: 2026-07-10<br/>ZIP: 20032",
                "COL5E3428810B38E742": "1",
                "COL5E3428810B09F441": "20032"
            },
            "id": "5E34287FF6000243"
        },
        {
            "type": "Feature",
            "geometry": {
                "type": "Point",
                "coordinates": [
                    -76.9394595,
                    38.8823554,
                    0
                ]
            },
            "properties": {
                "name": "1 call — 4816 ALABAMA AVE SE · 20019",
                "styleUrl": "#__managed_style_074E3397174194EF9201",
                "styleMapHash": {
                    "normal": "#__managed_style_074E3397174194EF9201_normal",
                    "highlight": "#__managed_style_074E3397174194EF9201_highlight"
                },
                "description": "<b>4816 ALABAMA AVE SE, WASHINGTON, DC, 20019</b><br/>Calls at this matched location: <b>1</b><br/>Call dates: 2026-04-08<br/>ZIP: 20019",
                "COL5E3428810B38E742": "1",
                "COL5E3428810B09F441": "20019"
            },
            "id": "5E34287FF6000244"
        },
        {
            "type": "Feature",
            "geometry": {
                "type": "Point",
                "coordinates": [
                    -77.0063913,
                    38.9488367,
                    0
                ]
            },
            "properties": {
                "name": "1 call — 4828 FORT TOTTEN DR NE · 20011",
                "styleUrl": "#__managed_style_074E3397174194EF9201",
                "styleMapHash": {
                    "normal": "#__managed_style_074E3397174194EF9201_normal",
                    "highlight": "#__managed_style_074E3397174194EF9201_highlight"
                },
                "description": "<b>4828 FORT TOTTEN DR NE, WASHINGTON, DC, 20011</b><br/>Calls at this matched location: <b>1</b><br/>Call dates: 2026-06-27<br/>ZIP: 20011",
                "COL5E3428810B38E742": "1",
                "COL5E3428810B09F441": "20011"
            },
            "id": "5E34287FF6000245"
        },
        {
            "type": "Feature",
            "geometry": {
                "type": "Point",
                "coordinates": [
                    -76.9998275,
                    38.9407995,
                    0
                ]
            },
            "properties": {
                "name": "1 call — 490 TAYLOR ST NE · 20017",
                "styleUrl": "#__managed_style_074E3397174194EF9201",
                "styleMapHash": {
                    "normal": "#__managed_style_074E3397174194EF9201_normal",
                    "highlight": "#__managed_style_074E3397174194EF9201_highlight"
                },
                "description": "<b>490 TAYLOR ST NE, WASHINGTON, DC, 20017</b><br/>Calls at this matched location: <b>1</b><br/>Call dates: 2026-07-10<br/>ZIP: 20017",
                "COL5E3428810B38E742": "1",
                "COL5E3428810B09F441": "20017"
            },
            "id": "5E34287FF6000246"
        },
        {
            "type": "Feature",
            "geometry": {
                "type": "Point",
                "coordinates": [
                    -77.0174367,
                    38.9501295,
                    0
                ]
            },
            "properties": {
                "name": "1 call — 4907 4TH ST NW · 20011",
                "styleUrl": "#__managed_style_074E3397174194EF9201",
                "styleMapHash": {
                    "normal": "#__managed_style_074E3397174194EF9201_normal",
                    "highlight": "#__managed_style_074E3397174194EF9201_highlight"
                },
                "description": "<b>4907 4TH ST NW, WASHINGTON, DC, 20011</b><br/>Calls at this matched location: <b>1</b><br/>Call dates: 2026-06-05<br/>ZIP: 20011",
                "COL5E3428810B38E742": "1",
                "COL5E3428810B09F441": "20011"
            },
            "id": "5E34287FF6000247"
        },
        {
            "type": "Feature",
            "geometry": {
                "type": "Point",
                "coordinates": [
                    -76.995734,
                    38.9485056,
                    0
                ]
            },
            "properties": {
                "name": "1 call — 4909 7TH PL NE · 20017",
                "styleUrl": "#__managed_style_074E3397174194EF9201",
                "styleMapHash": {
                    "normal": "#__managed_style_074E3397174194EF9201_normal",
                    "highlight": "#__managed_style_074E3397174194EF9201_highlight"
                },
                "description": "<b>4909 7TH PL NE, WASHINGTON, DC, 20017</b><br/>Calls at this matched location: <b>1</b><br/>Call dates: 2026-05-10<br/>ZIP: 20017",
                "COL5E3428810B38E742": "1",
                "COL5E3428810B09F441": "20017"
            },
            "id": "5E34287FF6000248"
        },
        {
            "type": "Feature",
            "geometry": {
                "type": "Point",
                "coordinates": [
                    -76.9308804,
                    38.9061247,
                    0
                ]
            },
            "properties": {
                "name": "1 call — 4910 MEADE ST NE · 20019",
                "styleUrl": "#__managed_style_074E3397174194EF9201",
                "styleMapHash": {
                    "normal": "#__managed_style_074E3397174194EF9201_normal",
                    "highlight": "#__managed_style_074E3397174194EF9201_highlight"
                },
                "description": "<b>4910 MEADE ST NE, WASHINGTON, DC, 20019</b><br/>Calls at this matched location: <b>1</b><br/>Call dates: 2026-04-06<br/>ZIP: 20019",
                "COL5E3428810B38E742": "1",
                "COL5E3428810B09F441": "20019"
            },
            "id": "5E34287FF6000249"
        },
        {
            "type": "Feature",
            "geometry": {
                "type": "Point",
                "coordinates": [
                    -77.0140066,
                    38.950304,
                    0
                ]
            },
            "properties": {
                "name": "1 call — 4912 NEW HAMPSHIRE AVE NW · 20011",
                "styleUrl": "#__managed_style_074E3397174194EF9201",
                "styleMapHash": {
                    "normal": "#__managed_style_074E3397174194EF9201_normal",
                    "highlight": "#__managed_style_074E3397174194EF9201_highlight"
                },
                "description": "<b>4912 NEW HAMPSHIRE AVE NW, WASHINGTON, DC, 20011</b><br/>Calls at this matched location: <b>1</b><br/>Call dates: 2026-06-07<br/>ZIP: 20011",
                "COL5E3428810B38E742": "1",
                "COL5E3428810B09F441": "20011"
            },
            "id": "5E34287FF600024A"
        },
        {
            "type": "Feature",
            "geometry": {
                "type": "Point",
                "coordinates": [
                    -76.9317746,
                    38.8810671,
                    0
                ]
            },
            "properties": {
                "name": "1 call — 4923 G ST SE · 20019",
                "styleUrl": "#__managed_style_074E3397174194EF9201",
                "styleMapHash": {
                    "normal": "#__managed_style_074E3397174194EF9201_normal",
                    "highlight": "#__managed_style_074E3397174194EF9201_highlight"
                },
                "description": "<b>4923 G ST SE, WASHINGTON, DC, 20019</b><br/>Calls at this matched location: <b>1</b><br/>Call dates: 2026-06-12<br/>ZIP: 20019",
                "COL5E3428810B38E742": "1",
                "COL5E3428810B09F441": "20019"
            },
            "id": "5E34287FF600024B"
        },
        {
            "type": "Feature",
            "geometry": {
                "type": "Point",
                "coordinates": [
                    -77.0695653,
                    38.9544399,
                    0
                ]
            },
            "properties": {
                "name": "1 call — 4930 CONNECTICUT AVE NW · 20008",
                "styleUrl": "#__managed_style_074E3397174194EF9201",
                "styleMapHash": {
                    "normal": "#__managed_style_074E3397174194EF9201_normal",
                    "highlight": "#__managed_style_074E3397174194EF9201_highlight"
                },
                "description": "<b>4930 CONNECTICUT AVE NW, WASHINGTON, DC, 20008</b><br/>Calls at this matched location: <b>1</b><br/>Call dates: 2026-04-30<br/>ZIP: 20008",
                "COL5E3428810B38E742": "1",
                "COL5E3428810B09F441": "20008"
            },
            "id": "5E34287FF600024C"
        },
        {
            "type": "Feature",
            "geometry": {
                "type": "Point",
                "coordinates": [
                    -76.9309383,
                    38.8970955,
                    0
                ]
            },
            "properties": {
                "name": "1 call — 4934 FOOTE ST NE · 20019",
                "styleUrl": "#__managed_style_074E3397174194EF9201",
                "styleMapHash": {
                    "normal": "#__managed_style_074E3397174194EF9201_normal",
                    "highlight": "#__managed_style_074E3397174194EF9201_highlight"
                },
                "description": "<b>4934 FOOTE ST NE, WASHINGTON, DC, 20019</b><br/>Calls at this matched location: <b>1</b><br/>Call dates: 2026-05-19<br/>ZIP: 20019",
                "COL5E3428810B38E742": "1",
                "COL5E3428810B09F441": "20019"
            },
            "id": "5E34287FF600024D"
        },
        {
            "type": "Feature",
            "geometry": {
                "type": "Point",
                "coordinates": [
                    -76.9904825,
                    38.9496954,
                    0
                ]
            },
            "properties": {
                "name": "1 call — 4955 12TH ST NE · 20017",
                "styleUrl": "#__managed_style_074E3397174194EF9201",
                "styleMapHash": {
                    "normal": "#__managed_style_074E3397174194EF9201_normal",
                    "highlight": "#__managed_style_074E3397174194EF9201_highlight"
                },
                "description": "<b>4955 12TH ST NE, WASHINGTON, DC, 20017</b><br/>Calls at this matched location: <b>1</b><br/>Call dates: 2026-07-09<br/>ZIP: 20017",
                "COL5E3428810B38E742": "1",
                "COL5E3428810B09F441": "20017"
            },
            "id": "5E34287FF600024E"
        },
        {
            "type": "Feature",
            "geometry": {
                "type": "Point",
                "coordinates": [
                    -76.9314195,
                    38.8807958,
                    0
                ]
            },
            "properties": {
                "name": "1 call — 4957 G ST SE · 20019",
                "styleUrl": "#__managed_style_074E3397174194EF9201",
                "styleMapHash": {
                    "normal": "#__managed_style_074E3397174194EF9201_normal",
                    "highlight": "#__managed_style_074E3397174194EF9201_highlight"
                },
                "description": "<b>4957 G ST SE, WASHINGTON, DC, 20019</b><br/>Calls at this matched location: <b>1</b><br/>Call dates: 2026-08-03<br/>ZIP: 20019",
                "COL5E3428810B38E742": "1",
                "COL5E3428810B09F441": "20019"
            },
            "id": "5E34287FF600024F"
        },
        {
            "type": "Feature",
            "geometry": {
                "type": "Point",
                "coordinates": [
                    -77.0005777,
                    38.8865892,
                    0
                ]
            },
            "properties": {
                "name": "1 call — 4TH ST SE & PENNSYLVANIA AVE SE · 20003",
                "styleUrl": "#__managed_style_074E3397174194EF9201",
                "styleMapHash": {
                    "normal": "#__managed_style_074E3397174194EF9201_normal",
                    "highlight": "#__managed_style_074E3397174194EF9201_highlight"
                },
                "description": "<b>4TH ST SE &amp; PENNSYLVANIA AVE SE, WASHINGTON, DC, 20003</b><br/>Calls at this matched location: <b>1</b><br/>Call dates: 2026-05-04<br/>ZIP: 20003",
                "COL5E3428810B38E742": "1",
                "COL5E3428810B09F441": "20003"
            },
            "id": "5E34287FF6000250"
        },
        {
            "type": "Feature",
            "geometry": {
                "type": "Point",
                "coordinates": [
                    -77.0151103,
                    38.8961859,
                    0
                ]
            },
            "properties": {
                "name": "1 call — 501 3RD ST NW · 20001",
                "styleUrl": "#__managed_style_074E3397174194EF9201",
                "styleMapHash": {
                    "normal": "#__managed_style_074E3397174194EF9201_normal",
                    "highlight": "#__managed_style_074E3397174194EF9201_highlight"
                },
                "description": "<b>501 3RD ST NW, WASHINGTON, DC, 20001</b><br/>Calls at this matched location: <b>1</b><br/>Call dates: 2026-07-08<br/>ZIP: 20001",
                "COL5E3428810B38E742": "1",
                "COL5E3428810B09F441": "20001"
            },
            "id": "5E34287FF6000251"
        },
        {
            "type": "Feature",
            "geometry": {
                "type": "Point",
                "coordinates": [
                    -76.9296148,
                    38.8887108,
                    0
                ]
            },
            "properties": {
                "name": "1 call — 5010 AYERS PL SE · 20019",
                "styleUrl": "#__managed_style_074E3397174194EF9201",
                "styleMapHash": {
                    "normal": "#__managed_style_074E3397174194EF9201_normal",
                    "highlight": "#__managed_style_074E3397174194EF9201_highlight"
                },
                "description": "<b>5010 AYERS PL SE, WASHINGTON, DC, 20019</b><br/>Calls at this matched location: <b>1</b><br/>Call dates: 2026-05-28<br/>ZIP: 20019",
                "COL5E3428810B38E742": "1",
                "COL5E3428810B09F441": "20019"
            },
            "id": "5E34287FF6000252"
        },
        {
            "type": "Feature",
            "geometry": {
                "type": "Point",
                "coordinates": [
                    -76.9309038,
                    38.876184,
                    0
                ]
            },
            "properties": {
                "name": "1 call — 5010 SOUTHERN AVE SE · 20019",
                "styleUrl": "#__managed_style_074E3397174194EF9201",
                "styleMapHash": {
                    "normal": "#__managed_style_074E3397174194EF9201_normal",
                    "highlight": "#__managed_style_074E3397174194EF9201_highlight"
                },
                "description": "<b>5010 SOUTHERN AVE SE, WASHINGTON, DC, 20019</b><br/>Calls at this matched location: <b>1</b><br/>Call dates: 2026-07-31<br/>ZIP: 20019",
                "COL5E3428810B38E742": "1",
                "COL5E3428810B09F441": "20019"
            },
            "id": "5E34287FF6000253"
        },
        {
            "type": "Feature",
            "geometry": {
                "type": "Point",
                "coordinates": [
                    -76.9287403,
                    38.9018925,
                    0
                ]
            },
            "properties": {
                "name": "1 call — 5016 JAY ST NE · 20019",
                "styleUrl": "#__managed_style_074E3397174194EF9201",
                "styleMapHash": {
                    "normal": "#__managed_style_074E3397174194EF9201_normal",
                    "highlight": "#__managed_style_074E3397174194EF9201_highlight"
                },
                "description": "<b>5016 JAY ST NE, WASHINGTON, DC, 20019</b><br/>Calls at this matched location: <b>1</b><br/>Call dates: 2026-05-03<br/>ZIP: 20019",
                "COL5E3428810B38E742": "1",
                "COL5E3428810B09F441": "20019"
            },
            "id": "5E34287FF6000254"
        },
        {
            "type": "Feature",
            "geometry": {
                "type": "Point",
                "coordinates": [
                    -77.019567,
                    38.9512342,
                    0
                ]
            },
            "properties": {
                "name": "1 call — 5017 5TH ST NW · 20011",
                "styleUrl": "#__managed_style_074E3397174194EF9201",
                "styleMapHash": {
                    "normal": "#__managed_style_074E3397174194EF9201_normal",
                    "highlight": "#__managed_style_074E3397174194EF9201_highlight"
                },
                "description": "<b>5017 5TH ST NW, WASHINGTON, DC, 20011</b><br/>Calls at this matched location: <b>1</b><br/>Call dates: 2026-04-08<br/>ZIP: 20011",
                "COL5E3428810B38E742": "1",
                "COL5E3428810B09F441": "20011"
            },
            "id": "5E34287FF7000255"
        },
        {
            "type": "Feature",
            "geometry": {
                "type": "Point",
                "coordinates": [
                    -77.0088563,
                    38.9513545,
                    0
                ]
            },
            "properties": {
                "name": "1 call — 5021 N CAPITOL ST NE · 20011",
                "styleUrl": "#__managed_style_074E3397174194EF9201",
                "styleMapHash": {
                    "normal": "#__managed_style_074E3397174194EF9201_normal",
                    "highlight": "#__managed_style_074E3397174194EF9201_highlight"
                },
                "description": "<b>5021 N CAPITOL ST NE, WASHINGTON, DC, 20011</b><br/>Calls at this matched location: <b>1</b><br/>Call dates: 2026-07-11<br/>ZIP: 20011",
                "COL5E3428810B38E742": "1",
                "COL5E3428810B09F441": "20011"
            },
            "id": "5E34287FF7000256"
        },
        {
            "type": "Feature",
            "geometry": {
                "type": "Point",
                "coordinates": [
                    -76.991768,
                    38.9509479,
                    0
                ]
            },
            "properties": {
                "name": "1 call — 5030 11TH ST NE · 20017",
                "styleUrl": "#__managed_style_074E3397174194EF9201",
                "styleMapHash": {
                    "normal": "#__managed_style_074E3397174194EF9201_normal",
                    "highlight": "#__managed_style_074E3397174194EF9201_highlight"
                },
                "description": "<b>5030 11TH ST NE, WASHINGTON, DC, 20017</b><br/>Calls at this matched location: <b>1</b><br/>Call dates: 2026-04-11<br/>ZIP: 20017",
                "COL5E3428810B38E742": "1",
                "COL5E3428810B09F441": "20017"
            },
            "id": "5E34287FF7000257"
        },
        {
            "type": "Feature",
            "geometry": {
                "type": "Point",
                "coordinates": [
                    -76.9298789,
                    38.8852628,
                    0
                ]
            },
            "properties": {
                "name": "1 call — 5032 C ST SE · 20019",
                "styleUrl": "#__managed_style_074E3397174194EF9201",
                "styleMapHash": {
                    "normal": "#__managed_style_074E3397174194EF9201_normal",
                    "highlight": "#__managed_style_074E3397174194EF9201_highlight"
                },
                "description": "<b>5032 C ST SE, WASHINGTON, DC, 20019</b><br/>Calls at this matched location: <b>1</b><br/>Call dates: 2026-05-20<br/>ZIP: 20019",
                "COL5E3428810B38E742": "1",
                "COL5E3428810B09F441": "20019"
            },
            "id": "5E34287FF7000258"
        },
        {
            "type": "Feature",
            "geometry": {
                "type": "Point",
                "coordinates": [
                    -77.0200558,
                    38.9564994,
                    0
                ]
            },
            "properties": {
                "name": "1 call — 509 KENNEDY ST NW · 20011",
                "styleUrl": "#__managed_style_074E3397174194EF9201",
                "styleMapHash": {
                    "normal": "#__managed_style_074E3397174194EF9201_normal",
                    "highlight": "#__managed_style_074E3397174194EF9201_highlight"
                },
                "description": "<b>509 KENNEDY ST NW, WASHINGTON, DC, 20011</b><br/>Calls at this matched location: <b>1</b><br/>Call dates: 2026-07-13<br/>ZIP: 20011",
                "COL5E3428810B38E742": "1",
                "COL5E3428810B09F441": "20011"
            },
            "id": "5E34287FF7000259"
        },
        {
            "type": "Feature",
            "geometry": {
                "type": "Point",
                "coordinates": [
                    -76.9272204,
                    38.8984095,
                    0
                ]
            },
            "properties": {
                "name": "1 call — 5110 NANNIE HELEN BURROUGHS AVE NE · 20019",
                "styleUrl": "#__managed_style_074E3397174194EF9201",
                "styleMapHash": {
                    "normal": "#__managed_style_074E3397174194EF9201_normal",
                    "highlight": "#__managed_style_074E3397174194EF9201_highlight"
                },
                "description": "<b>5110 NANNIE HELEN BURROUGHS AVE NE, WASHINGTON, DC, 20019</b><br/>Calls at this matched location: <b>1</b><br/>Call dates: 2026-04-11<br/>ZIP: 20019",
                "COL5E3428810B38E742": "1",
                "COL5E3428810B09F441": "20019"
            },
            "id": "5E34287FF700025A"
        },
        {
            "type": "Feature",
            "geometry": {
                "type": "Point",
                "coordinates": [
                    -77.0196898,
                    38.9462678,
                    0
                ]
            },
            "properties": {
                "name": "1 call — 512 BUCHANAN ST NW · 20011",
                "styleUrl": "#__managed_style_074E3397174194EF9201",
                "styleMapHash": {
                    "normal": "#__managed_style_074E3397174194EF9201_normal",
                    "highlight": "#__managed_style_074E3397174194EF9201_highlight"
                },
                "description": "<b>512 BUCHANAN ST NW, WASHINGTON, DC, 20011</b><br/>Calls at this matched location: <b>1</b><br/>Call dates: 2026-05-13<br/>ZIP: 20011",
                "COL5E3428810B38E742": "1",
                "COL5E3428810B09F441": "20011"
            },
            "id": "5E34287FF700025B"
        },
        {
            "type": "Feature",
            "geometry": {
                "type": "Point",
                "coordinates": [
                    -76.9990249,
                    38.9236342,
                    0
                ]
            },
            "properties": {
                "name": "1 call — 515 EDGEWOOD ST NE · 20017",
                "styleUrl": "#__managed_style_074E3397174194EF9201",
                "styleMapHash": {
                    "normal": "#__managed_style_074E3397174194EF9201_normal",
                    "highlight": "#__managed_style_074E3397174194EF9201_highlight"
                },
                "description": "<b>515 EDGEWOOD ST NE, WASHINGTON, DC, 20017</b><br/>Calls at this matched location: <b>1</b><br/>Call dates: 2026-05-05<br/>ZIP: 20017",
                "COL5E3428810B38E742": "1",
                "COL5E3428810B09F441": "20017"
            },
            "id": "5E34287FF700025C"
        },
        {
            "type": "Feature",
            "geometry": {
                "type": "Point",
                "coordinates": [
                    -76.9953576,
                    38.953943,
                    0
                ]
            },
            "properties": {
                "name": "1 call — 5163 7TH ST NE · 20011",
                "styleUrl": "#__managed_style_074E3397174194EF9201",
                "styleMapHash": {
                    "normal": "#__managed_style_074E3397174194EF9201_normal",
                    "highlight": "#__managed_style_074E3397174194EF9201_highlight"
                },
                "description": "<b>5163 7TH ST NE, WASHINGTON, DC, 20011</b><br/>Calls at this matched location: <b>1</b><br/>Call dates: 2026-06-09<br/>ZIP: 20011",
                "COL5E3428810B38E742": "1",
                "COL5E3428810B09F441": "20011"
            },
            "id": "5E34287FF700025D"
        },
        {
            "type": "Feature",
            "geometry": {
                "type": "Point",
                "coordinates": [
                    -77.0202168,
                    38.9660739,
                    0
                ]
            },
            "properties": {
                "name": "1 call — 520 SHERIDAN ST NW · 20011",
                "styleUrl": "#__managed_style_074E3397174194EF9201",
                "styleMapHash": {
                    "normal": "#__managed_style_074E3397174194EF9201_normal",
                    "highlight": "#__managed_style_074E3397174194EF9201_highlight"
                },
                "description": "<b>520 SHERIDAN ST NW, WASHINGTON, DC, 20011</b><br/>Calls at this matched location: <b>1</b><br/>Call dates: 2026-08-16<br/>ZIP: 20011",
                "COL5E3428810B38E742": "1",
                "COL5E3428810B09F441": "20011"
            },
            "id": "5E34287FF700025E"
        },
        {
            "type": "Feature",
            "geometry": {
                "type": "Point",
                "coordinates": [
                    -76.9272646,
                    38.8927385,
                    0
                ]
            },
            "properties": {
                "name": "1 call — 5217 BANKS PL NE · 20019",
                "styleUrl": "#__managed_style_074E3397174194EF9201",
                "styleMapHash": {
                    "normal": "#__managed_style_074E3397174194EF9201_normal",
                    "highlight": "#__managed_style_074E3397174194EF9201_highlight"
                },
                "description": "<b>5217 BANKS PL NE, WASHINGTON, DC, 20019</b><br/>Calls at this matched location: <b>1</b><br/>Call dates: 2026-06-16<br/>ZIP: 20019",
                "COL5E3428810B38E742": "1",
                "COL5E3428810B09F441": "20019"
            },
            "id": "5E34287FF700025F"
        },
        {
            "type": "Feature",
            "geometry": {
                "type": "Point",
                "coordinates": [
                    -76.973623,
                    38.8966345,
                    0
                ]
            },
            "properties": {
                "name": "1 call — 522 23RD PL NE · 20002",
                "styleUrl": "#__managed_style_074E3397174194EF9201",
                "styleMapHash": {
                    "normal": "#__managed_style_074E3397174194EF9201_normal",
                    "highlight": "#__managed_style_074E3397174194EF9201_highlight"
                },
                "description": "<b>522 23RD PL NE, WASHINGTON, DC, 20002</b><br/>Calls at this matched location: <b>1</b><br/>Call dates: 2026-07-27<br/>ZIP: 20002",
                "COL5E3428810B38E742": "1",
                "COL5E3428810B09F441": "20002"
            },
            "id": "5E34287FF7000260"
        },
        {
            "type": "Feature",
            "geometry": {
                "type": "Point",
                "coordinates": [
                    -76.9995848,
                    38.8823693,
                    0
                ]
            },
            "properties": {
                "name": "1 call — 523 5TH ST SE · 20003",
                "styleUrl": "#__managed_style_074E3397174194EF9201",
                "styleMapHash": {
                    "normal": "#__managed_style_074E3397174194EF9201_normal",
                    "highlight": "#__managed_style_074E3397174194EF9201_highlight"
                },
                "description": "<b>523 5TH ST SE, WASHINGTON, DC, 20003</b><br/>Calls at this matched location: <b>1</b><br/>Call dates: 2026-04-08<br/>ZIP: 20003",
                "COL5E3428810B38E742": "1",
                "COL5E3428810B09F441": "20003"
            },
            "id": "5E34287FF7000261"
        },
        {
            "type": "Feature",
            "geometry": {
                "type": "Point",
                "coordinates": [
                    -76.9281453,
                    38.8960981,
                    0
                ]
            },
            "properties": {
                "name": "1 call — 525 50TH PL NE · 20019",
                "styleUrl": "#__managed_style_074E3397174194EF9201",
                "styleMapHash": {
                    "normal": "#__managed_style_074E3397174194EF9201_normal",
                    "highlight": "#__managed_style_074E3397174194EF9201_highlight"
                },
                "description": "<b>525 50TH PL NE, WASHINGTON, DC, 20019</b><br/>Calls at this matched location: <b>1</b><br/>Call dates: 2026-07-29<br/>ZIP: 20019",
                "COL5E3428810B38E742": "1",
                "COL5E3428810B09F441": "20019"
            },
            "id": "5E34287FF7000262"
        },
        {
            "type": "Feature",
            "geometry": {
                "type": "Point",
                "coordinates": [
                    -77.1092918,
                    38.9357955,
                    0
                ]
            },
            "properties": {
                "name": "1 call — 5255 LOUGHBORO RD NW · 20016",
                "styleUrl": "#__managed_style_074E3397174194EF9201",
                "styleMapHash": {
                    "normal": "#__managed_style_074E3397174194EF9201_normal",
                    "highlight": "#__managed_style_074E3397174194EF9201_highlight"
                },
                "description": "<b>5255 LOUGHBORO RD NW, WASHINGTON, DC, 20016</b><br/>Calls at this matched location: <b>1</b><br/>Call dates: 2026-07-12<br/>ZIP: 20016",
                "COL5E3428810B38E742": "1",
                "COL5E3428810B09F441": "20016"
            },
            "id": "5E34287FF7000263"
        },
        {
            "type": "Feature",
            "geometry": {
                "type": "Point",
                "coordinates": [
                    -76.9269094,
                    38.8834716,
                    0
                ]
            },
            "properties": {
                "name": "1 call — 5260 D ST SE · 20019",
                "styleUrl": "#__managed_style_074E3397174194EF9201",
                "styleMapHash": {
                    "normal": "#__managed_style_074E3397174194EF9201_normal",
                    "highlight": "#__managed_style_074E3397174194EF9201_highlight"
                },
                "description": "<b>5260 D ST SE, WASHINGTON, DC, 20019</b><br/>Calls at this matched location: <b>1</b><br/>Call dates: 2026-06-30<br/>ZIP: 20019",
                "COL5E3428810B38E742": "1",
                "COL5E3428810B09F441": "20019"
            },
            "id": "5E34287FF7000264"
        },
        {
            "type": "Feature",
            "geometry": {
                "type": "Point",
                "coordinates": [
                    -76.9259804,
                    38.8898691,
                    0
                ]
            },
            "properties": {
                "name": "1 call — 5300 E CAPITOL ST NE · 20019",
                "styleUrl": "#__managed_style_074E3397174194EF9201",
                "styleMapHash": {
                    "normal": "#__managed_style_074E3397174194EF9201_normal",
                    "highlight": "#__managed_style_074E3397174194EF9201_highlight"
                },
                "description": "<b>5300 E CAPITOL ST NE, WASHINGTON, DC, 20019</b><br/>Calls at this matched location: <b>1</b><br/>Call dates: 2026-05-28<br/>ZIP: 20019",
                "COL5E3428810B38E742": "1",
                "COL5E3428810B09F441": "20019"
            },
            "id": "5E34287FF7000265"
        },
        {
            "type": "Feature",
            "geometry": {
                "type": "Point",
                "coordinates": [
                    -77.0334965,
                    38.9541854,
                    0
                ]
            },
            "properties": {
                "name": "1 call — 5304 14TH ST NW · 20011",
                "styleUrl": "#__managed_style_074E3397174194EF9201",
                "styleMapHash": {
                    "normal": "#__managed_style_074E3397174194EF9201_normal",
                    "highlight": "#__managed_style_074E3397174194EF9201_highlight"
                },
                "description": "<b>5304 14TH ST NW, WASHINGTON, DC, 20011</b><br/>Calls at this matched location: <b>1</b><br/>Call dates: 2026-07-25<br/>ZIP: 20011",
                "COL5E3428810B38E742": "1",
                "COL5E3428810B09F441": "20011"
            },
            "id": "5E34287FF7000266"
        },
        {
            "type": "Feature",
            "geometry": {
                "type": "Point",
                "coordinates": [
                    -77.0136541,
                    38.9547052,
                    0
                ]
            },
            "properties": {
                "name": "1 call — 5316 2ND ST NW · 20011",
                "styleUrl": "#__managed_style_074E3397174194EF9201",
                "styleMapHash": {
                    "normal": "#__managed_style_074E3397174194EF9201_normal",
                    "highlight": "#__managed_style_074E3397174194EF9201_highlight"
                },
                "description": "<b>5316 2ND ST NW, WASHINGTON, DC, 20011</b><br/>Calls at this matched location: <b>1</b><br/>Call dates: 2026-05-11<br/>ZIP: 20011",
                "COL5E3428810B38E742": "1",
                "COL5E3428810B09F441": "20011"
            },
            "id": "5E34287FF7000267"
        },
        {
            "type": "Feature",
            "geometry": {
                "type": "Point",
                "coordinates": [
                    -76.9255256,
                    38.891746,
                    0
                ]
            },
            "properties": {
                "name": "1 call — 5316 BLAINE ST NE · 20019",
                "styleUrl": "#__managed_style_074E3397174194EF9201",
                "styleMapHash": {
                    "normal": "#__managed_style_074E3397174194EF9201_normal",
                    "highlight": "#__managed_style_074E3397174194EF9201_highlight"
                },
                "description": "<b>5316 BLAINE ST NE, WASHINGTON, DC, 20019</b><br/>Calls at this matched location: <b>1</b><br/>Call dates: 2026-05-14<br/>ZIP: 20019",
                "COL5E3428810B38E742": "1",
                "COL5E3428810B09F441": "20019"
            },
            "id": "5E34287FF7000268"
        },
        {
            "type": "Feature",
            "geometry": {
                "type": "Point",
                "coordinates": [
                    -76.9253747,
                    38.8898743,
                    0
                ]
            },
            "properties": {
                "name": "1 call — 5340 E CAPITOL ST NE · 20019",
                "styleUrl": "#__managed_style_074E3397174194EF9201",
                "styleMapHash": {
                    "normal": "#__managed_style_074E3397174194EF9201_normal",
                    "highlight": "#__managed_style_074E3397174194EF9201_highlight"
                },
                "description": "<b>5340 E CAPITOL ST NE, WASHINGTON, DC, 20019</b><br/>Calls at this matched location: <b>1</b><br/>Call dates: 2026-04-22<br/>ZIP: 20019",
                "COL5E3428810B38E742": "1",
                "COL5E3428810B09F441": "20019"
            },
            "id": "5E34287FF7000269"
        },
        {
            "type": "Feature",
            "geometry": {
                "type": "Point",
                "coordinates": [
                    -77.007574,
                    38.823701,
                    0
                ]
            },
            "properties": {
                "name": "1 call — 54 GALVESTON ST SW · 20032",
                "styleUrl": "#__managed_style_074E3397174194EF9201",
                "styleMapHash": {
                    "normal": "#__managed_style_074E3397174194EF9201_normal",
                    "highlight": "#__managed_style_074E3397174194EF9201_highlight"
                },
                "description": "<b>54 GALVESTON ST SW, WASHINGTON, DC, 20032</b><br/>Calls at this matched location: <b>1</b><br/>Call dates: 2026-06-09<br/>ZIP: 20032",
                "COL5E3428810B38E742": "1",
                "COL5E3428810B09F441": "20032"
            },
            "id": "5E34287FF700026A"
        },
        {
            "type": "Feature",
            "geometry": {
                "type": "Point",
                "coordinates": [
                    -76.9240448,
                    38.8830827,
                    0
                ]
            },
            "properties": {
                "name": "1 call — 5408 D ST SE · 20019",
                "styleUrl": "#__managed_style_074E3397174194EF9201",
                "styleMapHash": {
                    "normal": "#__managed_style_074E3397174194EF9201_normal",
                    "highlight": "#__managed_style_074E3397174194EF9201_highlight"
                },
                "description": "<b>5408 D ST SE, WASHINGTON, DC, 20019</b><br/>Calls at this matched location: <b>1</b><br/>Call dates: 2026-05-29<br/>ZIP: 20019",
                "COL5E3428810B38E742": "1",
                "COL5E3428810B09F441": "20019"
            },
            "id": "5E34287FF700026B"
        },
        {
            "type": "Feature",
            "geometry": {
                "type": "Point",
                "coordinates": [
                    -76.9236863,
                    38.8843198,
                    0
                ]
            },
            "properties": {
                "name": "1 call — 5411 C ST SE · 20019",
                "styleUrl": "#__managed_style_074E3397174194EF9201",
                "styleMapHash": {
                    "normal": "#__managed_style_074E3397174194EF9201_normal",
                    "highlight": "#__managed_style_074E3397174194EF9201_highlight"
                },
                "description": "<b>5411 C ST SE, WASHINGTON, DC, 20019</b><br/>Calls at this matched location: <b>1</b><br/>Call dates: 2026-06-01<br/>ZIP: 20019",
                "COL5E3428810B38E742": "1",
                "COL5E3428810B09F441": "20019"
            },
            "id": "5E34287FF700026C"
        },
        {
            "type": "Feature",
            "geometry": {
                "type": "Point",
                "coordinates": [
                    -76.9228774,
                    38.8852575,
                    0
                ]
            },
            "properties": {
                "name": "1 call — 5435 BASS PL SE · 20019",
                "styleUrl": "#__managed_style_074E3397174194EF9201",
                "styleMapHash": {
                    "normal": "#__managed_style_074E3397174194EF9201_normal",
                    "highlight": "#__managed_style_074E3397174194EF9201_highlight"
                },
                "description": "<b>5435 BASS PL SE, WASHINGTON, DC, 20019</b><br/>Calls at this matched location: <b>1</b><br/>Call dates: 2026-06-05<br/>ZIP: 20019",
                "COL5E3428810B38E742": "1",
                "COL5E3428810B09F441": "20019"
            },
            "id": "5E34287FF700026D"
        },
        {
            "type": "Feature",
            "geometry": {
                "type": "Point",
                "coordinates": [
                    -76.9224767,
                    38.8857184,
                    0
                ]
            },
            "properties": {
                "name": "1 call — 5446 B ST SE · 20019",
                "styleUrl": "#__managed_style_074E3397174194EF9201",
                "styleMapHash": {
                    "normal": "#__managed_style_074E3397174194EF9201_normal",
                    "highlight": "#__managed_style_074E3397174194EF9201_highlight"
                },
                "description": "<b>5446 B ST SE, WASHINGTON, DC, 20019</b><br/>Calls at this matched location: <b>1</b><br/>Call dates: 2026-04-30<br/>ZIP: 20019",
                "COL5E3428810B38E742": "1",
                "COL5E3428810B09F441": "20019"
            },
            "id": "5E34287FF700026E"
        },
        {
            "type": "Feature",
            "geometry": {
                "type": "Point",
                "coordinates": [
                    -76.997959,
                    38.8337025,
                    0
                ]
            },
            "properties": {
                "name": "1 call — 548 FOXHALL PL SE · 20032",
                "styleUrl": "#__managed_style_074E3397174194EF9201",
                "styleMapHash": {
                    "normal": "#__managed_style_074E3397174194EF9201_normal",
                    "highlight": "#__managed_style_074E3397174194EF9201_highlight"
                },
                "description": "<b>548 FOXHALL PL SE, WASHINGTON, DC, 20032</b><br/>Calls at this matched location: <b>1</b><br/>Call dates: 2026-07-24<br/>ZIP: 20032",
                "COL5E3428810B38E742": "1",
                "COL5E3428810B09F441": "20032"
            },
            "id": "5E34287FF700026F"
        },
        {
            "type": "Feature",
            "geometry": {
                "type": "Point",
                "coordinates": [
                    -77.007279,
                    38.9473838,
                    0
                ]
            },
            "properties": {
                "name": "1 call — 55 BUCHANAN ST NE · 20011",
                "styleUrl": "#__managed_style_074E3397174194EF9201",
                "styleMapHash": {
                    "normal": "#__managed_style_074E3397174194EF9201_normal",
                    "highlight": "#__managed_style_074E3397174194EF9201_highlight"
                },
                "description": "<b>55 BUCHANAN ST NE, WASHINGTON, DC, 20011</b><br/>Calls at this matched location: <b>1</b><br/>Call dates: 2026-07-12<br/>ZIP: 20011",
                "COL5E3428810B38E742": "1",
                "COL5E3428810B09F441": "20011"
            },
            "id": "5E34287FF7000270"
        },
        {
            "type": "Feature",
            "geometry": {
                "type": "Point",
                "coordinates": [
                    -76.9228046,
                    38.8835072,
                    0
                ]
            },
            "properties": {
                "name": "1 call — 5501 CALL PL SE · 20019",
                "styleUrl": "#__managed_style_074E3397174194EF9201",
                "styleMapHash": {
                    "normal": "#__managed_style_074E3397174194EF9201_normal",
                    "highlight": "#__managed_style_074E3397174194EF9201_highlight"
                },
                "description": "<b>5501 CALL PL SE, WASHINGTON, DC, 20019</b><br/>Calls at this matched location: <b>1</b><br/>Call dates: 2026-08-17<br/>ZIP: 20019",
                "COL5E3428810B38E742": "1",
                "COL5E3428810B09F441": "20019"
            },
            "id": "5E34287FF7000271"
        },
        {
            "type": "Feature",
            "geometry": {
                "type": "Point",
                "coordinates": [
                    -77.0296235,
                    38.9564252,
                    0
                ]
            },
            "properties": {
                "name": "1 call — 5517 13TH ST NW · 20011",
                "styleUrl": "#__managed_style_074E3397174194EF9201",
                "styleMapHash": {
                    "normal": "#__managed_style_074E3397174194EF9201_normal",
                    "highlight": "#__managed_style_074E3397174194EF9201_highlight"
                },
                "description": "<b>5517 13TH ST NW, WASHINGTON, DC, 20011</b><br/>Calls at this matched location: <b>1</b><br/>Call dates: 2026-08-18<br/>ZIP: 20011",
                "COL5E3428810B38E742": "1",
                "COL5E3428810B09F441": "20011"
            },
            "id": "5E34287FF7000272"
        },
        {
            "type": "Feature",
            "geometry": {
                "type": "Point",
                "coordinates": [
                    -76.9974473,
                    38.8817303,
                    0
                ]
            },
            "properties": {
                "name": "1 call — 555L F STREET TER SE · 20003",
                "styleUrl": "#__managed_style_074E3397174194EF9201",
                "styleMapHash": {
                    "normal": "#__managed_style_074E3397174194EF9201_normal",
                    "highlight": "#__managed_style_074E3397174194EF9201_highlight"
                },
                "description": "<b>555L F STREET TER SE, WASHINGTON, DC, 20003</b><br/>Calls at this matched location: <b>1</b><br/>Call dates: 2026-08-04<br/>ZIP: 20003",
                "COL5E3428810B38E742": "1",
                "COL5E3428810B09F441": "20003"
            },
            "id": "5E34287FF7000273"
        },
        {
            "type": "Feature",
            "geometry": {
                "type": "Point",
                "coordinates": [
                    -77.0282595,
                    38.9573549,
                    0
                ]
            },
            "properties": {
                "name": "1 call — 5602 GEORGIA AVE NW · 20011",
                "styleUrl": "#__managed_style_074E3397174194EF9201",
                "styleMapHash": {
                    "normal": "#__managed_style_074E3397174194EF9201_normal",
                    "highlight": "#__managed_style_074E3397174194EF9201_highlight"
                },
                "description": "<b>5602 GEORGIA AVE NW, WASHINGTON, DC, 20011</b><br/>Calls at this matched location: <b>1</b><br/>Call dates: 2026-07-23<br/>ZIP: 20011",
                "COL5E3428810B38E742": "1",
                "COL5E3428810B09F441": "20011"
            },
            "id": "5E34287FF7000274"
        },
        {
            "type": "Feature",
            "geometry": {
                "type": "Point",
                "coordinates": [
                    -76.9985623,
                    38.9585566,
                    0
                ]
            },
            "properties": {
                "name": "1 call — 5707 6TH ST NE · 20011",
                "styleUrl": "#__managed_style_074E3397174194EF9201",
                "styleMapHash": {
                    "normal": "#__managed_style_074E3397174194EF9201_normal",
                    "highlight": "#__managed_style_074E3397174194EF9201_highlight"
                },
                "description": "<b>5707 6TH ST NE, WASHINGTON, DC, 20011</b><br/>Calls at this matched location: <b>1</b><br/>Call dates: 2026-06-04<br/>ZIP: 20011",
                "COL5E3428810B38E742": "1",
                "COL5E3428810B09F441": "20011"
            },
            "id": "5E34287FF7000275"
        },
        {
            "type": "Feature",
            "geometry": {
                "type": "Point",
                "coordinates": [
                    -76.9184586,
                    38.8928409,
                    0
                ]
            },
            "properties": {
                "name": "1 call — 5711 CLAY ST NE · 20019",
                "styleUrl": "#__managed_style_074E3397174194EF9201",
                "styleMapHash": {
                    "normal": "#__managed_style_074E3397174194EF9201_normal",
                    "highlight": "#__managed_style_074E3397174194EF9201_highlight"
                },
                "description": "<b>5711 CLAY ST NE, WASHINGTON, DC, 20019</b><br/>Calls at this matched location: <b>1</b><br/>Call dates: 2026-07-30<br/>ZIP: 20019",
                "COL5E3428810B38E742": "1",
                "COL5E3428810B09F441": "20019"
            },
            "id": "5E34287FF7000276"
        },
        {
            "type": "Feature",
            "geometry": {
                "type": "Point",
                "coordinates": [
                    -77.0181069,
                    38.9595736,
                    0
                ]
            },
            "properties": {
                "name": "1 call — 5724 4TH ST NW · 20011",
                "styleUrl": "#__managed_style_074E3397174194EF9201",
                "styleMapHash": {
                    "normal": "#__managed_style_074E3397174194EF9201_normal",
                    "highlight": "#__managed_style_074E3397174194EF9201_highlight"
                },
                "description": "<b>5724 4TH ST NW, WASHINGTON, DC, 20011</b><br/>Calls at this matched location: <b>1</b><br/>Call dates: 2026-05-11<br/>ZIP: 20011",
                "COL5E3428810B38E742": "1",
                "COL5E3428810B09F441": "20011"
            },
            "id": "5E34287FF7000277"
        },
        {
            "type": "Feature",
            "geometry": {
                "type": "Point",
                "coordinates": [
                    -76.9931671,
                    38.9583633,
                    0
                ]
            },
            "properties": {
                "name": "1 call — 5726 EASTERN AVE NE · 20011",
                "styleUrl": "#__managed_style_074E3397174194EF9201",
                "styleMapHash": {
                    "normal": "#__managed_style_074E3397174194EF9201_normal",
                    "highlight": "#__managed_style_074E3397174194EF9201_highlight"
                },
                "description": "<b>5726 EASTERN AVE NE, WASHINGTON, DC, 20011</b><br/>Calls at this matched location: <b>1</b><br/>Call dates: 2026-06-29<br/>ZIP: 20011",
                "COL5E3428810B38E742": "1",
                "COL5E3428810B09F441": "20011"
            },
            "id": "5E34287FF7000278"
        },
        {
            "type": "Feature",
            "geometry": {
                "type": "Point",
                "coordinates": [
                    -76.9176314,
                    38.8957539,
                    0
                ]
            },
            "properties": {
                "name": "1 call — 5807 EADS ST NE · 20019",
                "styleUrl": "#__managed_style_074E3397174194EF9201",
                "styleMapHash": {
                    "normal": "#__managed_style_074E3397174194EF9201_normal",
                    "highlight": "#__managed_style_074E3397174194EF9201_highlight"
                },
                "description": "<b>5807 EADS ST NE, WASHINGTON, DC, 20019</b><br/>Calls at this matched location: <b>1</b><br/>Call dates: 2026-07-31<br/>ZIP: 20019",
                "COL5E3428810B38E742": "1",
                "COL5E3428810B09F441": "20019"
            },
            "id": "5E34287FF7000279"
        },
        {
            "type": "Feature",
            "geometry": {
                "type": "Point",
                "coordinates": [
                    -77.0028393,
                    38.9613188,
                    0
                ]
            },
            "properties": {
                "name": "1 call — 5900 3RD ST NE · 20011",
                "styleUrl": "#__managed_style_074E3397174194EF9201",
                "styleMapHash": {
                    "normal": "#__managed_style_074E3397174194EF9201_normal",
                    "highlight": "#__managed_style_074E3397174194EF9201_highlight"
                },
                "description": "<b>5900 3RD ST NE, WASHINGTON, DC, 20011</b><br/>Calls at this matched location: <b>1</b><br/>Call dates: 2026-04-01<br/>ZIP: 20011",
                "COL5E3428810B38E742": "1",
                "COL5E3428810B09F441": "20011"
            },
            "id": "5E34287FF700027A"
        },
        {
            "type": "Feature",
            "geometry": {
                "type": "Point",
                "coordinates": [
                    -76.9990033,
                    38.8251901,
                    0
                ]
            },
            "properties": {
                "name": "1 call — 600 FORRESTER ST SE · 20032",
                "styleUrl": "#__managed_style_074E3397174194EF9201",
                "styleMapHash": {
                    "normal": "#__managed_style_074E3397174194EF9201_normal",
                    "highlight": "#__managed_style_074E3397174194EF9201_highlight"
                },
                "description": "<b>600 FORRESTER ST SE, WASHINGTON, DC, 20032</b><br/>Calls at this matched location: <b>1</b><br/>Call dates: 2026-06-17<br/>ZIP: 20032",
                "COL5E3428810B38E742": "1",
                "COL5E3428810B09F441": "20032"
            },
            "id": "5E34287FF700027B"
        },
        {
            "type": "Feature",
            "geometry": {
                "type": "Point",
                "coordinates": [
                    -76.9976253,
                    38.8774689,
                    0
                ]
            },
            "properties": {
                "name": "1 call — 601 L ST SE · 20003",
                "styleUrl": "#__managed_style_074E3397174194EF9201",
                "styleMapHash": {
                    "normal": "#__managed_style_074E3397174194EF9201_normal",
                    "highlight": "#__managed_style_074E3397174194EF9201_highlight"
                },
                "description": "<b>601 L ST SE, WASHINGTON, DC, 20003</b><br/>Calls at this matched location: <b>1</b><br/>Call dates: 2026-04-26<br/>ZIP: 20003",
                "COL5E3428810B38E742": "1",
                "COL5E3428810B09F441": "20003"
            },
            "id": "5E34287FF700027C"
        },
        {
            "type": "Feature",
            "geometry": {
                "type": "Point",
                "coordinates": [
                    -77.0213658,
                    38.9283525,
                    0
                ]
            },
            "properties": {
                "name": "1 call — 607 COLUMBIA RD NW · 20001",
                "styleUrl": "#__managed_style_074E3397174194EF9201",
                "styleMapHash": {
                    "normal": "#__managed_style_074E3397174194EF9201_normal",
                    "highlight": "#__managed_style_074E3397174194EF9201_highlight"
                },
                "description": "<b>607 COLUMBIA RD NW, WASHINGTON, DC, 20001</b><br/>Calls at this matched location: <b>1</b><br/>Call dates: 2026-06-03<br/>ZIP: 20001",
                "COL5E3428810B38E742": "1",
                "COL5E3428810B09F441": "20001"
            },
            "id": "5E34287FF700027D"
        },
        {
            "type": "Feature",
            "geometry": {
                "type": "Point",
                "coordinates": [
                    -76.9985641,
                    38.8257624,
                    0
                ]
            },
            "properties": {
                "name": "1 call — 608 ELMIRA ST SE · 20032",
                "styleUrl": "#__managed_style_074E3397174194EF9201",
                "styleMapHash": {
                    "normal": "#__managed_style_074E3397174194EF9201_normal",
                    "highlight": "#__managed_style_074E3397174194EF9201_highlight"
                },
                "description": "<b>608 ELMIRA ST SE, WASHINGTON, DC, 20032</b><br/>Calls at this matched location: <b>1</b><br/>Call dates: 2026-04-17<br/>ZIP: 20032",
                "COL5E3428810B38E742": "1",
                "COL5E3428810B09F441": "20032"
            },
            "id": "5E34287FF700027E"
        },
        {
            "type": "Feature",
            "geometry": {
                "type": "Point",
                "coordinates": [
                    -77.0217838,
                    38.9672259,
                    0
                ]
            },
            "properties": {
                "name": "1 call — 612 TUCKERMAN ST NW · 20011",
                "styleUrl": "#__managed_style_074E3397174194EF9201",
                "styleMapHash": {
                    "normal": "#__managed_style_074E3397174194EF9201_normal",
                    "highlight": "#__managed_style_074E3397174194EF9201_highlight"
                },
                "description": "<b>612 TUCKERMAN ST NW, WASHINGTON, DC, 20011</b><br/>Calls at this matched location: <b>1</b><br/>Call dates: 2026-06-17<br/>ZIP: 20011",
                "COL5E3428810B38E742": "1",
                "COL5E3428810B09F441": "20011"
            },
            "id": "5E34287FF700027F"
        },
        {
            "type": "Feature",
            "geometry": {
                "type": "Point",
                "coordinates": [
                    -76.9971611,
                    38.8333575,
                    0
                ]
            },
            "properties": {
                "name": "1 call — 617 CONDON TER SE · 20032",
                "styleUrl": "#__managed_style_074E3397174194EF9201",
                "styleMapHash": {
                    "normal": "#__managed_style_074E3397174194EF9201_normal",
                    "highlight": "#__managed_style_074E3397174194EF9201_highlight"
                },
                "description": "<b>617 CONDON TER SE, WASHINGTON, DC, 20032</b><br/>Calls at this matched location: <b>1</b><br/>Call dates: 2026-05-17<br/>ZIP: 20032",
                "COL5E3428810B38E742": "1",
                "COL5E3428810B09F441": "20032"
            },
            "id": "5E34287FF7000280"
        },
        {
            "type": "Feature",
            "geometry": {
                "type": "Point",
                "coordinates": [
                    -76.9973003,
                    38.8244264,
                    0
                ]
            },
            "properties": {
                "name": "1 call — 622 SOUTHERN AVE SE · 20032",
                "styleUrl": "#__managed_style_074E3397174194EF9201",
                "styleMapHash": {
                    "normal": "#__managed_style_074E3397174194EF9201_normal",
                    "highlight": "#__managed_style_074E3397174194EF9201_highlight"
                },
                "description": "<b>622 SOUTHERN AVE SE, WASHINGTON, DC, 20032</b><br/>Calls at this matched location: <b>1</b><br/>Call dates: 2026-07-22<br/>ZIP: 20032",
                "COL5E3428810B38E742": "1",
                "COL5E3428810B09F441": "20032"
            },
            "id": "5E34287FF7000281"
        },
        {
            "type": "Feature",
            "geometry": {
                "type": "Point",
                "coordinates": [
                    -77.000371,
                    38.8649005,
                    0
                ]
            },
            "properties": {
                "name": "1 call — 632 HOWARD RD SE · 20020",
                "styleUrl": "#__managed_style_074E3397174194EF9201",
                "styleMapHash": {
                    "normal": "#__managed_style_074E3397174194EF9201_normal",
                    "highlight": "#__managed_style_074E3397174194EF9201_highlight"
                },
                "description": "<b>632 HOWARD RD SE, WASHINGTON, DC, 20020</b><br/>Calls at this matched location: <b>1</b><br/>Call dates: 2026-07-19<br/>ZIP: 20020",
                "COL5E3428810B38E742": "1",
                "COL5E3428810B09F441": "20020"
            },
            "id": "5E34287FF7000282"
        },
        {
            "type": "Feature",
            "geometry": {
                "type": "Point",
                "coordinates": [
                    -76.9102093,
                    38.8922727,
                    0
                ]
            },
            "properties": {
                "name": "1 call — 6340 SOUTHERN AVE NE · 20019",
                "styleUrl": "#__managed_style_074E3397174194EF9201",
                "styleMapHash": {
                    "normal": "#__managed_style_074E3397174194EF9201_normal",
                    "highlight": "#__managed_style_074E3397174194EF9201_highlight"
                },
                "description": "<b>6340 SOUTHERN AVE NE, WASHINGTON, DC, 20019</b><br/>Calls at this matched location: <b>1</b><br/>Call dates: 2026-05-28<br/>ZIP: 20019",
                "COL5E3428810B38E742": "1",
                "COL5E3428810B09F441": "20019"
            },
            "id": "5E34287FF7000283"
        },
        {
            "type": "Feature",
            "geometry": {
                "type": "Point",
                "coordinates": [
                    -76.9971589,
                    38.8812129,
                    0
                ]
            },
            "properties": {
                "name": "1 call — 635 G ST SE · 20003",
                "styleUrl": "#__managed_style_074E3397174194EF9201",
                "styleMapHash": {
                    "normal": "#__managed_style_074E3397174194EF9201_normal",
                    "highlight": "#__managed_style_074E3397174194EF9201_highlight"
                },
                "description": "<b>635 G ST SE, WASHINGTON, DC, 20003</b><br/>Calls at this matched location: <b>1</b><br/>Call dates: 2026-04-28<br/>ZIP: 20003",
                "COL5E3428810B38E742": "1",
                "COL5E3428810B09F441": "20003"
            },
            "id": "5E34287FF7000284"
        },
        {
            "type": "Feature",
            "geometry": {
                "type": "Point",
                "coordinates": [
                    -76.9099719,
                    38.8924651,
                    0
                ]
            },
            "properties": {
                "name": "1 call — 6370 SOUTHERN AVE NE · 20019",
                "styleUrl": "#__managed_style_074E3397174194EF9201",
                "styleMapHash": {
                    "normal": "#__managed_style_074E3397174194EF9201_normal",
                    "highlight": "#__managed_style_074E3397174194EF9201_highlight"
                },
                "description": "<b>6370 SOUTHERN AVE NE, WASHINGTON, DC, 20019</b><br/>Calls at this matched location: <b>1</b><br/>Call dates: 2026-05-20<br/>ZIP: 20019",
                "COL5E3428810B38E742": "1",
                "COL5E3428810B09F441": "20019"
            },
            "id": "5E34287FF7000285"
        },
        {
            "type": "Feature",
            "geometry": {
                "type": "Point",
                "coordinates": [
                    -77.0051447,
                    38.9677082,
                    0
                ]
            },
            "properties": {
                "name": "1 call — 6408 EASTERN AVE NE · 20012",
                "styleUrl": "#__managed_style_074E3397174194EF9201",
                "styleMapHash": {
                    "normal": "#__managed_style_074E3397174194EF9201_normal",
                    "highlight": "#__managed_style_074E3397174194EF9201_highlight"
                },
                "description": "<b>6408 EASTERN AVE NE, WASHINGTON, DC, 20012</b><br/>Calls at this matched location: <b>1</b><br/>Call dates: 2026-08-05<br/>ZIP: 20012",
                "COL5E3428810B38E742": "1",
                "COL5E3428810B09F441": "20012"
            },
            "id": "5E34287FF7000286"
        },
        {
            "type": "Feature",
            "geometry": {
                "type": "Point",
                "coordinates": [
                    -77.0334924,
                    38.9677412,
                    0
                ]
            },
            "properties": {
                "name": "1 call — 6420 14TH ST NW · 20012",
                "styleUrl": "#__managed_style_074E3397174194EF9201",
                "styleMapHash": {
                    "normal": "#__managed_style_074E3397174194EF9201_normal",
                    "highlight": "#__managed_style_074E3397174194EF9201_highlight"
                },
                "description": "<b>6420 14TH ST NW, WASHINGTON, DC, 20012</b><br/>Calls at this matched location: <b>1</b><br/>Call dates: 2026-06-05<br/>ZIP: 20012",
                "COL5E3428810B38E742": "1",
                "COL5E3428810B09F441": "20012"
            },
            "id": "5E34287FF7000287"
        },
        {
            "type": "Feature",
            "geometry": {
                "type": "Point",
                "coordinates": [
                    -76.9854291,
                    38.8980482,
                    0
                ]
            },
            "properties": {
                "name": "1 call — 645 14TH ST NE · 20002",
                "styleUrl": "#__managed_style_074E3397174194EF9201",
                "styleMapHash": {
                    "normal": "#__managed_style_074E3397174194EF9201_normal",
                    "highlight": "#__managed_style_074E3397174194EF9201_highlight"
                },
                "description": "<b>645 14TH ST NE, WASHINGTON, DC, 20002</b><br/>Calls at this matched location: <b>1</b><br/>Call dates: 2026-05-25<br/>ZIP: 20002",
                "COL5E3428810B38E742": "1",
                "COL5E3428810B09F441": "20002"
            },
            "id": "5E34287FF7000288"
        },
        {
            "type": "Feature",
            "geometry": {
                "type": "Point",
                "coordinates": [
                    -76.9970687,
                    38.9579469,
                    0
                ]
            },
            "properties": {
                "name": "1 call — 645 KENSINGTON PL NE · 20011",
                "styleUrl": "#__managed_style_074E3397174194EF9201",
                "styleMapHash": {
                    "normal": "#__managed_style_074E3397174194EF9201_normal",
                    "highlight": "#__managed_style_074E3397174194EF9201_highlight"
                },
                "description": "<b>645 KENSINGTON PL NE, WASHINGTON, DC, 20011</b><br/>Calls at this matched location: <b>1</b><br/>Call dates: 2026-05-11<br/>ZIP: 20011",
                "COL5E3428810B38E742": "1",
                "COL5E3428810B09F441": "20011"
            },
            "id": "5E34287FF7000289"
        },
        {
            "type": "Feature",
            "geometry": {
                "type": "Point",
                "coordinates": [
                    -77.0064972,
                    38.8313242,
                    0
                ]
            },
            "properties": {
                "name": "1 call — 66 ATLANTIC ST SE · 20032",
                "styleUrl": "#__managed_style_074E3397174194EF9201",
                "styleMapHash": {
                    "normal": "#__managed_style_074E3397174194EF9201_normal",
                    "highlight": "#__managed_style_074E3397174194EF9201_highlight"
                },
                "description": "<b>66 ATLANTIC ST SE, WASHINGTON, DC, 20032</b><br/>Calls at this matched location: <b>1</b><br/>Call dates: 2026-05-26<br/>ZIP: 20032",
                "COL5E3428810B38E742": "1",
                "COL5E3428810B09F441": "20032"
            },
            "id": "5E34287FF700028A"
        },
        {
            "type": "Feature",
            "geometry": {
                "type": "Point",
                "coordinates": [
                    -77.0110062,
                    38.8784655,
                    0
                ]
            },
            "properties": {
                "name": "1 call — 67 K ST SW · 20024",
                "styleUrl": "#__managed_style_074E3397174194EF9201",
                "styleMapHash": {
                    "normal": "#__managed_style_074E3397174194EF9201_normal",
                    "highlight": "#__managed_style_074E3397174194EF9201_highlight"
                },
                "description": "<b>67 K ST SW, WASHINGTON, DC, 20024</b><br/>Calls at this matched location: <b>1</b><br/>Call dates: 2026-07-01<br/>ZIP: 20024",
                "COL5E3428810B38E742": "1",
                "COL5E3428810B09F441": "20024"
            },
            "id": "5E34287FF700028B"
        },
        {
            "type": "Feature",
            "geometry": {
                "type": "Point",
                "coordinates": [
                    -77.0113557,
                    38.9095809,
                    0
                ]
            },
            "properties": {
                "name": "1 call — 68 P ST NW · 20001",
                "styleUrl": "#__managed_style_074E3397174194EF9201",
                "styleMapHash": {
                    "normal": "#__managed_style_074E3397174194EF9201_normal",
                    "highlight": "#__managed_style_074E3397174194EF9201_highlight"
                },
                "description": "<b>68 P ST NW, WASHINGTON, DC, 20001</b><br/>Calls at this matched location: <b>1</b><br/>Call dates: 2026-06-05<br/>ZIP: 20001",
                "COL5E3428810B38E742": "1",
                "COL5E3428810B09F441": "20001"
            },
            "id": "5E34287FF700028C"
        },
        {
            "type": "Feature",
            "geometry": {
                "type": "Point",
                "coordinates": [
                    -76.9903148,
                    38.8989675,
                    0
                ]
            },
            "properties": {
                "name": "1 call — 700 12TH ST NE · 20002",
                "styleUrl": "#__managed_style_074E3397174194EF9201",
                "styleMapHash": {
                    "normal": "#__managed_style_074E3397174194EF9201_normal",
                    "highlight": "#__managed_style_074E3397174194EF9201_highlight"
                },
                "description": "<b>700 12TH ST NE, WASHINGTON, DC, 20002</b><br/>Calls at this matched location: <b>1</b><br/>Call dates: 2026-04-20<br/>ZIP: 20002",
                "COL5E3428810B38E742": "1",
                "COL5E3428810B09F441": "20002"
            },
            "id": "5E34287FF700028D"
        },
        {
            "type": "Feature",
            "geometry": {
                "type": "Point",
                "coordinates": [
                    -76.9960941,
                    38.9002635,
                    0
                ]
            },
            "properties": {
                "name": "1 call — 700 H ST NE · 20002",
                "styleUrl": "#__managed_style_074E3397174194EF9201",
                "styleMapHash": {
                    "normal": "#__managed_style_074E3397174194EF9201_normal",
                    "highlight": "#__managed_style_074E3397174194EF9201_highlight"
                },
                "description": "<b>700 H ST NE, WASHINGTON, DC, 20002</b><br/>Calls at this matched location: <b>1</b><br/>Call dates: 2026-05-25<br/>ZIP: 20002",
                "COL5E3428810B38E742": "1",
                "COL5E3428810B09F441": "20002"
            },
            "id": "5E34287FF700028E"
        },
        {
            "type": "Feature",
            "geometry": {
                "type": "Point",
                "coordinates": [
                    -76.9961392,
                    38.8291479,
                    0
                ]
            },
            "properties": {
                "name": "1 call — 701 CHESAPEAKE ST SE · 20032",
                "styleUrl": "#__managed_style_074E3397174194EF9201",
                "styleMapHash": {
                    "normal": "#__managed_style_074E3397174194EF9201_normal",
                    "highlight": "#__managed_style_074E3397174194EF9201_highlight"
                },
                "description": "<b>701 CHESAPEAKE ST SE, WASHINGTON, DC, 20032</b><br/>Calls at this matched location: <b>1</b><br/>Call dates: 2026-08-18<br/>ZIP: 20032",
                "COL5E3428810B38E742": "1",
                "COL5E3428810B09F441": "20032"
            },
            "id": "5E34287FF700028F"
        },
        {
            "type": "Feature",
            "geometry": {
                "type": "Point",
                "coordinates": [
                    -76.9962548,
                    38.8809843,
                    0
                ]
            },
            "properties": {
                "name": "1 call — 707 7TH ST SE · 20003",
                "styleUrl": "#__managed_style_074E3397174194EF9201",
                "styleMapHash": {
                    "normal": "#__managed_style_074E3397174194EF9201_normal",
                    "highlight": "#__managed_style_074E3397174194EF9201_highlight"
                },
                "description": "<b>707 7TH ST SE, WASHINGTON, DC, 20003</b><br/>Calls at this matched location: <b>1</b><br/>Call dates: 2026-07-15<br/>ZIP: 20003",
                "COL5E3428810B38E742": "1",
                "COL5E3428810B09F441": "20003"
            },
            "id": "5E34287FF7000290"
        },
        {
            "type": "Feature",
            "geometry": {
                "type": "Point",
                "coordinates": [
                    -76.9983756,
                    38.8807862,
                    0
                ]
            },
            "properties": {
                "name": "1 call — 708 6TH ST SE · 20003",
                "styleUrl": "#__managed_style_074E3397174194EF9201",
                "styleMapHash": {
                    "normal": "#__managed_style_074E3397174194EF9201_normal",
                    "highlight": "#__managed_style_074E3397174194EF9201_highlight"
                },
                "description": "<b>708 6TH ST SE, WASHINGTON, DC, 20003</b><br/>Calls at this matched location: <b>1</b><br/>Call dates: 2026-06-26<br/>ZIP: 20003",
                "COL5E3428810B38E742": "1",
                "COL5E3428810B09F441": "20003"
            },
            "id": "5E34287FF7000291"
        },
        {
            "type": "Feature",
            "geometry": {
                "type": "Point",
                "coordinates": [
                    -76.9959731,
                    38.8300209,
                    0
                ]
            },
            "properties": {
                "name": "1 call — 709 BRANDYWINE ST SE · 20032",
                "styleUrl": "#__managed_style_074E3397174194EF9201",
                "styleMapHash": {
                    "normal": "#__managed_style_074E3397174194EF9201_normal",
                    "highlight": "#__managed_style_074E3397174194EF9201_highlight"
                },
                "description": "<b>709 BRANDYWINE ST SE, WASHINGTON, DC, 20032</b><br/>Calls at this matched location: <b>1</b><br/>Call dates: 2026-08-10<br/>ZIP: 20032",
                "COL5E3428810B38E742": "1",
                "COL5E3428810B09F441": "20032"
            },
            "id": "5E34287FF7000292"
        },
        {
            "type": "Feature",
            "geometry": {
                "type": "Point",
                "coordinates": [
                    -76.9186428,
                    38.8995137,
                    0
                ]
            },
            "properties": {
                "name": "1 call — 710 57TH PL NE · 20019",
                "styleUrl": "#__managed_style_074E3397174194EF9201",
                "styleMapHash": {
                    "normal": "#__managed_style_074E3397174194EF9201_normal",
                    "highlight": "#__managed_style_074E3397174194EF9201_highlight"
                },
                "description": "<b>710 57TH PL NE, WASHINGTON, DC, 20019</b><br/>Calls at this matched location: <b>1</b><br/>Call dates: 2026-05-18<br/>ZIP: 20019",
                "COL5E3428810B38E742": "1",
                "COL5E3428810B09F441": "20019"
            },
            "id": "5E34287FF7000293"
        },
        {
            "type": "Feature",
            "geometry": {
                "type": "Point",
                "coordinates": [
                    -77.0226682,
                    38.957495,
                    0
                ]
            },
            "properties": {
                "name": "1 call — 715 LONGFELLOW ST NW · 20011",
                "styleUrl": "#__managed_style_074E3397174194EF9201",
                "styleMapHash": {
                    "normal": "#__managed_style_074E3397174194EF9201_normal",
                    "highlight": "#__managed_style_074E3397174194EF9201_highlight"
                },
                "description": "<b>715 LONGFELLOW ST NW, WASHINGTON, DC, 20011</b><br/>Calls at this matched location: <b>1</b><br/>Call dates: 2026-07-04<br/>ZIP: 20011",
                "COL5E3428810B38E742": "1",
                "COL5E3428810B09F441": "20011"
            },
            "id": "5E34287FF7000294"
        },
        {
            "type": "Feature",
            "geometry": {
                "type": "Point",
                "coordinates": [
                    -77.0284112,
                    38.9753588,
                    0
                ]
            },
            "properties": {
                "name": "1 call — 7150 12TH ST NW · 20012",
                "styleUrl": "#__managed_style_074E3397174194EF9201",
                "styleMapHash": {
                    "normal": "#__managed_style_074E3397174194EF9201_normal",
                    "highlight": "#__managed_style_074E3397174194EF9201_highlight"
                },
                "description": "<b>7150 12TH ST NW, WASHINGTON, DC, 20012</b><br/>Calls at this matched location: <b>1</b><br/>Call dates: 2026-07-24<br/>ZIP: 20012",
                "COL5E3428810B38E742": "1",
                "COL5E3428810B09F441": "20012"
            },
            "id": "5E34287FF7000295"
        },
        {
            "type": "Feature",
            "geometry": {
                "type": "Point",
                "coordinates": [
                    -77.0228833,
                    38.9656035,
                    0
                ]
            },
            "properties": {
                "name": "1 call — 723 ROXBORO PL NW · 20011",
                "styleUrl": "#__managed_style_074E3397174194EF9201",
                "styleMapHash": {
                    "normal": "#__managed_style_074E3397174194EF9201_normal",
                    "highlight": "#__managed_style_074E3397174194EF9201_highlight"
                },
                "description": "<b>723 ROXBORO PL NW, WASHINGTON, DC, 20011</b><br/>Calls at this matched location: <b>1</b><br/>Call dates: 2026-08-10<br/>ZIP: 20011",
                "COL5E3428810B38E742": "1",
                "COL5E3428810B09F441": "20011"
            },
            "id": "5E34287FF7000296"
        },
        {
            "type": "Feature",
            "geometry": {
                "type": "Point",
                "coordinates": [
                    -76.9307412,
                    38.8987783,
                    0
                ]
            },
            "properties": {
                "name": "1 call — 724 49TH PL NE · 20019",
                "styleUrl": "#__managed_style_074E3397174194EF9201",
                "styleMapHash": {
                    "normal": "#__managed_style_074E3397174194EF9201_normal",
                    "highlight": "#__managed_style_074E3397174194EF9201_highlight"
                },
                "description": "<b>724 49TH PL NE, WASHINGTON, DC, 20019</b><br/>Calls at this matched location: <b>1</b><br/>Call dates: 2026-08-03<br/>ZIP: 20019",
                "COL5E3428810B38E742": "1",
                "COL5E3428810B09F441": "20019"
            },
            "id": "5E34287FF7000297"
        },
        {
            "type": "Feature",
            "geometry": {
                "type": "Point",
                "coordinates": [
                    -76.9983756,
                    38.880417,
                    0
                ]
            },
            "properties": {
                "name": "1 call — 726 6TH ST SE · 20003",
                "styleUrl": "#__managed_style_074E3397174194EF9201",
                "styleMapHash": {
                    "normal": "#__managed_style_074E3397174194EF9201_normal",
                    "highlight": "#__managed_style_074E3397174194EF9201_highlight"
                },
                "description": "<b>726 6TH ST SE, WASHINGTON, DC, 20003</b><br/>Calls at this matched location: <b>1</b><br/>Call dates: 2026-06-28<br/>ZIP: 20003",
                "COL5E3428810B38E742": "1",
                "COL5E3428810B09F441": "20003"
            },
            "id": "5E34287FF7000298"
        },
        {
            "type": "Feature",
            "geometry": {
                "type": "Point",
                "coordinates": [
                    -77.0244233,
                    38.9336467,
                    0
                ]
            },
            "properties": {
                "name": "1 call — 739 NEWTON PL NW · 20010",
                "styleUrl": "#__managed_style_074E3397174194EF9201",
                "styleMapHash": {
                    "normal": "#__managed_style_074E3397174194EF9201_normal",
                    "highlight": "#__managed_style_074E3397174194EF9201_highlight"
                },
                "description": "<b>739 NEWTON PL NW, WASHINGTON, DC, 20010</b><br/>Calls at this matched location: <b>1</b><br/>Call dates: 2026-06-28<br/>ZIP: 20010",
                "COL5E3428810B38E742": "1",
                "COL5E3428810B09F441": "20010"
            },
            "id": "5E34287FF7000299"
        },
        {
            "type": "Feature",
            "geometry": {
                "type": "Point",
                "coordinates": [
                    -76.9761456,
                    38.8992011,
                    0
                ]
            },
            "properties": {
                "name": "1 call — 753 19TH ST NE · 20002",
                "styleUrl": "#__managed_style_074E3397174194EF9201",
                "styleMapHash": {
                    "normal": "#__managed_style_074E3397174194EF9201_normal",
                    "highlight": "#__managed_style_074E3397174194EF9201_highlight"
                },
                "description": "<b>753 19TH ST NE, WASHINGTON, DC, 20002</b><br/>Calls at this matched location: <b>1</b><br/>Call dates: 2026-08-16<br/>ZIP: 20002",
                "COL5E3428810B38E742": "1",
                "COL5E3428810B09F441": "20002"
            },
            "id": "5E34287FF700029A"
        },
        {
            "type": "Feature",
            "geometry": {
                "type": "Point",
                "coordinates": [
                    -76.9468517,
                    38.9013038,
                    0
                ]
            },
            "properties": {
                "name": "1 call — 774 KENILWORTH TER NE · 20019",
                "styleUrl": "#__managed_style_074E3397174194EF9201",
                "styleMapHash": {
                    "normal": "#__managed_style_074E3397174194EF9201_normal",
                    "highlight": "#__managed_style_074E3397174194EF9201_highlight"
                },
                "description": "<b>774 KENILWORTH TER NE, WASHINGTON, DC, 20019</b><br/>Calls at this matched location: <b>1</b><br/>Call dates: 2026-07-21<br/>ZIP: 20019",
                "COL5E3428810B38E742": "1",
                "COL5E3428810B09F441": "20019"
            },
            "id": "5E34287FF700029B"
        },
        {
            "type": "Feature",
            "geometry": {
                "type": "Point",
                "coordinates": [
                    -77.0393924,
                    38.9877108,
                    0
                ]
            },
            "properties": {
                "name": "1 call — 7914 ORCHID ST NW · 20012",
                "styleUrl": "#__managed_style_074E3397174194EF9201",
                "styleMapHash": {
                    "normal": "#__managed_style_074E3397174194EF9201_normal",
                    "highlight": "#__managed_style_074E3397174194EF9201_highlight"
                },
                "description": "<b>7914 ORCHID ST NW, WASHINGTON, DC, 20012</b><br/>Calls at this matched location: <b>1</b><br/>Call dates: 2026-06-27<br/>ZIP: 20012",
                "COL5E3428810B38E742": "1",
                "COL5E3428810B09F441": "20012"
            },
            "id": "5E34287FF700029C"
        },
        {
            "type": "Feature",
            "geometry": {
                "type": "Point",
                "coordinates": [
                    -76.9326396,
                    38.8998785,
                    0
                ]
            },
            "properties": {
                "name": "1 call — 807 48TH PL NE · 20019",
                "styleUrl": "#__managed_style_074E3397174194EF9201",
                "styleMapHash": {
                    "normal": "#__managed_style_074E3397174194EF9201_normal",
                    "highlight": "#__managed_style_074E3397174194EF9201_highlight"
                },
                "description": "<b>807 48TH PL NE, WASHINGTON, DC, 20019</b><br/>Calls at this matched location: <b>1</b><br/>Call dates: 2026-05-11<br/>ZIP: 20019",
                "COL5E3428810B38E742": "1",
                "COL5E3428810B09F441": "20019"
            },
            "id": "5E34287FF700029D"
        },
        {
            "type": "Feature",
            "geometry": {
                "type": "Point",
                "coordinates": [
                    -76.9740994,
                    38.9004488,
                    0
                ]
            },
            "properties": {
                "name": "1 call — 809 21ST ST NE · 20002",
                "styleUrl": "#__managed_style_074E3397174194EF9201",
                "styleMapHash": {
                    "normal": "#__managed_style_074E3397174194EF9201_normal",
                    "highlight": "#__managed_style_074E3397174194EF9201_highlight"
                },
                "description": "<b>809 21ST ST NE, WASHINGTON, DC, 20002</b><br/>Calls at this matched location: <b>1</b><br/>Call dates: 2026-05-28<br/>ZIP: 20002",
                "COL5E3428810B38E742": "1",
                "COL5E3428810B09F441": "20002"
            },
            "id": "5E34287FF700029E"
        },
        {
            "type": "Feature",
            "geometry": {
                "type": "Point",
                "coordinates": [
                    -76.9940039,
                    38.8298492,
                    0
                ]
            },
            "properties": {
                "name": "1 call — 811 BARNABY ST SE · 20032",
                "styleUrl": "#__managed_style_074E3397174194EF9201",
                "styleMapHash": {
                    "normal": "#__managed_style_074E3397174194EF9201_normal",
                    "highlight": "#__managed_style_074E3397174194EF9201_highlight"
                },
                "description": "<b>811 BARNABY ST SE, WASHINGTON, DC, 20032</b><br/>Calls at this matched location: <b>1</b><br/>Call dates: 2026-05-17<br/>ZIP: 20032",
                "COL5E3428810B38E742": "1",
                "COL5E3428810B09F441": "20032"
            },
            "id": "5E34287FF700029F"
        },
        {
            "type": "Feature",
            "geometry": {
                "type": "Point",
                "coordinates": [
                    -77.0242189,
                    38.9553035,
                    0
                ]
            },
            "properties": {
                "name": "1 call — 811 JEFFERSON ST NW · 20011",
                "styleUrl": "#__managed_style_074E3397174194EF9201",
                "styleMapHash": {
                    "normal": "#__managed_style_074E3397174194EF9201_normal",
                    "highlight": "#__managed_style_074E3397174194EF9201_highlight"
                },
                "description": "<b>811 JEFFERSON ST NW, WASHINGTON, DC, 20011</b><br/>Calls at this matched location: <b>1</b><br/>Call dates: 2026-06-04<br/>ZIP: 20011",
                "COL5E3428810B38E742": "1",
                "COL5E3428810B09F441": "20011"
            },
            "id": "5E34287FF70002A0"
        },
        {
            "type": "Feature",
            "geometry": {
                "type": "Point",
                "coordinates": [
                    -76.9939455,
                    38.829895,
                    0
                ]
            },
            "properties": {
                "name": "1 call — 819 BARNABY ST SE · 20032",
                "styleUrl": "#__managed_style_074E3397174194EF9201",
                "styleMapHash": {
                    "normal": "#__managed_style_074E3397174194EF9201_normal",
                    "highlight": "#__managed_style_074E3397174194EF9201_highlight"
                },
                "description": "<b>819 BARNABY ST SE, WASHINGTON, DC, 20032</b><br/>Calls at this matched location: <b>1</b><br/>Call dates: 2026-07-02<br/>ZIP: 20032",
                "COL5E3428810B38E742": "1",
                "COL5E3428810B09F441": "20032"
            },
            "id": "5E34287FF70002A1"
        },
        {
            "type": "Feature",
            "geometry": {
                "type": "Point",
                "coordinates": [
                    -77.0246099,
                    38.9660739,
                    0
                ]
            },
            "properties": {
                "name": "1 call — 820 SHERIDAN ST NW · 20011",
                "styleUrl": "#__managed_style_074E3397174194EF9201",
                "styleMapHash": {
                    "normal": "#__managed_style_074E3397174194EF9201_normal",
                    "highlight": "#__managed_style_074E3397174194EF9201_highlight"
                },
                "description": "<b>820 SHERIDAN ST NW, WASHINGTON, DC, 20011</b><br/>Calls at this matched location: <b>1</b><br/>Call dates: 2026-06-08<br/>ZIP: 20011",
                "COL5E3428810B38E742": "1",
                "COL5E3428810B09F441": "20011"
            },
            "id": "5E34287FF70002A2"
        },
        {
            "type": "Feature",
            "geometry": {
                "type": "Point",
                "coordinates": [
                    -76.9935522,
                    38.8273288,
                    0
                ]
            },
            "properties": {
                "name": "1 call — 820 SOUTHERN AVE · 20032",
                "styleUrl": "#__managed_style_074E3397174194EF9201",
                "styleMapHash": {
                    "normal": "#__managed_style_074E3397174194EF9201_normal",
                    "highlight": "#__managed_style_074E3397174194EF9201_highlight"
                },
                "description": "<b>820 SOUTHERN AVE, WASHINGTON, DC, 20032</b><br/>Calls at this matched location: <b>1</b><br/>Call dates: 2026-04-06<br/>ZIP: 20032",
                "COL5E3428810B38E742": "1",
                "COL5E3428810B09F441": "20032"
            },
            "id": "5E34287FF70002A3"
        },
        {
            "type": "Feature",
            "geometry": {
                "type": "Point",
                "coordinates": [
                    -77.0240017,
                    38.947321,
                    0
                ]
            },
            "properties": {
                "name": "1 call — 821 CRITTENDEN ST NW · 20011",
                "styleUrl": "#__managed_style_074E3397174194EF9201",
                "styleMapHash": {
                    "normal": "#__managed_style_074E3397174194EF9201_normal",
                    "highlight": "#__managed_style_074E3397174194EF9201_highlight"
                },
                "description": "<b>821 CRITTENDEN ST NW, WASHINGTON, DC, 20011</b><br/>Calls at this matched location: <b>1</b><br/>Call dates: 2026-08-20<br/>ZIP: 20011",
                "COL5E3428810B38E742": "1",
                "COL5E3428810B09F441": "20011"
            },
            "id": "5E34287FF70002A4"
        },
        {
            "type": "Feature",
            "geometry": {
                "type": "Point",
                "coordinates": [
                    -76.9922095,
                    38.8314117,
                    0
                ]
            },
            "properties": {
                "name": "1 call — 832 BARNABY ST SE · 20032",
                "styleUrl": "#__managed_style_074E3397174194EF9201",
                "styleMapHash": {
                    "normal": "#__managed_style_074E3397174194EF9201_normal",
                    "highlight": "#__managed_style_074E3397174194EF9201_highlight"
                },
                "description": "<b>832 BARNABY ST SE, WASHINGTON, DC, 20032</b><br/>Calls at this matched location: <b>1</b><br/>Call dates: 2026-07-16<br/>ZIP: 20032",
                "COL5E3428810B38E742": "1",
                "COL5E3428810B09F441": "20032"
            },
            "id": "5E34287FF70002A5"
        },
        {
            "type": "Feature",
            "geometry": {
                "type": "Point",
                "coordinates": [
                    -76.9762928,
                    38.9013272,
                    0
                ]
            },
            "properties": {
                "name": "1 call — 840 19TH ST NE · 20002",
                "styleUrl": "#__managed_style_074E3397174194EF9201",
                "styleMapHash": {
                    "normal": "#__managed_style_074E3397174194EF9201_normal",
                    "highlight": "#__managed_style_074E3397174194EF9201_highlight"
                },
                "description": "<b>840 19TH ST NE, WASHINGTON, DC, 20002</b><br/>Calls at this matched location: <b>1</b><br/>Call dates: 2026-05-08<br/>ZIP: 20002",
                "COL5E3428810B38E742": "1",
                "COL5E3428810B09F441": "20002"
            },
            "id": "5E34287FF70002A6"
        },
        {
            "type": "Feature",
            "geometry": {
                "type": "Point",
                "coordinates": [
                    -77.0117231,
                    38.9125484,
                    0
                ]
            },
            "properties": {
                "name": "1 call — 86 R ST NW · 20001",
                "styleUrl": "#__managed_style_074E3397174194EF9201",
                "styleMapHash": {
                    "normal": "#__managed_style_074E3397174194EF9201_normal",
                    "highlight": "#__managed_style_074E3397174194EF9201_highlight"
                },
                "description": "<b>86 R ST NW, WASHINGTON, DC, 20001</b><br/>Calls at this matched location: <b>1</b><br/>Call dates: 2026-04-24<br/>ZIP: 20001",
                "COL5E3428810B38E742": "1",
                "COL5E3428810B09F441": "20001"
            },
            "id": "5E34287FF70002A7"
        },
        {
            "type": "Feature",
            "geometry": {
                "type": "Point",
                "coordinates": [
                    -76.9973587,
                    38.8639777,
                    0
                ]
            },
            "properties": {
                "name": "1 call — 894 HOWARD RD SE · 20020",
                "styleUrl": "#__managed_style_074E3397174194EF9201",
                "styleMapHash": {
                    "normal": "#__managed_style_074E3397174194EF9201_normal",
                    "highlight": "#__managed_style_074E3397174194EF9201_highlight"
                },
                "description": "<b>894 HOWARD RD SE, WASHINGTON, DC, 20020</b><br/>Calls at this matched location: <b>1</b><br/>Call dates: 2026-05-24<br/>ZIP: 20020",
                "COL5E3428810B38E742": "1",
                "COL5E3428810B09F441": "20020"
            },
            "id": "5E34287FF70002A8"
        },
        {
            "type": "Feature",
            "geometry": {
                "type": "Point",
                "coordinates": [
                    -76.9719894,
                    38.9037499,
                    0
                ]
            },
            "properties": {
                "name": "1 call — 900 22ND ST NE · 20002",
                "styleUrl": "#__managed_style_074E3397174194EF9201",
                "styleMapHash": {
                    "normal": "#__managed_style_074E3397174194EF9201_normal",
                    "highlight": "#__managed_style_074E3397174194EF9201_highlight"
                },
                "description": "<b>900 22ND ST NE, WASHINGTON, DC, 20002</b><br/>Calls at this matched location: <b>1</b><br/>Call dates: 2026-08-09<br/>ZIP: 20002",
                "COL5E3428810B38E742": "1",
                "COL5E3428810B09F441": "20002"
            },
            "id": "5E34287FF70002A9"
        },
        {
            "type": "Feature",
            "geometry": {
                "type": "Point",
                "coordinates": [
                    -76.9916063,
                    38.8791456,
                    0
                ]
            },
            "properties": {
                "name": "1 call — 911 11TH ST SE · 20003",
                "styleUrl": "#__managed_style_074E3397174194EF9201",
                "styleMapHash": {
                    "normal": "#__managed_style_074E3397174194EF9201_normal",
                    "highlight": "#__managed_style_074E3397174194EF9201_highlight"
                },
                "description": "<b>911 11TH ST SE, WASHINGTON, DC, 20003</b><br/>Calls at this matched location: <b>1</b><br/>Call dates: 2026-05-13<br/>ZIP: 20003",
                "COL5E3428810B38E742": "1",
                "COL5E3428810B09F441": "20003"
            },
            "id": "5E34287FF70002AA"
        },
        {
            "type": "Feature",
            "geometry": {
                "type": "Point",
                "coordinates": [
                    -76.9983711,
                    38.901511,
                    0
                ]
            },
            "properties": {
                "name": "1 call — 913 6TH ST NE · 20002",
                "styleUrl": "#__managed_style_074E3397174194EF9201",
                "styleMapHash": {
                    "normal": "#__managed_style_074E3397174194EF9201_normal",
                    "highlight": "#__managed_style_074E3397174194EF9201_highlight"
                },
                "description": "<b>913 6TH ST NE, WASHINGTON, DC, 20002</b><br/>Calls at this matched location: <b>1</b><br/>Call dates: 2026-07-08<br/>ZIP: 20002",
                "COL5E3428810B38E742": "1",
                "COL5E3428810B09F441": "20002"
            },
            "id": "5E34287FF70002AB"
        },
        {
            "type": "Feature",
            "geometry": {
                "type": "Point",
                "coordinates": [
                    -76.9338309,
                    38.901727,
                    0
                ]
            },
            "properties": {
                "name": "1 call — 914 48TH ST NE · 20019",
                "styleUrl": "#__managed_style_074E3397174194EF9201",
                "styleMapHash": {
                    "normal": "#__managed_style_074E3397174194EF9201_normal",
                    "highlight": "#__managed_style_074E3397174194EF9201_highlight"
                },
                "description": "<b>914 48TH ST NE, WASHINGTON, DC, 20019</b><br/>Calls at this matched location: <b>1</b><br/>Call dates: 2026-05-25<br/>ZIP: 20019",
                "COL5E3428810B38E742": "1",
                "COL5E3428810B09F441": "20019"
            },
            "id": "5E34287FF70002AC"
        },
        {
            "type": "Feature",
            "geometry": {
                "type": "Point",
                "coordinates": [
                    -76.9336836,
                    38.9017535,
                    0
                ]
            },
            "properties": {
                "name": "1 call — 917 48TH ST NE · 20019",
                "styleUrl": "#__managed_style_074E3397174194EF9201",
                "styleMapHash": {
                    "normal": "#__managed_style_074E3397174194EF9201_normal",
                    "highlight": "#__managed_style_074E3397174194EF9201_highlight"
                },
                "description": "<b>917 48TH ST NE, WASHINGTON, DC, 20019</b><br/>Calls at this matched location: <b>1</b><br/>Call dates: 2026-05-26<br/>ZIP: 20019",
                "COL5E3428810B38E742": "1",
                "COL5E3428810B09F441": "20019"
            },
            "id": "5E34287FF70002AD"
        },
        {
            "type": "Feature",
            "geometry": {
                "type": "Point",
                "coordinates": [
                    -76.9948881,
                    38.9015767,
                    0
                ]
            },
            "properties": {
                "name": "1 call — 919 8TH ST NE · 20002",
                "styleUrl": "#__managed_style_074E3397174194EF9201",
                "styleMapHash": {
                    "normal": "#__managed_style_074E3397174194EF9201_normal",
                    "highlight": "#__managed_style_074E3397174194EF9201_highlight"
                },
                "description": "<b>919 8TH ST NE, WASHINGTON, DC, 20002</b><br/>Calls at this matched location: <b>1</b><br/>Call dates: 2026-07-30<br/>ZIP: 20002",
                "COL5E3428810B38E742": "1",
                "COL5E3428810B09F441": "20002"
            },
            "id": "5E34287FF70002AE"
        },
        {
            "type": "Feature",
            "geometry": {
                "type": "Point",
                "coordinates": [
                    -76.993446,
                    38.9001489,
                    0
                ]
            },
            "properties": {
                "name": "1 call — 925 H ST NE · 20002",
                "styleUrl": "#__managed_style_074E3397174194EF9201",
                "styleMapHash": {
                    "normal": "#__managed_style_074E3397174194EF9201_normal",
                    "highlight": "#__managed_style_074E3397174194EF9201_highlight"
                },
                "description": "<b>925 H ST NE, WASHINGTON, DC, 20002</b><br/>Calls at this matched location: <b>1</b><br/>Call dates: 2026-08-09<br/>ZIP: 20002",
                "COL5E3428810B38E742": "1",
                "COL5E3428810B09F441": "20002"
            },
            "id": "5E34287FF70002AF"
        },
        {
            "type": "Feature",
            "geometry": {
                "type": "Point",
                "coordinates": [
                    -76.9240637,
                    38.9030018,
                    0
                ]
            },
            "properties": {
                "name": "1 call — 940 DIVISION AVE NE · 20019",
                "styleUrl": "#__managed_style_074E3397174194EF9201",
                "styleMapHash": {
                    "normal": "#__managed_style_074E3397174194EF9201_normal",
                    "highlight": "#__managed_style_074E3397174194EF9201_highlight"
                },
                "description": "<b>940 DIVISION AVE NE, WASHINGTON, DC, 20019</b><br/>Calls at this matched location: <b>1</b><br/>Call dates: 2026-07-16<br/>ZIP: 20019",
                "COL5E3428810B38E742": "1",
                "COL5E3428810B09F441": "20019"
            },
            "id": "5E34287FF70002B0"
        },
        {
            "type": "Feature",
            "geometry": {
                "type": "Point",
                "coordinates": [
                    -76.9854336,
                    38.8789123,
                    0
                ]
            },
            "properties": {
                "name": "1 call — 944 14TH ST SE · 20003",
                "styleUrl": "#__managed_style_074E3397174194EF9201",
                "styleMapHash": {
                    "normal": "#__managed_style_074E3397174194EF9201_normal",
                    "highlight": "#__managed_style_074E3397174194EF9201_highlight"
                },
                "description": "<b>944 14TH ST SE, WASHINGTON, DC, 20003</b><br/>Calls at this matched location: <b>1</b><br/>Call dates: 2026-05-23<br/>ZIP: 20003",
                "COL5E3428810B38E742": "1",
                "COL5E3428810B09F441": "20003"
            },
            "id": "5E34287FF70002B1"
        },
        {
            "type": "Feature",
            "geometry": {
                "type": "Point",
                "coordinates": [
                    -77.0248429,
                    38.8983735,
                    0
                ]
            },
            "properties": {
                "name": "1 call — 945 G ST NW · 20001",
                "styleUrl": "#__managed_style_074E3397174194EF9201",
                "styleMapHash": {
                    "normal": "#__managed_style_074E3397174194EF9201_normal",
                    "highlight": "#__managed_style_074E3397174194EF9201_highlight"
                },
                "description": "<b>945 G ST NW, WASHINGTON, DC, 20001</b><br/>Calls at this matched location: <b>1</b><br/>Call dates: 2026-08-05<br/>ZIP: 20001",
                "COL5E3428810B38E742": "1",
                "COL5E3428810B09F441": "20001"
            },
            "id": "5E34287FF70002B2"
        },
        {
            "type": "Feature",
            "geometry": {
                "type": "Point",
                "coordinates": [
                    -77.0239687,
                    38.9085762,
                    0
                ]
            },
            "properties": {
                "name": "1 call — 9TH ST NW & O ST NW · 20001",
                "styleUrl": "#__managed_style_074E3397174194EF9201",
                "styleMapHash": {
                    "normal": "#__managed_style_074E3397174194EF9201_normal",
                    "highlight": "#__managed_style_074E3397174194EF9201_highlight"
                },
                "description": "<b>9TH ST NW &amp; O ST NW, WASHINGTON, DC, 20001</b><br/>Calls at this matched location: <b>1</b><br/>Call dates: 2026-08-09<br/>ZIP: 20001",
                "COL5E3428810B38E742": "1",
                "COL5E3428810B09F441": "20001"
            },
            "id": "5E34287FF70002B3"
        },
        {
            "type": "Feature",
            "geometry": {
                "type": "Point",
                "coordinates": [
                    -77.0173312,
                    38.9463942,
                    0
                ]
            },
            "properties": {
                "name": "1 call — BUCHANAN ST NW & 4TH ST NW · 20011",
                "styleUrl": "#__managed_style_074E3397174194EF9201",
                "styleMapHash": {
                    "normal": "#__managed_style_074E3397174194EF9201_normal",
                    "highlight": "#__managed_style_074E3397174194EF9201_highlight"
                },
                "description": "<b>BUCHANAN ST NW &amp; 4TH ST NW, WASHINGTON, DC, 20011</b><br/>Calls at this matched location: <b>1</b><br/>Call dates: 2026-04-14<br/>ZIP: 20011",
                "COL5E3428810B38E742": "1",
                "COL5E3428810B09F441": "20011"
            },
            "id": "5E34287FF70002B4"
        },
        {
            "type": "Feature",
            "geometry": {
                "type": "Point",
                "coordinates": [
                    -77.0218312,
                    38.9462592,
                    0
                ]
            },
            "properties": {
                "name": "1 call — BUCHANAN ST NW & 7TH ST NW · 20011",
                "styleUrl": "#__managed_style_074E3397174194EF9201",
                "styleMapHash": {
                    "normal": "#__managed_style_074E3397174194EF9201_normal",
                    "highlight": "#__managed_style_074E3397174194EF9201_highlight"
                },
                "description": "<b>BUCHANAN ST NW &amp; 7TH ST NW, WASHINGTON, DC, 20011</b><br/>Calls at this matched location: <b>1</b><br/>Call dates: 2026-06-07<br/>ZIP: 20011",
                "COL5E3428810B38E742": "1",
                "COL5E3428810B09F441": "20011"
            },
            "id": "5E34287FF70002B5"
        },
        {
            "type": "Feature",
            "geometry": {
                "type": "Point",
                "coordinates": [
                    -76.9826542,
                    38.8479072,
                    0
                ]
            },
            "properties": {
                "name": "1 call — CONGRESS PL SE & 15TH PL SE · 20020",
                "styleUrl": "#__managed_style_074E3397174194EF9201",
                "styleMapHash": {
                    "normal": "#__managed_style_074E3397174194EF9201_normal",
                    "highlight": "#__managed_style_074E3397174194EF9201_highlight"
                },
                "description": "<b>CONGRESS PL SE &amp; 15TH PL SE, WASHINGTON, DC, 20020</b><br/>Calls at this matched location: <b>1</b><br/>Call dates: 2026-08-18<br/>ZIP: 20020",
                "COL5E3428810B38E742": "1",
                "COL5E3428810B09F441": "20020"
            },
            "id": "5E34287FF70002B6"
        },
        {
            "type": "Feature",
            "geometry": {
                "type": "Point",
                "coordinates": [
                    -76.9977877,
                    38.8248492,
                    0
                ]
            },
            "properties": {
                "name": "1 call — FORRESTER ST SE & BARNABY RD SE · 20032",
                "styleUrl": "#__managed_style_074E3397174194EF9201",
                "styleMapHash": {
                    "normal": "#__managed_style_074E3397174194EF9201_normal",
                    "highlight": "#__managed_style_074E3397174194EF9201_highlight"
                },
                "description": "<b>FORRESTER ST SE &amp; BARNABY RD SE, WASHINGTON, DC, 20032</b><br/>Calls at this matched location: <b>1</b><br/>Call dates: 2026-08-01<br/>ZIP: 20032",
                "COL5E3428810B38E742": "1",
                "COL5E3428810B09F441": "20032"
            },
            "id": "5E34287FF70002B7"
        },
        {
            "type": "Feature",
            "geometry": {
                "type": "Point",
                "coordinates": [
                    -76.9984537,
                    38.8812702,
                    0
                ]
            },
            "properties": {
                "name": "1 call — G ST SE & 6TH ST SE · 20003",
                "styleUrl": "#__managed_style_074E3397174194EF9201",
                "styleMapHash": {
                    "normal": "#__managed_style_074E3397174194EF9201_normal",
                    "highlight": "#__managed_style_074E3397174194EF9201_highlight"
                },
                "description": "<b>G ST SE &amp; 6TH ST SE, WASHINGTON, DC, 20003</b><br/>Calls at this matched location: <b>1</b><br/>Call dates: 2026-06-28<br/>ZIP: 20003",
                "COL5E3428810B38E742": "1",
                "COL5E3428810B09F441": "20003"
            },
            "id": "5E34287FF70002B8"
        },
        {
            "type": "Feature",
            "geometry": {
                "type": "Point",
                "coordinates": [
                    -77.0266012,
                    38.9461242,
                    0
                ]
            },
            "properties": {
                "name": "1 call — GEORGIA AVE NW & BUCHANAN ST NW · 20011",
                "styleUrl": "#__managed_style_074E3397174194EF9201",
                "styleMapHash": {
                    "normal": "#__managed_style_074E3397174194EF9201_normal",
                    "highlight": "#__managed_style_074E3397174194EF9201_highlight"
                },
                "description": "<b>GEORGIA AVE NW &amp; BUCHANAN ST NW, WASHINGTON, DC, 20011</b><br/>Calls at this matched location: <b>1</b><br/>Call dates: 2026-06-20<br/>ZIP: 20011",
                "COL5E3428810B38E742": "1",
                "COL5E3428810B09F441": "20011"
            },
            "id": "5E34287FF70002B9"
        },
        {
            "type": "Feature",
            "geometry": {
                "type": "Point",
                "coordinates": [
                    -77.0373517,
                    38.9287362,
                    0
                ]
            },
            "properties": {
                "name": "1 call — IRVING ST NW & MOUNT PLEASANT ST NW · 20010",
                "styleUrl": "#__managed_style_074E3397174194EF9201",
                "styleMapHash": {
                    "normal": "#__managed_style_074E3397174194EF9201_normal",
                    "highlight": "#__managed_style_074E3397174194EF9201_highlight"
                },
                "description": "<b>IRVING ST NW &amp; MOUNT PLEASANT ST NW, WASHINGTON, DC, 20010</b><br/>Calls at this matched location: <b>1</b><br/>Call dates: 2026-07-15<br/>ZIP: 20010",
                "COL5E3428810B38E742": "1",
                "COL5E3428810B09F441": "20010"
            },
            "id": "5E34287FF70002BA"
        },
        {
            "type": "Feature",
            "geometry": {
                "type": "Point",
                "coordinates": [
                    -77.0547487,
                    38.9052552,
                    0
                ]
            },
            "properties": {
                "name": "1 call — M ST NW & 26TH ST NW · 20037",
                "styleUrl": "#__managed_style_074E3397174194EF9201",
                "styleMapHash": {
                    "normal": "#__managed_style_074E3397174194EF9201_normal",
                    "highlight": "#__managed_style_074E3397174194EF9201_highlight"
                },
                "description": "<b>M ST NW &amp; 26TH ST NW, WASHINGTON, DC, 20037</b><br/>Calls at this matched location: <b>1</b><br/>Call dates: 2026-07-27<br/>ZIP: 20037",
                "COL5E3428810B38E742": "1",
                "COL5E3428810B09F441": "20037"
            },
            "id": "5E34287FF70002BB"
        },
        {
            "type": "Feature",
            "geometry": {
                "type": "Point",
                "coordinates": [
                    -77.0089387,
                    38.9266752,
                    0
                ]
            },
            "properties": {
                "name": "1 call — MICHIGAN AVE NE & N CAPITOL ST NE · 20002",
                "styleUrl": "#__managed_style_074E3397174194EF9201",
                "styleMapHash": {
                    "normal": "#__managed_style_074E3397174194EF9201_normal",
                    "highlight": "#__managed_style_074E3397174194EF9201_highlight"
                },
                "description": "<b>MICHIGAN AVE NE &amp; N CAPITOL ST NE, WASHINGTON, DC, 20002</b><br/>Calls at this matched location: <b>1</b><br/>Call dates: 2026-04-11<br/>ZIP: 20002",
                "COL5E3428810B38E742": "1",
                "COL5E3428810B09F441": "20002"
            },
            "id": "5E34287FF70002BC"
        },
        {
            "type": "Feature",
            "geometry": {
                "type": "Point",
                "coordinates": [
                    -76.9531792,
                    38.8896627,
                    0
                ]
            },
            "properties": {
                "name": "1 call — MINNESOTA AVE SE & E CAPITOL ST SE · 20019",
                "styleUrl": "#__managed_style_074E3397174194EF9201",
                "styleMapHash": {
                    "normal": "#__managed_style_074E3397174194EF9201_normal",
                    "highlight": "#__managed_style_074E3397174194EF9201_highlight"
                },
                "description": "<b>MINNESOTA AVE SE &amp; E CAPITOL ST SE, WASHINGTON, DC, 20019</b><br/>Calls at this matched location: <b>1</b><br/>Call dates: 2026-07-17<br/>ZIP: 20019",
                "COL5E3428810B38E742": "1",
                "COL5E3428810B09F441": "20019"
            },
            "id": "5E34287FF70002BD"
        },
        {
            "type": "Feature",
            "geometry": {
                "type": "Point",
                "coordinates": [
                    -77.0089162,
                    38.9105337,
                    0
                ]
            },
            "properties": {
                "name": "1 call — N CAPITOL ST NE & FLORIDA AVE NE · 20002",
                "styleUrl": "#__managed_style_074E3397174194EF9201",
                "styleMapHash": {
                    "normal": "#__managed_style_074E3397174194EF9201_normal",
                    "highlight": "#__managed_style_074E3397174194EF9201_highlight"
                },
                "description": "<b>N CAPITOL ST NE &amp; FLORIDA AVE NE, WASHINGTON, DC, 20002</b><br/>Calls at this matched location: <b>1</b><br/>Call dates: 2026-08-07<br/>ZIP: 20002",
                "COL5E3428810B38E742": "1",
                "COL5E3428810B09F441": "20002"
            },
            "id": "5E34287FF70002BE"
        },
        {
            "type": "Feature",
            "geometry": {
                "type": "Point",
                "coordinates": [
                    -76.9274617,
                    38.8983522,
                    0
                ]
            },
            "properties": {
                "name": "1 call — NANNIE HELEN BURROUGHS AVE NE & 51ST ST NE · 20019",
                "styleUrl": "#__managed_style_074E3397174194EF9201",
                "styleMapHash": {
                    "normal": "#__managed_style_074E3397174194EF9201_normal",
                    "highlight": "#__managed_style_074E3397174194EF9201_highlight"
                },
                "description": "<b>NANNIE HELEN BURROUGHS AVE NE &amp; 51ST ST NE, WASHINGTON, DC, 20019</b><br/>Calls at this matched location: <b>1</b><br/>Call dates: 2026-04-13<br/>ZIP: 20019",
                "COL5E3428810B38E742": "1",
                "COL5E3428810B09F441": "20019"
            },
            "id": "5E34287FF70002BF"
        },
        {
            "type": "Feature",
            "geometry": {
                "type": "Point",
                "coordinates": [
                    -77.0489617,
                    38.9160822,
                    0
                ]
            },
            "properties": {
                "name": "1 call — PHELPS PL NW & CALIFORNIA ST NW · 20008",
                "styleUrl": "#__managed_style_074E3397174194EF9201",
                "styleMapHash": {
                    "normal": "#__managed_style_074E3397174194EF9201_normal",
                    "highlight": "#__managed_style_074E3397174194EF9201_highlight"
                },
                "description": "<b>PHELPS PL NW &amp; CALIFORNIA ST NW, WASHINGTON, DC, 20008</b><br/>Calls at this matched location: <b>1</b><br/>Call dates: 2026-08-12<br/>ZIP: 20008",
                "COL5E3428810B38E742": "1",
                "COL5E3428810B09F441": "20008"
            },
            "id": "5E34287FF70002C0"
        },
        {
            "type": "Feature",
            "geometry": {
                "type": "Point",
                "coordinates": [
                    -76.9988362,
                    38.9541882,
                    0
                ]
            },
            "properties": {
                "name": "1 call — SOUTH DAKOTA AVE NE & INGRAHAM ST NE · 20011",
                "styleUrl": "#__managed_style_074E3397174194EF9201",
                "styleMapHash": {
                    "normal": "#__managed_style_074E3397174194EF9201_normal",
                    "highlight": "#__managed_style_074E3397174194EF9201_highlight"
                },
                "description": "<b>SOUTH DAKOTA AVE NE &amp; INGRAHAM ST NE, WASHINGTON, DC, 20011</b><br/>Calls at this matched location: <b>1</b><br/>Call dates: 2026-05-19<br/>ZIP: 20011",
                "COL5E3428810B38E742": "1",
                "COL5E3428810B09F441": "20011"
            },
            "id": "5E34287FF70002C1"
        },
        {
            "type": "Feature",
            "geometry": {
                "type": "Point",
                "coordinates": [
                    -76.9867852,
                    38.9024562,
                    0
                ]
            },
            "properties": {
                "name": "1 call — TRINIDAD AVE NE & MORSE ST NE · 20002",
                "styleUrl": "#__managed_style_074E3397174194EF9201",
                "styleMapHash": {
                    "normal": "#__managed_style_074E3397174194EF9201_normal",
                    "highlight": "#__managed_style_074E3397174194EF9201_highlight"
                },
                "description": "<b>TRINIDAD AVE NE &amp; MORSE ST NE, WASHINGTON, DC, 20002</b><br/>Calls at this matched location: <b>1</b><br/>Call dates: 2026-06-08<br/>ZIP: 20002",
                "COL5E3428810B38E742": "1",
                "COL5E3428810B09F441": "20002"
            },
            "id": "5E34287FF70002C2"
        }
    ]
}